{
  "behavioral_states": {
    "n_states": 2,
    "states": {
      "state_0": {
        "occurrence_rate": 0.7298841453737502,
        "total_frames": 4599,
        "total_duration_sec": 153.3,
        "n_bouts": 61,
        "mean_bout_duration_sec": 2.5131147540983605,
        "median_bout_duration_sec": 0.1,
        "max_bout_duration_sec": 114.33333333333333,
        "feature_profile": {
          "speed_kp0": {
            "mean": 25.69261450209132,
            "std": 39.58744883447899,
            "median": 15.427213300303096
          },
          "speed_kp1": {
            "mean": 35.8105509038453,
            "std": 54.274778751212814,
            "median": 16.547844818125725
          },
          "speed_kp2": {
            "mean": 303.0975950547948,
            "std": 393.6720374842895,
            "median": 83.98716641960547
          },
          "speed_kp3": {
            "mean": 22.854680245257303,
            "std": 29.504030132170993,
            "median": 14.203656907957086
          },
          "speed_kp4": {
            "mean": 156.63949478499842,
            "std": 194.67154416897574,
            "median": 55.54667600512084
          },
          "speed_kp5": {
            "mean": 86.2749363590491,
            "std": 147.34495409878764,
            "median": 29.403496746759032
          },
          "speed_kp6": {
            "mean": 25.14361666641009,
            "std": 88.43545050286727,
            "median": 12.101580589218111
          },
          "speed_kp7": {
            "mean": 180.6633832675151,
            "std": 289.1306048638528,
            "median": 35.189500058405606
          },
          "dist_pair0": {
            "mean": 26.768082276303705,
            "std": 6.792280633319049,
            "median": 28.27797686943402
          },
          "dist_pair1": {
            "mean": 48.196139701064425,
            "std": 38.066168669847,
            "median": 32.23811660561144
          },
          "dist_pair2": {
            "mean": 54.276336762890445,
            "std": 4.762004562977011,
            "median": 55.597023606087596
          },
          "dist_pair3": {
            "mean": 60.214522550862846,
            "std": 6.874743673454947,
            "median": 58.74180338145201
          },
          "dist_pair4": {
            "mean": 58.74298585287191,
            "std": 10.928726614274435,
            "median": 55.990050535360965
          },
          "dist_pair5": {
            "mean": 101.31060173803293,
            "std": 8.04360262506812,
            "median": 104.03410414473959
          },
          "dist_pair6": {
            "mean": 155.115545809427,
            "std": 19.56289526141338,
            "median": 159.5647246314526
          },
          "dist_pair7": {
            "mean": 47.422193877123235,
            "std": 34.93679843805558,
            "median": 29.19914996676947
          },
          "dist_pair8": {
            "mean": 50.94244581844336,
            "std": 4.645041219722498,
            "median": 51.91710095474301
          },
          "dist_pair9": {
            "mean": 53.424589334374325,
            "std": 11.387959700711084,
            "median": 49.87970691214453
          },
          "dist_pair10": {
            "mean": 65.07762508133476,
            "std": 7.470802033630059,
            "median": 66.84251159427679
          },
          "dist_pair11": {
            "mean": 99.9335357114695,
            "std": 10.477674492213614,
            "median": 103.6506980529347
          },
          "dist_pair12": {
            "mean": 160.58310734332986,
            "std": 24.65081374685329,
            "median": 169.7917370473655
          },
          "dist_pair13": {
            "mean": 92.64404869986078,
            "std": 38.330599745986426,
            "median": 76.31202398589492
          },
          "dist_pair14": {
            "mean": 94.07031376106048,
            "std": 34.091247422241985,
            "median": 84.14318551246485
          },
          "dist_pair15": {
            "mean": 102.30794085447877,
            "std": 37.46870568156446,
            "median": 90.23593705760393
          },
          "dist_pair16": {
            "mean": 141.5893195951191,
            "std": 40.97557337515565,
            "median": 129.69360735190213
          },
          "dist_pair17": {
            "mean": 198.80025825036265,
            "std": 49.36792748430498,
            "median": 191.27303805891805
          },
          "dist_pair18": {
            "mean": 21.08357951645691,
            "std": 8.42954946567399,
            "median": 23.002685254761193
          },
          "dist_pair19": {
            "mean": 30.05930620253043,
            "std": 5.672882016930118,
            "median": 30.558747060499208
          },
          "dist_pair20": {
            "mean": 50.388051051496895,
            "std": 7.6622334274318336,
            "median": 51.49545056529179
          },
          "dist_pair21": {
            "mean": 115.32656134434991,
            "std": 20.69329410735317,
            "median": 122.11106421000893
          },
          "dist_pair22": {
            "mean": 39.575748407435064,
            "std": 17.220125933103127,
            "median": 47.13562636680542
          },
          "dist_pair23": {
            "mean": 55.77395982414256,
            "std": 12.055819973618096,
            "median": 57.1496334181458
          },
          "dist_pair24": {
            "mean": 121.49691997878861,
            "std": 27.193418898356988,
            "median": 127.08333442988788
          },
          "dist_pair25": {
            "mean": 50.656284388835246,
            "std": 12.417316536867341,
            "median": 53.47212025751426
          },
          "dist_pair26": {
            "mean": 101.55678657958495,
            "std": 19.158631598006,
            "median": 106.27906683417031
          },
          "dist_pair27": {
            "mean": 74.80523612980515,
            "std": 20.727475833302805,
            "median": 81.2560841004487
          },
          "centroid_speed": {
            "mean": 68.60931074100577,
            "std": 53.53808457404037,
            "median": 58.86566254565239
          },
          "body_orientation": {
            "mean": -1.6373092568763619,
            "std": 0.14825040356291908,
            "median": -1.6020200164114489
          },
          "elongation": {
            "mean": 3.5424034051193685,
            "std": 0.8660549856103479,
            "median": 3.415141218089283
          },
          "angular_velocity": {
            "mean": -0.020887211549332402,
            "std": 2.331793108139231,
            "median": -0.0007658480320849037
          },
          "movement_entropy": {
            "mean": 0.07566240095323676,
            "std": 0.0389411954022254,
            "median": 0.06458991401810034
          },
          "speed_mean_window": {
            "mean": 105.37229946569926,
            "std": 40.73988379053421,
            "median": 101.09646744887948
          },
          "speed_std_window": {
            "mean": 208.31530315021988,
            "std": 76.5511805108639,
            "median": 201.2743532686083
          },
          "speed_max_window": {
            "mean": 1218.063722713445,
            "std": 536.4025861499405,
            "median": 1240.4871155320764
          },
          "speed_p90_window": {
            "mean": 337.91632259768693,
            "std": 169.23255568516444,
            "median": 356.31289463274067
          },
          "dist_mean_window": {
            "mean": 81.29456348787757,
            "std": 11.03544362946787,
            "median": 82.64316254592742
          },
          "dist_std_window": {
            "mean": 47.743800527870555,
            "std": 7.160141258882656,
            "median": 48.803085149631976
          },
          "angular_vel_mean_window": {
            "mean": 1.303415913579728,
            "std": 0.9676680372342776,