state,occurrence_rate,total_duration_sec,n_bouts,mean_bout_duration_sec
state_0,0.7298841453737502,153.3,61,2.5131147540983605
state_1,0.2701158546262498,56.733333333333334,62,0.9150537634408603
