,State_0,State_1
State_0,0.9867362470102196,0.013263752989780386
State_1,0.035861258083480306,0.9641387419165197
