{
  "behavioral_states": {
    "n_states": 2,
    "states": {
      "state_0": {
        "occurrence_rate": 0.84325728065294,
        "total_frames": 4546,
        "total_duration_sec": 151.53333333333333,
        "n_bouts": 27,
        "mean_bout_duration_sec": 5.612345679012346,
        "median_bout_duration_sec": 0.2,
        "max_bout_duration_sec": 39.8,
        "feature_profile": {
          "speed_kp0": {
            "mean": 21.742552739557883,
            "std": 38.879307384461136,
            "median": 8.992941372936553
          },
          "speed_kp1": {
            "mean": 30.452776123346034,
            "std": 65.81088161041956,
            "median": 10.209073792607125
          },
          "speed_kp2": {
            "mean": 69.5168972614599,
            "std": 187.36170973752306,
            "median": 11.632096190742748
          },
          "speed_kp3": {
            "mean": 14.952205219170747,
            "std": 24.541633885031622,
            "median": 6.841133729218239
          },
          "speed_kp4": {
            "mean": 21.364575175464363,
            "std": 62.99727368391737,
            "median": 7.3848833934170965
          },
          "speed_kp5": {
            "mean": 19.27550858063706,
            "std": 56.40204599706564,
            "median": 7.813348523829003
          },
          "speed_kp6": {
            "mean": 23.479796984343924,
            "std": 95.76741553956664,
            "median": 3.5110406372547103
          },
          "speed_kp7": {
            "mean": 8.45108056302553,
            "std": 89.53353220147609,
            "median": 0.33250564174199887
          },
          "dist_pair0": {
            "mean": 29.157873469223347,
            "std": 4.346016121637689,
            "median": 29.435671588868686
          },
          "dist_pair1": {
            "mean": 33.89154722321221,
            "std": 15.929627726971479,
            "median": 30.757164609067217
          },
          "dist_pair2": {
            "mean": 27.925491673356245,
            "std": 4.273661249910244,
            "median": 27.518218633432667
          },
          "dist_pair3": {
            "mean": 52.390838654610825,
            "std": 8.379505285061331,
            "median": 53.86532842702265
          },
          "dist_pair4": {
            "mean": 68.65245117317043,
            "std": 6.8816509147680405,
            "median": 68.60319408246262
          },
          "dist_pair5": {
            "mean": 82.8960978748693,
            "std": 9.985808593571733,
            "median": 84.35697632554951
          },
          "dist_pair6": {
            "mean": 229.8637468293688,
            "std": 16.342149643898935,
            "median": 226.46210870701248
          },
          "dist_pair7": {
            "mean": 35.16999942257234,
            "std": 14.136150385081365,
            "median": 32.06610637161794
          },
          "dist_pair8": {
            "mean": 29.550124520039653,
            "std": 3.638037099148005,
            "median": 28.966770307255153
          },
          "dist_pair9": {
            "mean": 69.4501796296143,
            "std": 5.391494655137953,
            "median": 69.59948514484347
          },
          "dist_pair10": {
            "mean": 59.03344345751017,
            "std": 6.802934070447217,
            "median": 58.95905631551891
          },
          "dist_pair11": {
            "mean": 86.60505152317457,
            "std": 7.217666237137621,
            "median": 86.9810737349924
          },
          "dist_pair12": {
            "mean": 240.39288759842893,
            "std": 20.67070225951998,
            "median": 229.81040091232398
          },
          "dist_pair13": {
            "mean": 52.24566408526132,
            "std": 10.847578302354579,
            "median": 51.27667694858194
          },
          "dist_pair14": {
            "mean": 80.7932897346328,
            "std": 9.059969761559598,
            "median": 81.3330421955329
          },
          "dist_pair15": {
            "mean": 86.45588391289753,
            "std": 15.692887357533609,
            "median": 88.55421256991079
          },
          "dist_pair16": {
            "mean": 105.94699925261448,
            "std": 20.99766706670592,
            "median": 109.67926312552405
          },
          "dist_pair17": {
            "mean": 252.5002172295792,
            "std": 24.212060352660487,
            "median": 247.1414895859371
          },
          "dist_pair18": {
            "mean": 42.2209125698189,
            "std": 3.1044095449426794,
            "median": 42.33068624623168
          },
          "dist_pair19": {
            "mean": 41.38163572052939,
            "std": 4.224939067582935,
            "median": 41.176037778952455
          },
          "dist_pair20": {
            "mean": 59.65201917232937,
            "std": 6.316667122874153,
            "median": 59.356806620457164
          },
          "dist_pair21": {
            "mean": 213.49933824471327,
            "std": 19.186392677222873,
            "median": 203.38930539512035
          },
          "dist_pair22": {
            "mean": 59.17888611547307,
            "std": 6.505927231711364,
            "median": 59.648566839434494
          },
          "dist_pair23": {
            "mean": 44.315552638105764,
            "std": 9.358367371650713,
            "median": 42.49205665305945
          },
          "dist_pair24": {
            "mean": 180.44131243183176,
            "std": 16.620784535796886,
            "median": 175.12376250422483
          },
          "dist_pair25": {
            "mean": 41.80126757858833,
            "std": 4.785094441554028,
            "median": 42.36541291194144
          },
          "dist_pair26": {
            "mean": 196.08281097129554,
            "std": 29.88334887336231,
            "median": 177.43068723194222
          },
          "dist_pair27": {
            "mean": 160.64729616423116,
            "std": 27.649682471977822,
            "median": 143.25786728311658
          },
          "centroid_speed": {
            "mean": 17.42669160856003,
            "std": 31.368916058708127,
            "median": 5.395354903651014
          },
          "body_orientation": {
            "mean": 0.176913780531992,
            "std": 0.19081770248565105,
            "median": 0.09062770956350417
          },
          "elongation": {
            "mean": 3.793779410207294,
            "std": 0.6482547643555022,
            "median": 4.0446559892469205
          },
          "angular_velocity": {
            "mean": 0.0030991915430402966,
            "std": 0.26239597933359593,
            "median": 0.0002711086745674218
          },
          "movement_entropy": {
            "mean": 0.5578221438572382,
            "std": 0.5144588098931601,
            "median": 0.3895487149507106
          },
          "speed_mean_window": {
            "mean": 26.023485606880577,
            "std": 30.405856100361994,
            "median": 12.257425973701679
          },
          "speed_std_window": {
            "mean": 51.17125655036604,
            "std": 70.66365077471822,
            "median": 19.052255795528577
          },
          "speed_max_window": {
            "mean": 366.6758587873903,
            "std": 495.7923906273143,
            "median": 135.38404158815595
          },
          "speed_p90_window": {
            "mean": 55.263479939216126,
            "std": 76.08531003105391,
            "median": 24.614590913091547
          },
          "dist_mean_window": {
            "mean": 95.10883586244643,
            "std": 5.063421179965244,
            "median": 93.19430715696538
          },
          "dist_std_window": {
            "mean": 71.59971904085101,
            "std": 7.633469338312798,
            "median": 67.62787587629165
          },
          "angular_vel_mean_window": {
            "mean": 0.12598974113738,
            "std": 0.18011260436796248,