state,occurrence_rate,total_duration_sec,n_bouts,mean_bout_duration_sec
state_0,0.84325728065294,151.53333333333333,27,5.612345679012346
state_1,0.1567427193470599,28.166666666666668,26,1.0833333333333333
