,State_0,State_1
State_0,0.9942794279427942,0.00572057205720572
State_1,0.03076923076923077,0.9692307692307692
