{
  "behavioral_states": {
    "n_states": 2,
    "states": {
      "state_0": {
        "occurrence_rate": 0.2619387593209583,
        "total_frames": 1651,
        "total_duration_sec": 55.03333333333333,
        "n_bouts": 67,
        "mean_bout_duration_sec": 0.8213930348258707,
        "median_bout_duration_sec": 0.26666666666666666,
        "max_bout_duration_sec": 19.666666666666668,
        "feature_profile": {
          "speed_kp0": {
            "mean": 40.44417390123424,
            "std": 69.03503262020092,
            "median": 15.79033906484954
          },
          "speed_kp1": {
            "mean": 39.00187146379266,
            "std": 99.12993765329865,
            "median": 13.428396044738289
          },
          "speed_kp2": {
            "mean": 103.92313749264908,
            "std": 335.30427070927067,
            "median": 27.872699272996147
          },
          "speed_kp3": {
            "mean": 22.983818399672955,
            "std": 50.470049509083864,
            "median": 6.3521936703222
          },
          "speed_kp4": {
            "mean": 47.966450071166705,
            "std": 118.84973821480563,
            "median": 8.942407566877916
          },
          "speed_kp5": {
            "mean": 67.42814298980097,
            "std": 184.85328987871938,
            "median": 5.012935423088575
          },
          "speed_kp6": {
            "mean": 29.91473499700688,
            "std": 102.01492247173297,
            "median": 3.1715189320438277
          },
          "speed_kp7": {
            "mean": 495.55762186134274,
            "std": 855.1815502536796,
            "median": 3.8101628153020513
          },
          "dist_pair0": {
            "mean": 31.004598948001448,
            "std": 6.427996125006811,
            "median": 31.107852059229554
          },
          "dist_pair1": {
            "mean": 24.756226950374916,
            "std": 18.2261337438044,
            "median": 22.728902219962645
          },
          "dist_pair2": {
            "mean": 49.03875390158722,
            "std": 8.891687938866678,
            "median": 45.29563618720587
          },
          "dist_pair3": {
            "mean": 77.18914776778387,
            "std": 11.223244687569094,
            "median": 78.23367154693268
          },
          "dist_pair4": {
            "mean": 80.26262331006512,
            "std": 14.827921305330255,
            "median": 80.32820268417615
          },
          "dist_pair5": {
            "mean": 102.62909668266232,
            "std": 10.285958442400549,
            "median": 102.55608962759004
          },
          "dist_pair6": {
            "mean": 278.89542922574645,
            "std": 46.31104455336407,
            "median": 298.5646466599203
          },
          "dist_pair7": {
            "mean": 28.42373899767855,
            "std": 20.76689782838908,
            "median": 24.984725512096183
          },
          "dist_pair8": {
            "mean": 47.659749153913985,
            "std": 5.663852448354202,
            "median": 47.77238669049447
          },
          "dist_pair9": {
            "mean": 83.70340425098988,
            "std": 9.505163686158166,
            "median": 85.99275668923578
          },
          "dist_pair10": {
            "mean": 77.90355885198215,
            "std": 20.221393430128558,
            "median": 88.21028293030874
          },
          "dist_pair11": {
            "mean": 97.37743131135201,
            "std": 9.085396632353504,
            "median": 96.23176041845998
          },
          "dist_pair12": {
            "mean": 266.59242408478883,
            "std": 52.432657710573636,
            "median": 272.41800985623274
          },
          "dist_pair13": {
            "mean": 63.52519073649146,
            "std": 17.2005817247657,
            "median": 60.96168261058495
          },
          "dist_pair14": {
            "mean": 95.19569101508881,
            "std": 17.125343156990066,
            "median": 94.80579433080999
          },
          "dist_pair15": {
            "mean": 93.8392668329359,
            "std": 22.033494954576604,
            "median": 97.72105312665038
          },
          "dist_pair16": {
            "mean": 116.70615304922094,
            "std": 16.48832744957889,
            "median": 113.50185986530734
          },
          "dist_pair17": {
            "mean": 282.48364640775173,
            "std": 52.9784012925079,
            "median": 294.27493026836385
          },
          "dist_pair18": {
            "mean": 39.38065572594757,
            "std": 5.64533155663553,
            "median": 40.00023425942994
          },
          "dist_pair19": {
            "mean": 44.18727899158625,
            "std": 8.126253467794816,
            "median": 45.2726370199718
          },
          "dist_pair20": {
            "mean": 56.80437429604027,
            "std": 7.342616268062169,
            "median": 57.44719513247555
          },
          "dist_pair21": {
            "mean": 265.3012884632008,
            "std": 50.13212712430583,
            "median": 281.99047026265924
          },
          "dist_pair22": {
            "mean": 36.23311323286848,
            "std": 27.67251537573346,
            "median": 26.42388941419165
          },
          "dist_pair23": {
            "mean": 45.91418494543939,
            "std": 13.499073389490134,
            "median": 48.14905384581225
          },
          "dist_pair24": {
            "mean": 269.1208259352082,
            "std": 51.97487626513397,
            "median": 275.63060663371857
          },
          "dist_pair25": {
            "mean": 48.90823647574966,
            "std": 21.862184415645956,
            "median": 53.69427777369667
          },
          "dist_pair26": {
            "mean": 265.85008911364275,
            "std": 56.64246049726417,
            "median": 280.53640735164527
          },
          "dist_pair27": {
            "mean": 241.1413531525214,
            "std": 55.001222455343886,
            "median": 258.9169592811141
          },
          "centroid_speed": {
            "mean": 85.57683637022221,
            "std": 112.7148275854796,
            "median": 29.828887533228343
          },
          "body_orientation": {
            "mean": -1.5012427765644039,
            "std": 0.5180961070455021,
            "median": -1.626875045878865
          },
          "elongation": {
            "mean": 2.6549039267430765,
            "std": 0.5969419836639627,
            "median": 2.6641499890894185
          },
          "angular_velocity": {
            "mean": -0.8770257187293259,
            "std": 10.996287923799985,
            "median": -0.004886729584745453
          },
          "movement_entropy": {
            "mean": 0.09172193528160236,
            "std": 0.1583237220138542,
            "median": 0.0366876140190974
          },
          "speed_mean_window": {
            "mean": 97.4403321785733,
            "std": 71.4268070305444,
            "median": 83.2700394531373
          },
          "speed_std_window": {
            "mean": 298.41043896327665,
            "std": 178.2138874109619,
            "median": 305.5730146620865
          },
          "speed_max_window": {
            "mean": 2129.80632035624,
            "std": 1181.0266246797955,
            "median": 2229.017951003727
          },
          "speed_p90_window": {
            "mean": 160.1451328052131,
            "std": 169.92303045728013,
            "median": 91.67029357391843
          },
          "dist_mean_window": {
            "mean": 111.09938378440218,
            "std": 11.10227635837494,
            "median": 114.33008719946234
          },
          "dist_std_window": {
            "mean": 90.48533646676451,
            "std": 16.392027914249212,
            "median": 94.3705160018652
          },
          "angular_vel_mean_window": {
            "mean": 3.622014806617901,
            "std": 4.686018054188747,