,State_0,State_1
State_0,0.9594185342216839,0.04058146577831617
State_1,0.014190496667383359,0.9858095033326166
