{
  "behavioral_states": {
    "n_states": 2,
    "states": {
      "state_0": {
        "occurrence_rate": 0.43341988130563797,
        "total_frames": 2337,
        "total_duration_sec": 77.9,
        "n_bouts": 157,
        "mean_bout_duration_sec": 0.4961783439490446,
        "median_bout_duration_sec": 0.1,
        "max_bout_duration_sec": 19.166666666666668,
        "feature_profile": {
          "speed_kp0": {
            "mean": 648.7088567458896,
            "std": 575.4846901027902,
            "median": 531.033660922127
          },
          "speed_kp1": {
            "mean": 284.17541008014905,
            "std": 416.26774390959486,
            "median": 67.86069685144493
          },
          "speed_kp2": {
            "mean": 480.5537022071885,
            "std": 527.8601666838497,
            "median": 219.00508638681472
          },
          "speed_kp3": {
            "mean": 513.0290435746855,
            "std": 558.5772754527873,
            "median": 326.6521980973804
          },
          "speed_kp4": {
            "mean": 526.7141388947935,
            "std": 664.8090404505498,
            "median": 296.2612998865311
          },
          "speed_kp5": {
            "mean": 432.70678128001833,
            "std": 655.763431416215,
            "median": 160.18352996680426
          },
          "speed_kp6": {
            "mean": 430.41867262055564,
            "std": 544.754402297726,
            "median": 175.07244866358627
          },
          "speed_kp7": {
            "mean": 208.31732137015854,
            "std": 437.0611600823381,
            "median": 6.482704257993104
          },
          "dist_pair0": {
            "mean": 55.964398380986886,
            "std": 44.651882182238076,
            "median": 39.687486000296104
          },
          "dist_pair1": {
            "mean": 48.21373511629715,
            "std": 39.19267070637571,
            "median": 34.37574564258272
          },
          "dist_pair2": {
            "mean": 86.44820340257318,
            "std": 53.62156627206105,
            "median": 69.64920825062995
          },
          "dist_pair3": {
            "mean": 126.00190815407899,
            "std": 55.25413697781413,
            "median": 125.64570068803648
          },
          "dist_pair4": {
            "mean": 121.52635676892686,
            "std": 67.14862364707943,
            "median": 121.78993553947942
          },
          "dist_pair5": {
            "mean": 90.7623897280086,
            "std": 55.69681583050262,
            "median": 81.10334903213543
          },
          "dist_pair6": {
            "mean": 151.1644981139122,
            "std": 43.40291379925756,
            "median": 156.62545402001552
          },
          "dist_pair7": {
            "mean": 65.13951284224098,
            "std": 51.47197056407015,
            "median": 53.15559500116488
          },
          "dist_pair8": {
            "mean": 93.2854090826463,
            "std": 57.60400507220342,
            "median": 82.4739211761552
          },
          "dist_pair9": {
            "mean": 142.14342686173097,
            "std": 58.36862394170932,
            "median": 158.72417509215927
          },
          "dist_pair10": {
            "mean": 100.23052091257395,
            "std": 74.19067269273812,
            "median": 81.75274601767751
          },
          "dist_pair11": {
            "mean": 99.15533345037318,
            "std": 44.510373205054705,
            "median": 101.5808333801335
          },
          "dist_pair12": {
            "mean": 137.81443323900774,
            "std": 41.722197514709734,
            "median": 157.167358007521
          },
          "dist_pair13": {
            "mean": 87.08607029684957,
            "std": 54.31982919733443,
            "median": 69.1355353617718
          },
          "dist_pair14": {
            "mean": 120.2599826986958,
            "std": 56.89180063823759,
            "median": 113.40292077281549
          },
          "dist_pair15": {
            "mean": 135.2071000592251,
            "std": 61.63452408354352,
            "median": 146.58830870515848
          },
          "dist_pair16": {
            "mean": 86.06639671415152,
            "std": 60.0434451356649,
            "median": 80.31666272829534
          },
          "dist_pair17": {
            "mean": 159.84320851647846,
            "std": 44.269442351021915,
            "median": 166.5270098627808
          },
          "dist_pair18": {
            "mean": 83.41105025579546,
            "std": 53.190570572154364,
            "median": 71.54818611418614
          },
          "dist_pair19": {
            "mean": 140.75913099556755,
            "std": 86.22477318309497,
            "median": 127.72941877804938
          },
          "dist_pair20": {
            "mean": 76.33239833054658,
            "std": 49.72739873174085,
            "median": 63.337972460619255
          },
          "dist_pair21": {
            "mean": 149.52769928348036,
            "std": 46.61156781703072,
            "median": 168.42568896606537
          },
          "dist_pair22": {
            "mean": 184.48498004236075,
            "std": 87.27820978562619,
            "median": 194.39116726860667
          },
          "dist_pair23": {
            "mean": 94.062395197619,
            "std": 50.27145429662007,
            "median": 88.6440771183384
          },
          "dist_pair24": {
            "mean": 174.08592888760455,
            "std": 47.09286311321088,
            "median": 202.2799216099136
          },
          "dist_pair25": {
            "mean": 161.4420160754964,
            "std": 87.58808771180588,
            "median": 163.56857416159252
          },
          "dist_pair26": {
            "mean": 121.8129422451014,
            "std": 53.57098891546838,
            "median": 114.41801255349773
          },
          "dist_pair27": {
            "mean": 165.40302247490004,
            "std": 47.14021015960039,
            "median": 177.29285912037693
          },
          "centroid_speed": {
            "mean": 229.3892088266541,
            "std": 162.3563104021601,
            "median": 191.4654988896422
          },
          "body_orientation": {
            "mean": -0.5543452299650226,
            "std": 0.3795340088642209,
            "median": -0.5195283623885768
          },
          "elongation": {
            "mean": 1.7580844347712468,
            "std": 0.610190549679738,
            "median": 1.6135404552352373
          },
          "angular_velocity": {
            "mean": 0.11155977836142761,
            "std": 11.482387087745806,
            "median": 0.03190616101287903
          },
          "movement_entropy": {
            "mean": 0.04215363514336093,
            "std": 0.010391190721554951,
            "median": 0.043796342705392864
          },
          "speed_mean_window": {
            "mean": 435.4626975564995,
            "std": 130.17713810398428,
            "median": 413.0467889242253
          },
          "speed_std_window": {
            "mean": 533.5982487941864,
            "std": 141.87312611517572,
            "median": 501.6277696460895
          },
          "speed_max_window": {
            "mean": 2541.850839684105,
            "std": 847.2542969271548,
            "median": 2252.7892922252727
          },
          "speed_p90_window": {
            "mean": 1203.1121603577085,
            "std": 320.18538354399584,
            "median": 1142.3289076022156
          },
          "dist_mean_window": {
            "mean": 117.34402323458646,
            "std": 22.011363627015392,
            "median": 113.88317190515814
          },
          "dist_std_window": {
            "mean": 65.44054842337133,
            "std": 11.861185621391884,
            "median": 64.36611298655812
          },
          "angular_vel_mean_window": {
            "mean": 5.3777313723557825,
            "std": 4.901656989286605,