state,occurrence_rate,total_duration_sec,n_bouts,mean_bout_duration_sec
state_0,0.43341988130563797,77.9,157,0.4961783439490446
state_1,0.566580118694362,101.83333333333333,156,0.6527777777777778
