,State_0,State_1
State_0,0.9332191780821918,0.06678082191780822
State_1,0.05106382978723404,0.948936170212766
