,State_0,State_1,State_2
State_0,0.9187214611872146,0.057534246575342465,0.023744292237442923
State_1,0.0193006993006993,0.9711888111888112,0.00951048951048951
State_2,0.027777777777777776,0.05555555555555555,0.9166666666666666
