{
  "behavioral_states": {
    "n_states": 2,
    "states": {
      "state_0": {
        "occurrence_rate": 0.4780189204229271,
        "total_frames": 2577,
        "total_duration_sec": 85.9,
        "n_bouts": 85,
        "mean_bout_duration_sec": 1.0105882352941176,
        "median_bout_duration_sec": 0.1,
        "max_bout_duration_sec": 12.866666666666667,
        "feature_profile": {
          "speed_kp0": {
            "mean": 43.67148564778761,
            "std": 52.78467016361144,
            "median": 26.641500421027576
          },
          "speed_kp1": {
            "mean": 54.50235752740796,
            "std": 77.76964289151431,
            "median": 28.466614781804537
          },
          "speed_kp2": {
            "mean": 71.50551887640489,
            "std": 118.62188352095114,
            "median": 38.23872195096775
          },
          "speed_kp3": {
            "mean": 37.06413999263644,
            "std": 72.06249553581738,
            "median": 19.603859620062032
          },
          "speed_kp4": {
            "mean": 113.81307531313058,
            "std": 196.26022088908422,
            "median": 29.891775060212904
          },
          "speed_kp5": {
            "mean": 104.34169555049162,
            "std": 178.50891407307907,
            "median": 32.81804536250401
          },
          "speed_kp6": {
            "mean": 71.06474877946556,
            "std": 303.1352690869093,
            "median": 14.974008238349628
          },
          "speed_kp7": {
            "mean": 85.13468116656607,
            "std": 247.02217434834054,
            "median": 14.31326484875434
          },
          "dist_pair0": {
            "mean": 32.441920179678064,
            "std": 6.525288864656104,
            "median": 31.139066794578024
          },
          "dist_pair1": {
            "mean": 33.2447312058477,
            "std": 14.657289320316979,
            "median": 33.37935902778635
          },
          "dist_pair2": {
            "mean": 44.072822365794096,
            "std": 10.509499184314446,
            "median": 43.847406212991736
          },
          "dist_pair3": {
            "mean": 72.71566244228767,
            "std": 14.089242554462915,
            "median": 71.16527863151377
          },
          "dist_pair4": {
            "mean": 83.1143897722977,
            "std": 11.687157043816342,
            "median": 86.11748955405572
          },
          "dist_pair5": {
            "mean": 109.4570839969909,
            "std": 23.99318301278606,
            "median": 106.23239576343475
          },
          "dist_pair6": {
            "mean": 189.74692717498124,
            "std": 21.941674632702995,
            "median": 187.5552884645247
          },
          "dist_pair7": {
            "mean": 33.73867813547538,
            "std": 12.829629175431137,
            "median": 32.21989923420223
          },
          "dist_pair8": {
            "mean": 39.35161340162935,
            "std": 10.345355747960465,
            "median": 37.97985338947841
          },
          "dist_pair9": {
            "mean": 75.16238290539052,
            "std": 11.08622502634281,
            "median": 73.4971225719407
          },
          "dist_pair10": {
            "mean": 71.0848143116851,
            "std": 11.975665582005774,
            "median": 69.77253465597659
          },
          "dist_pair11": {
            "mean": 108.86514296241147,
            "std": 21.320315951023293,
            "median": 107.08510752645765
          },
          "dist_pair12": {
            "mean": 203.0709751883099,
            "std": 17.832727594205885,
            "median": 205.7981905233219
          },
          "dist_pair13": {
            "mean": 65.61104873632037,
            "std": 13.273066493055163,
            "median": 65.30658425695601
          },
          "dist_pair14": {
            "mean": 97.68409425689762,
            "std": 15.39011453079229,
            "median": 99.32047427851514
          },
          "dist_pair15": {
            "mean": 99.34069409965603,
            "std": 11.993064309929778,
            "median": 97.9929039908958
          },
          "dist_pair16": {
            "mean": 133.01319586003936,
            "std": 22.968202200585054,
            "median": 130.6138970206848
          },
          "dist_pair17": {
            "mean": 211.97875184365287,
            "std": 26.999891119464877,
            "median": 210.49914716941177
          },
          "dist_pair18": {
            "mean": 41.6515220341027,
            "std": 8.7297968226992,
            "median": 39.91538702334847
          },
          "dist_pair19": {
            "mean": 44.66607368864388,
            "std": 7.826325735253018,
            "median": 45.2953245670559
          },
          "dist_pair20": {
            "mean": 71.96196398595121,
            "std": 22.109834886480904,
            "median": 68.84783243883096
          },
          "dist_pair21": {
            "mean": 179.39321468439496,
            "std": 14.923272146271636,
            "median": 181.92389224487468
          },
          "dist_pair22": {
            "mean": 50.764497915988635,
            "std": 19.402129523909558,
            "median": 58.897551694412925
          },
          "dist_pair23": {
            "mean": 53.35128336220258,
            "std": 20.697464056689643,
            "median": 50.92404995078939
          },
          "dist_pair24": {
            "mean": 169.1196216708923,
            "std": 31.35268184837483,
            "median": 167.75198998455002
          },
          "dist_pair25": {
            "mean": 55.98994433800335,
            "std": 23.95813175365497,
            "median": 51.113736491731075
          },
          "dist_pair26": {
            "mean": 177.9251300634678,
            "std": 35.96831704415176,
            "median": 174.8029743077615
          },
          "dist_pair27": {
            "mean": 148.26018286110963,
            "std": 41.4402725924763,
            "median": 132.3660104587774
          },
          "centroid_speed": {
            "mean": 45.91663449453606,
            "std": 54.020664598993015,
            "median": 28.716890711729327
          },
          "body_orientation": {
            "mean": -0.6773540861180238,
            "std": 0.7207560257701111,
            "median": -0.43053662676398524
          },
          "elongation": {
            "mean": 2.2457425777974533,
            "std": 0.7484510553925053,
            "median": 1.9378961671671049
          },
          "angular_velocity": {
            "mean": 0.08371911727795249,
            "std": 4.737968506700211,
            "median": -0.004672546138083655
          },
          "movement_entropy": {
            "mean": 0.13922912289382752,
            "std": 0.1473607657822762,
            "median": 0.09468950310528945
          },
          "speed_mean_window": {
            "mean": 77.24083489535678,
            "std": 54.951473718793416,
            "median": 56.42587575411566
          },
          "speed_std_window": {
            "mean": 147.4282723964846,
            "std": 127.05844982213188,
            "median": 109.80420551021672
          },
          "speed_max_window": {
            "mean": 1043.221817589581,
            "std": 910.4515363637656,
            "median": 778.3111475143105
          },
          "speed_p90_window": {
            "mean": 166.25525077935583,
            "std": 146.1379856286217,
            "median": 109.11028204997997
          },
          "dist_mean_window": {
            "mean": 95.19108492462414,
            "std": 5.172176600622535,
            "median": 95.4445532401282
          },
          "dist_std_window": {
            "mean": 57.90395058421667,
            "std": 5.591765875788966,
            "median": 58.63518619772876
          },
          "angular_vel_mean_window": {
            "mean": 1.5001092549634785,
            "std": 2.529726121412412,