,State_0,State_1
State_0,0.967391304347826,0.03260869565217391
State_1,0.030206112295664535,0.9697938877043355
