{
  "behavioral_states": {
    "n_states": 2,
    "states": {
      "state_0": {
        "occurrence_rate": 0.5687835586002592,
        "total_frames": 3072,
        "total_duration_sec": 102.4,
        "n_bouts": 279,
        "mean_bout_duration_sec": 0.3670250896057348,
        "median_bout_duration_sec": 0.1,
        "max_bout_duration_sec": 12.0,
        "feature_profile": {
          "speed_kp0": {
            "mean": 464.56133735381155,
            "std": 658.0752666149607,
            "median": 173.10502336705238
          },
          "speed_kp1": {
            "mean": 552.6977270137172,
            "std": 659.8983618206616,
            "median": 277.92221577604084
          },
          "speed_kp2": {
            "mean": 171.94783333213954,
            "std": 413.98319865551093,
            "median": 25.659769663562994
          },
          "speed_kp3": {
            "mean": 160.4563902951269,
            "std": 262.43248812012877,
            "median": 62.442387320714154
          },
          "speed_kp4": {
            "mean": 919.3572715056013,
            "std": 758.8194256251852,
            "median": 806.8335312400023
          },
          "speed_kp5": {
            "mean": 781.450251351196,
            "std": 599.6387072374663,
            "median": 673.8309726845309
          },
          "speed_kp6": {
            "mean": 999.3886054021568,
            "std": 841.0696840627184,
            "median": 820.4191118964397
          },
          "speed_kp7": {
            "mean": 963.1285916264243,
            "std": 1115.8924674712753,
            "median": 517.6270043779591
          },
          "dist_pair0": {
            "mean": 68.6818479910786,
            "std": 54.66486203170302,
            "median": 52.03910330779087
          },
          "dist_pair1": {
            "mean": 80.34533822133595,
            "std": 70.09183877455536,
            "median": 47.89242775695777
          },
          "dist_pair2": {
            "mean": 95.3444773909467,
            "std": 56.058445626175576,
            "median": 81.31035044348866
          },
          "dist_pair3": {
            "mean": 127.35111502379705,
            "std": 56.27429929761259,
            "median": 122.85473430975674
          },
          "dist_pair4": {
            "mean": 129.23836221726918,
            "std": 48.76341344583108,
            "median": 132.28042460284843
          },
          "dist_pair5": {
            "mean": 135.0258418116027,
            "std": 54.69092738023609,
            "median": 134.72272813974047
          },
          "dist_pair6": {
            "mean": 148.25800057541275,
            "std": 52.1051246850052,
            "median": 145.864223631789
          },
          "dist_pair7": {
            "mean": 96.72198716169741,
            "std": 73.37192766325707,
            "median": 88.90266962530967
          },
          "dist_pair8": {
            "mean": 73.08074123619512,
            "std": 45.4730280326968,
            "median": 57.93106833735607
          },
          "dist_pair9": {
            "mean": 112.61836746939825,
            "std": 53.88735611599145,
            "median": 106.3962851722895
          },
          "dist_pair10": {
            "mean": 112.91672756313585,
            "std": 48.67548972291488,
            "median": 109.6342312462438
          },
          "dist_pair11": {
            "mean": 130.88575209255973,
            "std": 53.91237447627785,
            "median": 126.48652589429243
          },
          "dist_pair12": {
            "mean": 141.9801752002252,
            "std": 53.4966826510897,
            "median": 144.0747978962425
          },
          "dist_pair13": {
            "mean": 142.19172471422715,
            "std": 60.140255268655814,
            "median": 146.06297727088764
          },
          "dist_pair14": {
            "mean": 148.82841005675755,
            "std": 54.806372966725405,
            "median": 158.5309032676088
          },
          "dist_pair15": {
            "mean": 155.25900430298404,
            "std": 40.1233571125248,
            "median": 161.69647964483718
          },
          "dist_pair16": {
            "mean": 152.32236508472002,
            "std": 50.08928520895881,
            "median": 151.56846609387776
          },
          "dist_pair17": {
            "mean": 162.0923688357949,
            "std": 57.58058734990767,
            "median": 165.05084532325827
          },
          "dist_pair18": {
            "mean": 89.85572892582371,
            "std": 50.43144901908362,
            "median": 79.661421102112
          },
          "dist_pair19": {
            "mean": 84.55189262603201,
            "std": 42.10509328896776,
            "median": 78.42957903068887
          },
          "dist_pair20": {
            "mean": 110.2487915238031,
            "std": 47.865191613062336,
            "median": 105.99409997273011
          },
          "dist_pair21": {
            "mean": 130.11266679154232,
            "std": 44.31457802405287,
            "median": 133.7561215664862
          },
          "dist_pair22": {
            "mean": 89.60989956887151,
            "std": 47.566235355505825,
            "median": 84.95224669817733
          },
          "dist_pair23": {
            "mean": 91.21201878108582,
            "std": 50.689738945743535,
            "median": 84.53558421549906
          },
          "dist_pair24": {
            "mean": 126.45290120563702,
            "std": 56.257413517340055,
            "median": 122.75863081291837
          },
          "dist_pair25": {
            "mean": 86.93867079761326,
            "std": 47.878241525830184,
            "median": 81.09272447413161
          },
          "dist_pair26": {
            "mean": 104.04414054391528,
            "std": 50.8924426096491,
            "median": 98.53048114839919
          },
          "dist_pair27": {
            "mean": 117.64807019906222,
            "std": 58.2722921348609,
            "median": 111.53716036214044
          },
          "centroid_speed": {
            "mean": 306.5290684270187,
            "std": 185.26157618121903,
            "median": 277.5359002750112
          },
          "body_orientation": {
            "mean": -1.144191552616114,
            "std": 0.6116568098796313,
            "median": -1.1389234155177017
          },
          "elongation": {
            "mean": 1.924956721281288,
            "std": 0.8132680486803989,
            "median": 1.7178625982739364
          },
          "angular_velocity": {
            "mean": -0.33345048216784995,
            "std": 17.75202579145112,
            "median": -0.25148844359346556
          },
          "movement_entropy": {
            "mean": 0.02969084883940772,
            "std": 0.005250158553162957,
            "median": 0.029404500315272693
          },
          "speed_mean_window": {
            "mean": 621.2336260865263,
            "std": 146.13171472605995,
            "median": 628.4902507795848
          },
          "speed_std_window": {
            "mean": 743.5990049373145,
            "std": 117.65715519894141,
            "median": 744.7335427708924
          },
          "speed_max_window": {
            "mean": 3719.78921219632,
            "std": 751.5514065975623,
            "median": 3611.8970975566326
          },
          "speed_p90_window": {
            "mean": 1689.146724084578,
            "std": 315.5489040682385,
            "median": 1690.7953718842227
          },
          "dist_mean_window": {
            "mean": 119.12136656951527,
            "std": 9.275393216360124,
            "median": 119.23635740388532
          },
          "dist_std_window": {
            "mean": 60.909895797824525,
            "std": 5.387510767193119,
            "median": 60.594616028844264
          },
          "angular_vel_mean_window": {
            "mean": 10.395217210291595,
            "std": 5.506610891078623,