state,occurrence_rate,total_duration_sec,n_bouts,mean_bout_duration_sec
state_0,0.5687835586002592,102.4,279,0.3670250896057348
state_1,0.4312164413997408,77.63333333333334,280,0.27726190476190476
