,State_0,State_1
State_0,0.9091796875,0.0908203125
State_1,0.11984536082474227,0.8801546391752577
