{
  "behavioral_states": {
    "n_states": 2,
    "states": {
      "state_0": {
        "occurrence_rate": 0.78133925737861,
        "total_frames": 4924,
        "total_duration_sec": 164.13333333333333,
        "n_bouts": 61,
        "mean_bout_duration_sec": 2.6907103825136613,
        "median_bout_duration_sec": 0.13333333333333333,
        "max_bout_duration_sec": 63.36666666666667,
        "feature_profile": {
          "speed_kp0": {
            "mean": 60.310031590659456,
            "std": 90.59187070199252,
            "median": 32.33876875962689
          },
          "speed_kp1": {
            "mean": 50.025853061235914,
            "std": 70.16081358679497,
            "median": 28.477891651740606
          },
          "speed_kp2": {
            "mean": 90.51716703446138,
            "std": 182.7891522240492,
            "median": 44.31979997477046
          },
          "speed_kp3": {
            "mean": 33.44583356304748,
            "std": 45.78464406467479,
            "median": 19.363160600033225
          },
          "speed_kp4": {
            "mean": 74.9638966091901,
            "std": 142.15735703058266,
            "median": 24.06183473898435
          },
          "speed_kp5": {
            "mean": 73.33720784125074,
            "std": 143.9941119322933,
            "median": 21.207153493681346
          },
          "speed_kp6": {
            "mean": 73.78487741604097,
            "std": 153.17808716205897,
            "median": 20.69628162285749
          },
          "speed_kp7": {
            "mean": 34.384447061033605,
            "std": 214.39811261973898,
            "median": 3.4318708229568644
          },
          "dist_pair0": {
            "mean": 31.72280138536472,
            "std": 10.09112454949432,
            "median": 30.951655604099656
          },
          "dist_pair1": {
            "mean": 33.18358942456079,
            "std": 13.666626702161258,
            "median": 30.99459356855658
          },
          "dist_pair2": {
            "mean": 41.66114872015901,
            "std": 6.458465734810799,
            "median": 41.39766976999269
          },
          "dist_pair3": {
            "mean": 57.79081815052064,
            "std": 16.277223913726644,
            "median": 58.35612606324509
          },
          "dist_pair4": {
            "mean": 66.9379645694887,
            "std": 12.194785858578644,
            "median": 65.91027675038237
          },
          "dist_pair5": {
            "mean": 82.25873930201072,
            "std": 15.740048647378101,
            "median": 81.81993997220636
          },
          "dist_pair6": {
            "mean": 149.05622295138085,
            "std": 37.07691239033832,
            "median": 162.91693121995235
          },
          "dist_pair7": {
            "mean": 27.09965584414605,
            "std": 11.905038680731954,
            "median": 25.432697718286796
          },
          "dist_pair8": {
            "mean": 40.844508126384525,
            "std": 6.964084496366008,
            "median": 40.30358216498832
          },
          "dist_pair9": {
            "mean": 63.30299540780077,
            "std": 14.363683052188984,
            "median": 63.4986494105043
          },
          "dist_pair10": {
            "mean": 66.29037795192099,
            "std": 13.83773940627446,
            "median": 68.66043654667192
          },
          "dist_pair11": {
            "mean": 83.48644406756627,
            "std": 17.789816849665904,
            "median": 81.0151014742579
          },
          "dist_pair12": {
            "mean": 146.12835394207846,
            "std": 28.908662196405444,
            "median": 145.19700893022863
          },
          "dist_pair13": {
            "mean": 61.247108877541535,
            "std": 11.028578054280558,
            "median": 58.634265057152824
          },
          "dist_pair14": {
            "mean": 79.89975413175533,
            "std": 16.597791056859435,
            "median": 76.68810749657932
          },
          "dist_pair15": {
            "mean": 86.65042670546298,
            "std": 15.785161358507471,
            "median": 85.94571246026626
          },
          "dist_pair16": {
            "mean": 102.990995990106,
            "std": 19.07046050999998,
            "median": 102.77154490686496
          },
          "dist_pair17": {
            "mean": 147.2078468427706,
            "std": 35.4511346621656,
            "median": 150.69469940076965
          },
          "dist_pair18": {
            "mean": 32.425258632037234,
            "std": 8.442470608895855,
            "median": 31.473487698451045
          },
          "dist_pair19": {
            "mean": 34.32336726456144,
            "std": 6.51723597547714,
            "median": 33.31100746291742
          },
          "dist_pair20": {
            "mean": 48.066787814256905,
            "std": 12.06665110171423,
            "median": 45.67151682852129
          },
          "dist_pair21": {
            "mean": 145.35900604585208,
            "std": 29.43327749205669,
            "median": 158.14896956491407
          },
          "dist_pair22": {
            "mean": 39.141303826540614,
            "std": 20.183653135543494,
            "median": 46.264799323467415
          },
          "dist_pair23": {
            "mean": 41.24726960551478,
            "std": 14.084187475316822,
            "median": 44.99098975281592
          },
          "dist_pair24": {
            "mean": 140.85834894974082,
            "std": 37.674658059293904,
            "median": 135.78688827934678
          },
          "dist_pair25": {
            "mean": 43.94885413201739,
            "std": 16.01813294632414,
            "median": 43.73307190829157
          },
          "dist_pair26": {
            "mean": 152.56961183113128,
            "std": 38.96432251069039,
            "median": 157.0791142367378
          },
          "dist_pair27": {
            "mean": 137.99083817975338,
            "std": 45.49369929385449,
            "median": 136.0718079985537
          },
          "centroid_speed": {
            "mean": 38.966484176054074,
            "std": 45.03722668212804,
            "median": 25.190749103326667
          },
          "body_orientation": {
            "mean": -1.2321275109853544,
            "std": 1.1467317815336375,
            "median": -1.968130448929688
          },
          "elongation": {
            "mean": 2.2235852152821467,
            "std": 0.6976688585858851,
            "median": 2.076758124264758
          },
          "angular_velocity": {
            "mean": 0.03735604630311168,
            "std": 9.63040017892185,
            "median": 0.005576601505068446
          },
          "movement_entropy": {
            "mean": 0.1415971819787718,
            "std": 0.1633932415797463,
            "median": 0.10521448542084033
          },
          "speed_mean_window": {
            "mean": 64.94818357075637,
            "std": 41.59841817881467,
            "median": 51.43294546669708
          },
          "speed_std_window": {
            "mean": 124.93900540513974,
            "std": 102.81437065438357,
            "median": 96.12246818730176
          },
          "speed_max_window": {
            "mean": 908.6849291593724,
            "std": 816.597273465913,
            "median": 684.8373249447035
          },
          "speed_p90_window": {
            "mean": 145.90335984061946,
            "std": 106.41777780678112,
            "median": 115.36352052569526
          },
          "dist_mean_window": {
            "mean": 78.53364130976827,
            "std": 6.454929191384727,
            "median": 79.04995151581787
          },
          "dist_std_window": {
            "mean": 48.11848102464292,
            "std": 9.123911880679955,
            "median": 51.143104042844
          },
          "angular_vel_mean_window": {
            "mean": 1.7685262121674543,
            "std": 3.3304943486764693,