state,occurrence_rate,total_duration_sec,n_bouts,mean_bout_duration_sec
state_0,0.78133925737861,164.13333333333333,61,2.6907103825136613
state_1,0.21866074262139004,45.93333333333333,62,0.7408602150537634
