,State_0,State_1
State_0,0.9876116978066612,0.012388302193338748
State_1,0.04429920116194626,0.9557007988380537
