,State_0,State_1,State_2
State_0,0.9685404847859721,0.022692109334708613,0.008767405879319236
State_1,0.09478168264110756,0.9041533546325878,0.0010649627263045794
State_2,0.05650684931506849,0.003424657534246575,0.940068493150685
