,State_0,State_1,State_2
State_0,0.9887935145445875,0.006914639961850262,0.004291845493562232
State_1,0.028169014084507043,0.971830985915493,0.0
State_2,0.13636363636363635,0.0,0.8636363636363636
