{
  "behavioral_states": {
    "n_states": 2,
    "states": {
      "state_0": {
        "occurrence_rate": 0.20631645770512616,
        "total_frames": 1300,
        "total_duration_sec": 43.333333333333336,
        "n_bouts": 115,
        "mean_bout_duration_sec": 0.37681159420289856,
        "median_bout_duration_sec": 0.06666666666666667,
        "max_bout_duration_sec": 12.1,
        "feature_profile": {
          "speed_kp0": {
            "mean": 104.80472819983281,
            "std": 254.5151459377737,
            "median": 26.26222146688844
          },
          "speed_kp1": {
            "mean": 90.78159755334346,
            "std": 220.10729197625835,
            "median": 24.656377204135588
          },
          "speed_kp2": {
            "mean": 256.6616359495437,
            "std": 606.5928484287449,
            "median": 45.40278869349358
          },
          "speed_kp3": {
            "mean": 57.08544084978309,
            "std": 161.57987406838805,
            "median": 16.968619239574373
          },
          "speed_kp4": {
            "mean": 165.97836215580867,
            "std": 222.30945798780328,
            "median": 79.48000743295573
          },
          "speed_kp5": {
            "mean": 126.20419919237763,
            "std": 205.89230834816942,
            "median": 44.894936306968965
          },
          "speed_kp6": {
            "mean": 327.13695130089746,
            "std": 426.65814044554816,
            "median": 124.38505994678884
          },
          "speed_kp7": {
            "mean": 724.6064874028327,
            "std": 636.0448686368812,
            "median": 586.3053188526476
          },
          "dist_pair0": {
            "mean": 32.74420863972199,
            "std": 10.907448236231453,
            "median": 34.38640643504331
          },
          "dist_pair1": {
            "mean": 45.22188342841697,
            "std": 35.15018554501988,
            "median": 42.06157392033177
          },
          "dist_pair2": {
            "mean": 47.48119713393052,
            "std": 9.789052026892596,
            "median": 49.60675023669974
          },
          "dist_pair3": {
            "mean": 71.56623593395403,
            "std": 15.896954259881817,
            "median": 73.39048075277782
          },
          "dist_pair4": {
            "mean": 71.21189268996557,
            "std": 13.715130945813621,
            "median": 69.59102116169288
          },
          "dist_pair5": {
            "mean": 79.03046954575673,
            "std": 23.121790474319162,
            "median": 80.75684615791425
          },
          "dist_pair6": {
            "mean": 215.77812405196698,
            "std": 42.552088733017,
            "median": 213.72818099328168
          },
          "dist_pair7": {
            "mean": 44.43375043115279,
            "std": 36.604124200499804,
            "median": 41.98480513193368
          },
          "dist_pair8": {
            "mean": 41.6481455564436,
            "std": 6.086581295350006,
            "median": 42.02777947725398
          },
          "dist_pair9": {
            "mean": 69.35862928716986,
            "std": 14.210603224623746,
            "median": 71.6761852937469
          },
          "dist_pair10": {
            "mean": 70.76004599628887,
            "std": 11.932399030923753,
            "median": 72.41808489900839
          },
          "dist_pair11": {
            "mean": 78.15848859268554,
            "std": 23.690524847631647,
            "median": 79.04474786474883
          },
          "dist_pair12": {
            "mean": 232.5395242050399,
            "std": 41.88644804953534,
            "median": 233.10548874701192
          },
          "dist_pair13": {
            "mean": 75.76745024362151,
            "std": 30.727175485880633,
            "median": 78.9967909039215
          },
          "dist_pair14": {
            "mean": 100.0866332263934,
            "std": 31.365399386526025,
            "median": 99.60746926599089
          },
          "dist_pair15": {
            "mean": 100.39091549839213,
            "std": 25.10472416523489,
            "median": 102.78875444547774
          },
          "dist_pair16": {
            "mean": 106.00739887907008,
            "std": 33.213211301145144,
            "median": 110.97685123544571
          },
          "dist_pair17": {
            "mean": 218.67839138650004,
            "std": 59.226221787090445,
            "median": 211.31354605843433
          },
          "dist_pair18": {
            "mean": 34.46536028114378,
            "std": 7.375987510062276,
            "median": 34.44225381551995
          },
          "dist_pair19": {
            "mean": 38.46676617890731,
            "std": 6.772631822749239,
            "median": 38.46713223738675
          },
          "dist_pair20": {
            "mean": 45.13795256221628,
            "std": 16.91340644326422,
            "median": 43.25369234332868
          },
          "dist_pair21": {
            "mean": 239.4393945283513,
            "std": 36.498485410039805,
            "median": 244.78680238018325
          },
          "dist_pair22": {
            "mean": 46.01467907663811,
            "std": 15.321267360032959,
            "median": 46.58368021647388
          },
          "dist_pair23": {
            "mean": 33.17878874793262,
            "std": 21.20101783999562,
            "median": 32.21521166188414
          },
          "dist_pair24": {
            "mean": 246.40944590069478,
            "std": 43.09740387044186,
            "median": 256.3090860677671
          },
          "dist_pair25": {
            "mean": 42.656416886622786,
            "std": 19.239326294074985,
            "median": 41.086513011701086
          },
          "dist_pair26": {
            "mean": 235.96754662945773,
            "std": 46.532906051076786,
            "median": 243.49106287605235
          },
          "dist_pair27": {
            "mean": 233.83907341974304,
            "std": 52.82430199382906,
            "median": 245.802155980421
          },
          "centroid_speed": {
            "mean": 149.57765495795778,
            "std": 156.62957744921667,
            "median": 108.53059402456589
          },
          "body_orientation": {
            "mean": -1.0652467981234448,
            "std": 0.37170496842487233,
            "median": -1.0255641454798954
          },
          "elongation": {
            "mean": 3.1930516728544047,
            "std": 0.8799377753243953,
            "median": 3.189833485570685
          },
          "angular_velocity": {
            "mean": -0.6422733280463852,
            "std": 9.143142300623591,
            "median": -0.08507428237839398
          },
          "movement_entropy": {
            "mean": 0.04507725949899932,
            "std": 0.018701728294778962,
            "median": 0.038747987671827216
          },
          "speed_mean_window": {
            "mean": 221.60634722634362,
            "std": 119.63270050437276,
            "median": 194.8618421660617
          },
          "speed_std_window": {
            "mean": 382.12859317082984,
            "std": 129.9892530515598,
            "median": 369.90085583299265
          },
          "speed_max_window": {
            "mean": 2434.954916379045,
            "std": 1047.5077865518087,
            "median": 2363.075826892387
          },
          "speed_p90_window": {
            "mean": 632.189684591535,
            "std": 263.2886896744924,
            "median": 566.4090411965835
          },
          "dist_mean_window": {
            "mean": 100.2672892216721,
            "std": 8.353925202336669,
            "median": 101.25208260144703
          },
          "dist_std_window": {
            "mean": 77.90422967632328,
            "std": 11.986885498256518,
            "median": 78.33937408565856
          },
          "angular_vel_mean_window": {
            "mean": 4.439590096127685,
            "std": 5.492565701976675,