state,occurrence_rate,total_duration_sec,n_bouts,mean_bout_duration_sec
state_0,0.20631645770512616,43.333333333333336,115,0.37681159420289856
state_1,0.7936835422948738,166.7,116,1.4370689655172413
