,State_0,State_1
State_0,0.9115384615384615,0.08846153846153847
State_1,0.023,0.977
