{
  "behavioral_states": {
    "n_states": 2,
    "states": {
      "state_0": {
        "occurrence_rate": 0.8537849342957616,
        "total_frames": 4613,
        "total_duration_sec": 153.76666666666668,
        "n_bouts": 24,
        "mean_bout_duration_sec": 6.406944444444445,
        "median_bout_duration_sec": 0.5166666666666667,
        "max_bout_duration_sec": 80.0,
        "feature_profile": {
          "speed_kp0": {
            "mean": 18.772887486807747,
            "std": 24.950632474488927,
            "median": 9.967815592461134
          },
          "speed_kp1": {
            "mean": 20.1408587243262,
            "std": 32.77833633388286,
            "median": 9.644640387084282
          },
          "speed_kp2": {
            "mean": 34.40266506187709,
            "std": 70.19290782491227,
            "median": 8.357832137974013
          },
          "speed_kp3": {
            "mean": 14.472901027053403,
            "std": 18.397106143830204,
            "median": 7.508862604236932
          },
          "speed_kp4": {
            "mean": 16.654433798275875,
            "std": 30.292539997857954,
            "median": 8.161323284803464
          },
          "speed_kp5": {
            "mean": 18.299205198635487,
            "std": 37.31410337442173,
            "median": 8.111256360815618
          },
          "speed_kp6": {
            "mean": 26.7748993953163,
            "std": 73.8685503660281,
            "median": 7.4272916584329325
          },
          "speed_kp7": {
            "mean": 41.592171150013925,
            "std": 181.4263550331556,
            "median": 1.6157181336456123
          },
          "dist_pair0": {
            "mean": 30.889436365523796,
            "std": 2.7782218196086292,
            "median": 31.114897226388916
          },
          "dist_pair1": {
            "mean": 36.411353484209734,
            "std": 7.632357454910722,
            "median": 35.32922632865203
          },
          "dist_pair2": {
            "mean": 24.327664376620014,
            "std": 2.116407630289913,
            "median": 24.52742778951259
          },
          "dist_pair3": {
            "mean": 37.692046175603465,
            "std": 6.576514739652016,
            "median": 38.188868874795844
          },
          "dist_pair4": {
            "mean": 56.63356449370637,
            "std": 4.044136952898789,
            "median": 57.14320035940113
          },
          "dist_pair5": {
            "mean": 56.64326454108776,
            "std": 9.253930088767426,
            "median": 56.75311947074419
          },
          "dist_pair6": {
            "mean": 121.2354851705215,
            "std": 17.545805651492476,
            "median": 121.67822720669133
          },
          "dist_pair7": {
            "mean": 36.470768392419906,
            "std": 7.789766538588539,
            "median": 35.67143294534507
          },
          "dist_pair8": {
            "mean": 26.72822467094785,
            "std": 2.343995676563979,
            "median": 27.084854156727328
          },
          "dist_pair9": {
            "mean": 58.39806104079174,
            "std": 3.8561438039094873,
            "median": 59.57606361764414
          },
          "dist_pair10": {
            "mean": 44.2455931353452,
            "std": 6.132971155705951,
            "median": 44.87338140312703
          },
          "dist_pair11": {
            "mean": 62.42473611862767,
            "std": 8.44155562225367,
            "median": 63.86921277740509
          },
          "dist_pair12": {
            "mean": 133.10426450611783,
            "std": 13.608112896400149,
            "median": 135.06122916558024
          },
          "dist_pair13": {
            "mean": 52.71464023714847,
            "std": 6.840569646146014,
            "median": 51.6902026019806
          },
          "dist_pair14": {
            "mean": 72.42992245532561,
            "std": 7.540054045051165,
            "median": 72.95832441272096
          },
          "dist_pair15": {
            "mean": 77.99714344644453,
            "std": 7.43717779880225,
            "median": 77.89481351754416
          },
          "dist_pair16": {
            "mean": 87.70750185209003,
            "std": 7.287876621051289,
            "median": 87.42797900761418
          },
          "dist_pair17": {
            "mean": 107.25949630634804,
            "std": 23.18706715633329,
            "median": 102.77535486433585
          },
          "dist_pair18": {
            "mean": 33.67424825584245,
            "std": 3.601320983444307,
            "median": 33.117452559298805
          },
          "dist_pair19": {
            "mean": 33.43844918201574,
            "std": 3.1109516178103336,
            "median": 33.38317086564738
          },
          "dist_pair20": {
            "mean": 39.12163191182003,
            "std": 6.11238601160569,
            "median": 39.22546840136252
          },
          "dist_pair21": {
            "mean": 140.48272231711934,
            "std": 15.330632739113556,
            "median": 144.18837625357745
          },
          "dist_pair22": {
            "mean": 54.66059743059933,
            "std": 4.479414214982916,
            "median": 55.11727924579861
          },
          "dist_pair23": {
            "mean": 31.553190612178643,
            "std": 11.288253866997602,
            "median": 27.548368433307225
          },
          "dist_pair24": {
            "mean": 143.82433605134943,
            "std": 21.841428705376224,
            "median": 151.23542004102376
          },
          "dist_pair25": {
            "mean": 36.0001526405918,
            "std": 11.927102585221713,
            "median": 40.27969341497924
          },
          "dist_pair26": {
            "mean": 167.66103366055765,
            "std": 21.75733880579228,
            "median": 174.53950852612275
          },
          "dist_pair27": {
            "mean": 163.90529337002874,
            "std": 25.523462692664975,
            "median": 172.0457946183833
          },
          "centroid_speed": {
            "mean": 15.201264843437139,
            "std": 26.5777948504216,
            "median": 5.545921352011078
          },
          "body_orientation": {
            "mean": -0.7642749685239671,
            "std": 0.21518263547812994,
            "median": -0.7751806863549207
          },
          "elongation": {
            "mean": 2.6093167398843207,
            "std": 0.511946664854789,
            "median": 2.6348703873982777
          },
          "angular_velocity": {
            "mean": 0.006945661664817134,
            "std": 3.809212987283484,
            "median": 0.0003153098497299389
          },
          "movement_entropy": {
            "mean": 0.703662767347569,
            "std": 0.6578134451379023,
            "median": 0.544140731846083
          },
          "speed_mean_window": {
            "mean": 25.118264389551747,
            "std": 27.222578809318183,
            "median": 13.682310720033332
          },
          "speed_std_window": {
            "mean": 46.64054487219373,
            "std": 59.826710090225575,
            "median": 16.180441449672802
          },
          "speed_max_window": {
            "mean": 354.2973298380289,
            "std": 465.3478641151289,
            "median": 99.37282177435051
          },
          "speed_p90_window": {
            "mean": 50.324253546149606,
            "std": 58.57853509997905,
            "median": 28.44758247017638
          },
          "dist_mean_window": {
            "mean": 70.3325925859804,
            "std": 3.645462433171993,
            "median": 70.83579161905108
          },
          "dist_std_window": {
            "mean": 44.97242449589024,
            "std": 4.212960463224701,
            "median": 46.23129142987887
          },
          "angular_vel_mean_window": {
            "mean": 0.5594860374469929,
            "std": 1.773214740952165,