state,occurrence_rate,total_duration_sec,n_bouts,mean_bout_duration_sec
state_0,0.8537849342957616,153.76666666666668,24,6.406944444444445
state_1,0.1462150657042384,26.333333333333332,23,1.144927536231884
