,State_0,State_1
State_0,0.9950130095403296,0.004986990459670425
State_1,0.02911392405063291,0.970886075949367
