{
  "behavioral_states": {
    "n_states": 2,
    "states": {
      "state_0": {
        "occurrence_rate": 0.3620210993892282,
        "total_frames": 1956,
        "total_duration_sec": 65.2,
        "n_bouts": 18,
        "mean_bout_duration_sec": 3.6222222222222222,
        "median_bout_duration_sec": 0.4166666666666667,
        "max_bout_duration_sec": 16.7,
        "feature_profile": {
          "speed_kp0": {
            "mean": 35.57991399046745,
            "std": 37.18064728782512,
            "median": 22.851879852656538
          },
          "speed_kp1": {
            "mean": 37.22788802979842,
            "std": 39.32163997626394,
            "median": 24.660303227992536
          },
          "speed_kp2": {
            "mean": 66.86521439547809,
            "std": 74.66966050095041,
            "median": 44.51901264859357
          },
          "speed_kp3": {
            "mean": 23.30598050445558,
            "std": 24.16798532319846,
            "median": 15.262130410181337
          },
          "speed_kp4": {
            "mean": 26.679772016642644,
            "std": 42.86505896842774,
            "median": 14.016333858555601
          },
          "speed_kp5": {
            "mean": 27.790414031899157,
            "std": 50.06315419835854,
            "median": 12.522361381892313
          },
          "speed_kp6": {
            "mean": 18.73422738029858,
            "std": 26.042233798605672,
            "median": 9.706015404102752
          },
          "speed_kp7": {
            "mean": 37.67411385193949,
            "std": 218.6289459257897,
            "median": 2.867222782674808
          },
          "dist_pair0": {
            "mean": 32.470130701026655,
            "std": 3.313406972150501,
            "median": 31.83280684346841
          },
          "dist_pair1": {
            "mean": 27.58870450825734,
            "std": 9.384126014006812,
            "median": 26.67027777226381
          },
          "dist_pair2": {
            "mean": 37.51657109556465,
            "std": 5.410752323082787,
            "median": 36.79435342220485
          },
          "dist_pair3": {
            "mean": 73.72436446589606,
            "std": 17.541557433397045,
            "median": 70.52630378462766
          },
          "dist_pair4": {
            "mean": 84.5683121027783,
            "std": 10.783996568174066,
            "median": 82.99637901080192
          },
          "dist_pair5": {
            "mean": 108.05557555189294,
            "std": 14.197593381731382,
            "median": 105.94604719518605
          },
          "dist_pair6": {
            "mean": 167.10304548437477,
            "std": 24.23637782533773,
            "median": 164.77451300522605
          },
          "dist_pair7": {
            "mean": 32.49015918133216,
            "std": 9.175484571667864,
            "median": 30.79608940406434
          },
          "dist_pair8": {
            "mean": 40.31561038442852,
            "std": 3.8899374622040868,
            "median": 40.49770140450023
          },
          "dist_pair9": {
            "mean": 88.12132197567969,
            "std": 10.440167883234666,
            "median": 85.38198906841555
          },
          "dist_pair10": {
            "mean": 74.31287222769882,
            "std": 14.009361849708105,
            "median": 70.4850669556898
          },
          "dist_pair11": {
            "mean": 111.08808964392323,
            "std": 11.880468949842909,
            "median": 111.51224937971236
          },
          "dist_pair12": {
            "mean": 174.54548991573458,
            "std": 19.932218808681206,
            "median": 180.16772529456722
          },
          "dist_pair13": {
            "mean": 58.653498929228306,
            "std": 10.211921171773113,
            "median": 57.17518734841883
          },
          "dist_pair14": {
            "mean": 97.94794837645934,
            "std": 20.008681982515107,
            "median": 95.46986202112089
          },
          "dist_pair15": {
            "mean": 100.72554184725612,
            "std": 15.622081832460184,
            "median": 98.40188209375637
          },
          "dist_pair16": {
            "mean": 129.30829412274733,
            "std": 16.38545289640791,
            "median": 124.92377007054498
          },
          "dist_pair17": {
            "mean": 185.61434852967125,
            "std": 26.115407441722823,
            "median": 183.49166055724478
          },
          "dist_pair18": {
            "mean": 49.79467016182574,
            "std": 8.874934811982868,
            "median": 47.19323796569458
          },
          "dist_pair19": {
            "mean": 49.082660601567504,
            "std": 6.890104304235303,
            "median": 47.63343791954031
          },
          "dist_pair20": {
            "mean": 74.23312176349287,
            "std": 9.286125096721138,
            "median": 72.66949210689164
          },
          "dist_pair21": {
            "mean": 142.41909019976967,
            "std": 14.179048533709778,
            "median": 143.29651801372313
          },
          "dist_pair22": {
            "mean": 62.77507150057509,
            "std": 5.714601209942388,
            "median": 64.05802581426289
          },
          "dist_pair23": {
            "mean": 47.086631316959135,
            "std": 5.714911775026623,
            "median": 46.182096499761364
          },
          "dist_pair24": {
            "mean": 109.8980992631191,
            "std": 22.528708230939817,
            "median": 106.84438982855885
          },
          "dist_pair25": {
            "mean": 50.43197995902129,
            "std": 8.573506588311986,
            "median": 49.51989952477898
          },
          "dist_pair26": {
            "mean": 124.88770773226241,
            "std": 28.594550296559362,
            "median": 121.59197463039958
          },
          "dist_pair27": {
            "mean": 89.33980719753676,
            "std": 22.98908630249696,
            "median": 93.14121431670405
          },
          "centroid_speed": {
            "mean": 21.81549575029215,
            "std": 30.699385283231628,
            "median": 13.462097247706385
          },
          "body_orientation": {
            "mean": -1.0983024156080812,
            "std": 1.0284533082565563,
            "median": -1.651761346640411
          },
          "elongation": {
            "mean": 2.665686762324183,
            "std": 0.9779525707358816,
            "median": 2.42606414743347
          },
          "angular_velocity": {
            "mean": 0.07748310162276068,
            "std": 9.234116393516207,
            "median": -0.0013455897113878734
          },
          "movement_entropy": {
            "mean": 0.41151165633343434,
            "std": 0.41959337480024145,
            "median": 0.2542524757549868
          },
          "speed_mean_window": {
            "mean": 33.4508483509793,
            "std": 26.049029613509322,
            "median": 31.353478474693503
          },
          "speed_std_window": {
            "mean": 46.72772089083318,
            "std": 63.0488144739416,
            "median": 36.96731732213996
          },
          "speed_max_window": {
            "mean": 349.26051334518553,
            "std": 541.0737286156384,
            "median": 241.72899215612009
          },
          "speed_p90_window": {
            "mean": 70.58431562080375,
            "std": 46.2003872900746,
            "median": 68.60836722013916
          },
          "dist_mean_window": {
            "mean": 86.14166729620742,
            "std": 5.931449880306307,
            "median": 85.43633782955976
          },
          "dist_std_window": {
            "mean": 45.38670692035876,
            "std": 5.067379096308681,
            "median": 45.940608498312514
          },
          "angular_vel_mean_window": {
            "mean": 1.3749209813641705,
            "std": 2.898234493908869,