state,occurrence_rate,total_duration_sec,n_bouts,mean_bout_duration_sec
state_0,0.3620210993892282,65.2,18,3.6222222222222222
state_1,0.6379789006107718,114.9,19,6.047368421052632
