,State_0,State_1
State_0,0.99079754601227,0.009202453987730062
State_1,0.00522344747533372,0.9947765525246662
