{
  "behavioral_states": {
    "n_states": 2,
    "states": {
      "state_0": {
        "occurrence_rate": 0.2159154145798553,
        "total_frames": 1164,
        "total_duration_sec": 38.8,
        "n_bouts": 71,
        "mean_bout_duration_sec": 0.5464788732394367,
        "median_bout_duration_sec": 0.13333333333333333,
        "max_bout_duration_sec": 9.3,
        "feature_profile": {
          "speed_kp0": {
            "mean": 71.37712168018024,
            "std": 74.60522424255961,
            "median": 55.63062365956033
          },
          "speed_kp1": {
            "mean": 84.19338136298158,
            "std": 93.38178030186765,
            "median": 56.84233803049547
          },
          "speed_kp2": {
            "mean": 109.74210061615447,
            "std": 148.23726727131003,
            "median": 74.09875021236059
          },
          "speed_kp3": {
            "mean": 54.189674689736904,
            "std": 57.28818897219516,
            "median": 36.96115800728299
          },
          "speed_kp4": {
            "mean": 76.07725883564436,
            "std": 136.17534315882358,
            "median": 30.075968837574734
          },
          "speed_kp5": {
            "mean": 68.66493626027102,
            "std": 109.89955855736434,
            "median": 31.50127964912975
          },
          "speed_kp6": {
            "mean": 109.31521097562218,
            "std": 354.03506043476756,
            "median": 27.89230973260998
          },
          "speed_kp7": {
            "mean": 195.84917625866035,
            "std": 480.3058244314512,
            "median": 26.552621356419095
          },
          "dist_pair0": {
            "mean": 32.07127649004545,
            "std": 6.606104922993606,
            "median": 31.231446981566528
          },
          "dist_pair1": {
            "mean": 33.86690367541561,
            "std": 12.151039040770069,
            "median": 31.858860160968323
          },
          "dist_pair2": {
            "mean": 41.51985329420695,
            "std": 9.794666019441864,
            "median": 40.111627350455805
          },
          "dist_pair3": {
            "mean": 77.602500855599,
            "std": 12.861774117619436,
            "median": 77.08387700428233
          },
          "dist_pair4": {
            "mean": 90.46418661970901,
            "std": 12.109473527264502,
            "median": 91.60567368531315
          },
          "dist_pair5": {
            "mean": 115.84695769737415,
            "std": 20.96223603091955,
            "median": 115.18820407276888
          },
          "dist_pair6": {
            "mean": 194.38421720347068,
            "std": 40.27518453407551,
            "median": 193.6063353444901
          },
          "dist_pair7": {
            "mean": 32.74706406533493,
            "std": 11.340883264492295,
            "median": 31.689136995147788
          },
          "dist_pair8": {
            "mean": 41.31526251996775,
            "std": 10.30575558016311,
            "median": 39.167246267042444
          },
          "dist_pair9": {
            "mean": 88.60836788960248,
            "std": 11.66937691520464,
            "median": 88.33067191399581
          },
          "dist_pair10": {
            "mean": 82.12925783033354,
            "std": 15.968881353298585,
            "median": 82.26909559618616
          },
          "dist_pair11": {
            "mean": 117.62057035860721,
            "std": 21.39253955824099,
            "median": 117.1163905608854
          },
          "dist_pair12": {
            "mean": 197.26697176209325,
            "std": 46.14623892555864,
            "median": 204.10546886175672
          },
          "dist_pair13": {
            "mean": 66.02011614166013,
            "std": 13.28274079126929,
            "median": 63.85650636535182
          },
          "dist_pair14": {
            "mean": 107.64649191737344,
            "std": 15.969890706760747,
            "median": 106.55718535487588
          },
          "dist_pair15": {
            "mean": 110.87064267611042,
            "std": 17.37611119558842,
            "median": 109.86974430759315
          },
          "dist_pair16": {
            "mean": 142.00571269789552,
            "std": 22.91370217821072,
            "median": 138.37443111045997
          },
          "dist_pair17": {
            "mean": 215.58145747485895,
            "std": 49.33648742238887,
            "median": 219.2243752529333
          },
          "dist_pair18": {
            "mean": 51.02139431265887,
            "std": 8.58300942412934,
            "median": 50.90242918059149
          },
          "dist_pair19": {
            "mean": 50.85227528372513,
            "std": 9.246924676571298,
            "median": 51.000126353779855
          },
          "dist_pair20": {
            "mean": 80.43502086057669,
            "std": 20.876646754967222,
            "median": 78.8858187512071
          },
          "dist_pair21": {
            "mean": 170.85628904963372,
            "std": 34.53725618446441,
            "median": 173.73450905803986
          },
          "dist_pair22": {
            "mean": 55.1598570332513,
            "std": 11.082731805318133,
            "median": 56.73216461302613
          },
          "dist_pair23": {
            "mean": 49.33737176888025,
            "std": 22.011975916193553,
            "median": 45.490094891967054
          },
          "dist_pair24": {
            "mean": 143.3271358280743,
            "std": 28.189093392766672,
            "median": 149.94881453495213
          },
          "dist_pair25": {
            "mean": 49.46533713978853,
            "std": 20.94957045394525,
            "median": 46.584547118950084
          },
          "dist_pair26": {
            "mean": 145.60055667666052,
            "std": 35.190120881468076,
            "median": 142.42466886161617
          },
          "dist_pair27": {
            "mean": 115.77298269769123,
            "std": 31.88378674933011,
            "median": 119.98259763306763
          },
          "centroid_speed": {
            "mean": 64.35063249183283,
            "std": 82.2913360884113,
            "median": 42.048297589952824
          },
          "body_orientation": {
            "mean": -0.7353642539690279,
            "std": 0.7627664861988174,
            "median": -0.8276197341110432
          },
          "elongation": {
            "mean": 2.9926480404442968,
            "std": 1.2346618626209596,
            "median": 2.9383187606410317
          },
          "angular_velocity": {
            "mean": -0.2347576723778783,
            "std": 9.626161930312819,
            "median": -0.038659341000643055
          },
          "movement_entropy": {
            "mean": 0.14474762058192486,
            "std": 0.1388536679629083,
            "median": 0.09939973063353373
          },
          "speed_mean_window": {
            "mean": 94.67510697081218,
            "std": 63.095776040578045,
            "median": 82.04616819185605
          },
          "speed_std_window": {
            "mean": 168.38446735532125,
            "std": 154.2467128840976,
            "median": 103.5494924099677
          },
          "speed_max_window": {
            "mean": 1234.5090614817598,
            "std": 1171.3422069700946,
            "median": 782.2387168038717
          },
          "speed_p90_window": {
            "mean": 181.7953895712902,
            "std": 128.01871892483854,
            "median": 159.9214329890866
          },
          "dist_mean_window": {
            "mean": 94.39648856548196,
            "std": 10.0124137737306,
            "median": 94.81833420407366
          },
          "dist_std_window": {
            "mean": 55.30798518257778,
            "std": 10.653409472459309,
            "median": 54.60217723733608
          },
          "angular_vel_mean_window": {
            "mean": 2.247570108623337,
            "std": 3.200478346267902,