,State_0,State_1
State_0,0.939810834049871,0.06018916595012898
State_1,0.016796782588123966,0.983203217411876
