{
  "behavioral_states": {
    "n_states": 2,
    "states": {
      "state_0": {
        "occurrence_rate": 0.4260322162562488,
        "total_frames": 2301,
        "total_duration_sec": 76.7,
        "n_bouts": 202,
        "mean_bout_duration_sec": 0.3797029702970297,
        "median_bout_duration_sec": 0.1,
        "max_bout_duration_sec": 7.233333333333333,
        "feature_profile": {
          "speed_kp0": {
            "mean": 365.25304272465377,
            "std": 678.5687482238287,
            "median": 88.03792634369803
          },
          "speed_kp1": {
            "mean": 442.3003611647064,
            "std": 761.3111266516673,
            "median": 113.2899653537043
          },
          "speed_kp2": {
            "mean": 435.19644742363806,
            "std": 852.6664674380185,
            "median": 30.451017166694932
          },
          "speed_kp3": {
            "mean": 130.85238502545525,
            "std": 203.5577558610972,
            "median": 54.86850219875347
          },
          "speed_kp4": {
            "mean": 538.9927358249403,
            "std": 736.2877133482115,
            "median": 194.87395343138763
          },
          "speed_kp5": {
            "mean": 633.2710108762511,
            "std": 738.4437238291172,
            "median": 281.5858639150041
          },
          "speed_kp6": {
            "mean": 245.43589392510623,
            "std": 628.4420954754987,
            "median": 15.47921746497955
          },
          "speed_kp7": {
            "mean": 750.6582178681983,
            "std": 1093.0992983063381,
            "median": 157.25485012865707
          },
          "dist_pair0": {
            "mean": 55.94511829763202,
            "std": 64.00304745573001,
            "median": 33.046498404682715
          },
          "dist_pair1": {
            "mean": 82.02935855252149,
            "std": 68.987941919865,
            "median": 66.69772041350785
          },
          "dist_pair2": {
            "mean": 59.57738895812228,
            "std": 32.8365699711963,
            "median": 50.98036435581846
          },
          "dist_pair3": {
            "mean": 116.06787105947882,
            "std": 58.260620728163296,
            "median": 101.550922482427
          },
          "dist_pair4": {
            "mean": 148.17676620333836,
            "std": 61.78724235106021,
            "median": 145.66080666657217
          },
          "dist_pair5": {
            "mean": 249.27864789211316,
            "std": 52.62403213129959,
            "median": 247.766643710284
          },
          "dist_pair6": {
            "mean": 201.38912100297475,
            "std": 60.836437422298935,
            "median": 200.0225459593615
          },
          "dist_pair7": {
            "mean": 98.7571865271738,
            "std": 72.75894144675995,
            "median": 92.34718510037142
          },
          "dist_pair8": {
            "mean": 68.94440937883796,
            "std": 42.00483442394859,
            "median": 59.04239726853241
          },
          "dist_pair9": {
            "mean": 120.27475985522621,
            "std": 62.39352744247125,
            "median": 109.49189970359991
          },
          "dist_pair10": {
            "mean": 148.51925179315185,
            "std": 66.14842440379222,
            "median": 145.6977060128521
          },
          "dist_pair11": {
            "mean": 249.0828336943033,
            "std": 63.46333236383335,
            "median": 251.70644697888994
          },
          "dist_pair12": {
            "mean": 200.8184648203192,
            "std": 68.4529433414213,
            "median": 204.87533901082156
          },
          "dist_pair13": {
            "mean": 81.2325842700946,
            "std": 50.11827678129954,
            "median": 67.42296570127694
          },
          "dist_pair14": {
            "mean": 137.3184353191452,
            "std": 65.9749322821515,
            "median": 116.2065572202964
          },
          "dist_pair15": {
            "mean": 176.0085148104587,
            "std": 66.66136746472407,
            "median": 177.57718045876587
          },
          "dist_pair16": {
            "mean": 262.9011190425586,
            "std": 67.03969059715276,
            "median": 294.2551688409498
          },
          "dist_pair17": {
            "mean": 216.65460329012313,
            "std": 59.37604861288224,
            "median": 220.64953137460614
          },
          "dist_pair18": {
            "mean": 90.56100626578178,
            "std": 69.34824940839681,
            "median": 57.88559895322759
          },
          "dist_pair19": {
            "mean": 138.35421595204645,
            "std": 67.6127181187619,
            "median": 139.40636017515635
          },
          "dist_pair20": {
            "mean": 248.00343890213477,
            "std": 32.21613301824203,
            "median": 256.3799979010731
          },
          "dist_pair21": {
            "mean": 196.660432691099,
            "std": 49.565204334284616,
            "median": 188.00715537377667
          },
          "dist_pair22": {
            "mean": 113.65045461794409,
            "std": 53.194414285188365,
            "median": 106.4438380964571
          },
          "dist_pair23": {
            "mean": 175.86116034458394,
            "std": 74.40773067585023,
            "median": 202.1151709678625
          },
          "dist_pair24": {
            "mean": 152.59351695754648,
            "std": 57.96481596510603,
            "median": 146.6152857943193
          },
          "dist_pair25": {
            "mean": 158.60545106446486,
            "std": 60.57205202706102,
            "median": 145.47474770102937
          },
          "dist_pair26": {
            "mean": 127.95002612957578,
            "std": 65.49415497502552,
            "median": 114.6345093052874
          },
          "dist_pair27": {
            "mean": 139.61629982684514,
            "std": 59.33731743942593,
            "median": 143.5428335151505
          },
          "centroid_speed": {
            "mean": 255.52083821988998,
            "std": 191.56401446718866,
            "median": 221.68461440478623
          },
          "body_orientation": {
            "mean": -0.9532567734970139,
            "std": 0.2875191177405014,
            "median": -0.9605998558563731
          },
          "elongation": {
            "mean": 2.6531384273684675,
            "std": 0.9944762412132754,
            "median": 2.421422694178034
          },
          "angular_velocity": {
            "mean": -0.0060847010662564574,
            "std": 4.7217221720612335,
            "median": 0.002488169136127816
          },
          "movement_entropy": {
            "mean": 0.04086221841317769,
            "std": 0.09300220495847855,
            "median": 0.02624977936704317
          },
          "speed_mean_window": {
            "mean": 480.02381385091746,
            "std": 191.60375332551655,
            "median": 498.6978786627338
          },
          "speed_std_window": {
            "mean": 767.0779742458975,
            "std": 217.30876989051592,
            "median": 803.4867272156184
          },
          "speed_max_window": {
            "mean": 3899.6668111038935,
            "std": 1074.5958515619407,
            "median": 3920.8296187999827
          },
          "speed_p90_window": {
            "mean": 1512.023389819724,
            "std": 610.0557978997089,
            "median": 1570.711198677521
          },
          "dist_mean_window": {
            "mean": 148.6513818720377,
            "std": 9.510139550275092,
            "median": 148.38461116539497
          },
          "dist_std_window": {
            "mean": 82.44931140350099,
            "std": 7.764126792305284,
            "median": 82.39925287649179
          },
          "angular_vel_mean_window": {
            "mean": 2.8538770087886265,
            "std": 1.9448263414992277,