state,occurrence_rate,total_duration_sec,n_bouts,mean_bout_duration_sec
state_0,0.4260322162562488,76.7,202,0.3797029702970297
state_1,0.5739677837437511,103.33333333333333,203,0.5090311986863711
