,State_0,State_1
State_0,0.9122120817036071,0.08778791829639288
State_1,0.06518231687641174,0.9348176831235883
