{
  "behavioral_states": {
    "n_states": 2,
    "states": {
      "state_0": {
        "occurrence_rate": 0.8711724575598921,
        "total_frames": 5491,
        "total_duration_sec": 183.03333333333333,
        "n_bouts": 23,
        "mean_bout_duration_sec": 7.957971014492753,
        "median_bout_duration_sec": 2.033333333333333,
        "max_bout_duration_sec": 73.6,
        "feature_profile": {
          "speed_kp0": {
            "mean": 15.013869573091847,
            "std": 27.215606017056334,
            "median": 4.580180488833103
          },
          "speed_kp1": {
            "mean": 16.67790280475986,
            "std": 28.599030161534564,
            "median": 6.198290961042277
          },
          "speed_kp2": {
            "mean": 28.16041155647044,
            "std": 58.12482229028527,
            "median": 6.416443889805617
          },
          "speed_kp3": {
            "mean": 10.394687180209386,
            "std": 18.76106969826599,
            "median": 4.421338919564719
          },
          "speed_kp4": {
            "mean": 11.210024053615593,
            "std": 33.960224777698684,
            "median": 3.7132596297059037
          },
          "speed_kp5": {
            "mean": 20.325554380189214,
            "std": 36.44249585583017,
            "median": 7.355959882399068
          },
          "speed_kp6": {
            "mean": 7.0322882844096535,
            "std": 26.617238412219702,
            "median": 1.5623202619846384
          },
          "speed_kp7": {
            "mean": 33.799092306939954,
            "std": 234.6448220613,
            "median": 0.79550848629809
          },
          "dist_pair0": {
            "mean": 26.262886212205682,
            "std": 2.8554346424641612,
            "median": 25.87226795439665
          },
          "dist_pair1": {
            "mean": 24.89436068983718,
            "std": 6.7616188393979355,
            "median": 22.179752131378358
          },
          "dist_pair2": {
            "mean": 30.089375796385173,
            "std": 2.4900921700545706,
            "median": 30.17879745251662
          },
          "dist_pair3": {
            "mean": 53.815651586420856,
            "std": 5.678617349240761,
            "median": 54.1757946218308
          },
          "dist_pair4": {
            "mean": 71.28364452675955,
            "std": 5.5983146625697175,
            "median": 72.12821612084468
          },
          "dist_pair5": {
            "mean": 91.03365312892085,
            "std": 7.152111032152614,
            "median": 90.82405680031715
          },
          "dist_pair6": {
            "mean": 160.80245542118655,
            "std": 23.781372626912063,
            "median": 169.4484408696496
          },
          "dist_pair7": {
            "mean": 24.854166968062064,
            "std": 7.571990121704175,
            "median": 22.5981414162328
          },
          "dist_pair8": {
            "mean": 31.404646019472626,
            "std": 3.794324478763843,
            "median": 31.63626341547144
          },
          "dist_pair9": {
            "mean": 68.72328959891868,
            "std": 4.09302081404857,
            "median": 68.87756746943886
          },
          "dist_pair10": {
            "mean": 64.02089704791213,
            "std": 10.81170743671956,
            "median": 63.47292398317018
          },
          "dist_pair11": {
            "mean": 94.1095494997975,
            "std": 9.343649257610391,
            "median": 95.14323492956308
          },
          "dist_pair12": {
            "mean": 163.67430313780778,
            "std": 23.18399667537699,
            "median": 169.876199945702
          },
          "dist_pair13": {
            "mean": 48.16402094999345,
            "std": 6.717924317379249,
            "median": 45.96677466069519
          },
          "dist_pair14": {
            "mean": 76.89350361820779,
            "std": 6.446894500042762,
            "median": 76.29364736994648
          },
          "dist_pair15": {
            "mean": 85.16444778699592,
            "std": 9.399590583834419,
            "median": 85.12615870143382
          },
          "dist_pair16": {
            "mean": 110.03162785445957,
            "std": 7.458903696613894,
            "median": 110.36252384580034
          },
          "dist_pair17": {
            "mean": 177.71428186845378,
            "std": 26.784109481854866,
            "median": 183.7371532168661
          },
          "dist_pair18": {
            "mean": 40.52048550265677,
            "std": 2.949982180850753,
            "median": 40.29679090386436
          },
          "dist_pair19": {
            "mean": 42.29687028726748,
            "std": 4.87407867488313,
            "median": 41.81968081857481
          },
          "dist_pair20": {
            "mean": 65.16316254639136,
            "std": 5.386821425240518,
            "median": 63.99967885727534
          },
          "dist_pair21": {
            "mean": 137.3359751275186,
            "std": 19.131137779751946,
            "median": 140.82857804582585
          },
          "dist_pair22": {
            "mean": 57.711586298327546,
            "std": 3.1870024417045144,
            "median": 57.066207095496495
          },
          "dist_pair23": {
            "mean": 50.06684678461219,
            "std": 6.916800196676692,
            "median": 51.668846009232006
          },
          "dist_pair24": {
            "mean": 118.74283151237914,
            "std": 18.63569325206414,
            "median": 125.73862729873343
          },
          "dist_pair25": {
            "mean": 41.75271594216788,
            "std": 8.381031591501513,
            "median": 39.38936476581508
          },
          "dist_pair26": {
            "mean": 108.93844707856849,
            "std": 20.823478753239325,
            "median": 104.72085583672025
          },
          "dist_pair27": {
            "mean": 76.99873346657418,
            "std": 20.028221460847934,
            "median": 74.9917446250392
          },
          "centroid_speed": {
            "mean": 11.531305476553564,
            "std": 31.73051441068221,
            "median": 3.1077342556739906
          },
          "body_orientation": {
            "mean": -0.11342519557830855,
            "std": 0.4373316267546121,
            "median": 0.015635858634424956
          },
          "elongation": {
            "mean": 3.3440654141091053,
            "std": 0.7205832865516163,
            "median": 3.6459466117641846
          },
          "angular_velocity": {
            "mean": 0.007202049583820097,
            "std": 6.121416597642056,
            "median": 0.00012063693896460781
          },
          "movement_entropy": {
            "mean": 0.9765972490634534,
            "std": 0.8732127241338971,
            "median": 0.5177785754106072
          },
          "speed_mean_window": {
            "mean": 18.941700606910416,
            "std": 30.25339784871456,
            "median": 6.3887928122169155
          },
          "speed_std_window": {
            "mean": 35.45461088921837,
            "std": 78.61335113686455,
            "median": 11.28038025588815
          },
          "speed_max_window": {
            "mean": 259.8202652869729,
            "std": 593.4804885405666,
            "median": 79.17632516517938
          },
          "speed_p90_window": {
            "mean": 35.36294526073747,
            "std": 53.811319494046344,
            "median": 11.425475818765511
          },
          "dist_mean_window": {
            "mean": 76.80829795234017,
            "std": 4.743687438947904,
            "median": 77.27786526798337
          },
          "dist_std_window": {
            "mean": 44.37501956860403,
            "std": 5.222731114579701,
            "median": 44.83050349099887
          },
          "angular_vel_mean_window": {
            "mean": 0.6529778850014983,
            "std": 2.663315350792521,