state,occurrence_rate,total_duration_sec,n_bouts,mean_bout_duration_sec
state_0,0.8711724575598921,183.03333333333333,23,7.957971014492753
state_1,0.12882754244010788,27.066666666666666,23,1.1768115942028985
