,State_0,State_1
State_0,0.9958113276270261,0.004188672372973957
State_1,0.027127003699136867,0.9728729963008631
