{
  "behavioral_states": {
    "n_states": 2,
    "states": {
      "state_0": {
        "occurrence_rate": 0.9165344335131704,
        "total_frames": 5776,
        "total_duration_sec": 192.53333333333333,
        "n_bouts": 26,
        "mean_bout_duration_sec": 7.4051282051282055,
        "median_bout_duration_sec": 0.16666666666666666,
        "max_bout_duration_sec": 182.13333333333333,
        "feature_profile": {
          "speed_kp0": {
            "mean": 121.46646360998491,
            "std": 175.93819044476865,
            "median": 78.57897910384942
          },
          "speed_kp1": {
            "mean": 112.22341209891509,
            "std": 138.5985440258536,
            "median": 81.1577089634171
          },
          "speed_kp2": {
            "mean": 234.76709982655743,
            "std": 506.34428141040524,
            "median": 107.28724602079554
          },
          "speed_kp3": {
            "mean": 82.88643701288143,
            "std": 118.71631447704452,
            "median": 47.73790489561805
          },
          "speed_kp4": {
            "mean": 168.4969369193268,
            "std": 434.7645476518895,
            "median": 50.52166575995382
          },
          "speed_kp5": {
            "mean": 215.53457057234618,
            "std": 325.07988391290166,
            "median": 78.35333201227728
          },
          "speed_kp6": {
            "mean": 125.87999898588698,
            "std": 244.2500278758099,
            "median": 37.29410648056023
          },
          "speed_kp7": {
            "mean": 224.89832581715336,
            "std": 564.3288321764868,
            "median": 10.41910958292752
          },
          "dist_pair0": {
            "mean": 27.650985644627625,
            "std": 10.243958368813432,
            "median": 28.484145988877234
          },
          "dist_pair1": {
            "mean": 36.76744497253349,
            "std": 29.361414215168775,
            "median": 31.53308631006483
          },
          "dist_pair2": {
            "mean": 49.56471517884749,
            "std": 10.866334405437334,
            "median": 48.91066791032897
          },
          "dist_pair3": {
            "mean": 77.69527127968249,
            "std": 22.80511936790577,
            "median": 80.39355933247835
          },
          "dist_pair4": {
            "mean": 80.91519335458534,
            "std": 21.84245733263571,
            "median": 82.66158418784458
          },
          "dist_pair5": {
            "mean": 100.877864133382,
            "std": 27.76063451136828,
            "median": 102.24416830923018
          },
          "dist_pair6": {
            "mean": 160.50463943033623,
            "std": 55.094380157437776,
            "median": 157.78255047793704
          },
          "dist_pair7": {
            "mean": 35.02785218006652,
            "std": 30.91353693060583,
            "median": 28.58452309847241
          },
          "dist_pair8": {
            "mean": 45.40846885544631,
            "std": 10.685144321298345,
            "median": 45.3600020001505
          },
          "dist_pair9": {
            "mean": 76.37308147008035,
            "std": 22.053908357198313,
            "median": 80.05336514746128
          },
          "dist_pair10": {
            "mean": 73.72714172842446,
            "std": 21.383708314221476,
            "median": 75.13481083373198
          },
          "dist_pair11": {
            "mean": 97.94218674851112,
            "std": 28.230478804589108,
            "median": 99.00182742848179
          },
          "dist_pair12": {
            "mean": 157.90155208352786,
            "std": 56.78170870850174,
            "median": 152.1228515979845
          },
          "dist_pair13": {
            "mean": 73.4049510353328,
            "std": 26.036746826549553,
            "median": 69.01804356956532
          },
          "dist_pair14": {
            "mean": 101.6877408535012,
            "std": 27.96104359208334,
            "median": 100.32574785031294
          },
          "dist_pair15": {
            "mean": 100.95381395875533,
            "std": 30.351995370208638,
            "median": 101.59851209839232
          },
          "dist_pair16": {
            "mean": 123.49448984703332,
            "std": 32.57870805673827,
            "median": 123.55617241287278
          },
          "dist_pair17": {
            "mean": 172.37100780087997,
            "std": 62.58971832237419,
            "median": 173.73795779654492
          },
          "dist_pair18": {
            "mean": 41.34062139277529,
            "std": 14.275224190599443,
            "median": 39.11316131738906
          },
          "dist_pair19": {
            "mean": 41.902279556866155,
            "std": 13.768608255097526,
            "median": 40.62957518369019
          },
          "dist_pair20": {
            "mean": 60.443082898590184,
            "std": 16.75288195601815,
            "median": 57.87339147093081
          },
          "dist_pair21": {
            "mean": 137.94654178393785,
            "std": 47.721079537613264,
            "median": 131.4238105213542
          },
          "dist_pair22": {
            "mean": 46.05071100520191,
            "std": 22.33463290282932,
            "median": 50.24929898576296
          },
          "dist_pair23": {
            "mean": 47.43990359728273,
            "std": 21.54483129703791,
            "median": 45.56900649493262
          },
          "dist_pair24": {
            "mean": 124.1537890506953,
            "std": 49.57218931295618,
            "median": 116.27691426237897
          },
          "dist_pair25": {
            "mean": 48.500669245818834,
            "std": 24.375401177767422,
            "median": 48.13166291308738
          },
          "dist_pair26": {
            "mean": 130.9005413777748,
            "std": 51.409177944620026,
            "median": 125.77296196996079
          },
          "dist_pair27": {
            "mean": 109.5994776893174,
            "std": 54.914415847778464,
            "median": 102.37364248163033
          },
          "centroid_speed": {
            "mean": 99.92860115961187,
            "std": 120.66547042130203,
            "median": 63.900583004720154
          },
          "body_orientation": {
            "mean": -0.7263891224407532,
            "std": 0.9525974775271568,
            "median": -0.6120342973354838
          },
          "elongation": {
            "mean": 2.7540474660812744,
            "std": 1.3933378058784327,
            "median": 2.4119135314609172
          },
          "angular_velocity": {
            "mean": -0.036644231051321544,
            "std": 14.962451200600904,
            "median": 0.022849387966047963
          },
          "movement_entropy": {
            "mean": 0.07231642372237461,
            "std": 0.07915333805248935,
            "median": 0.05365517196336737
          },
          "speed_mean_window": {
            "mean": 162.80359409928622,
            "std": 110.1747160265921,
            "median": 150.5602824346255
          },
          "speed_std_window": {
            "mean": 286.18284123562773,
            "std": 205.70245805768025,
            "median": 238.28017859190086
          },
          "speed_max_window": {
            "mean": 2074.0249972094343,
            "std": 1500.1846787896823,
            "median": 1672.5504908387725
          },
          "speed_p90_window": {
            "mean": 366.0197505602481,
            "std": 272.2668484690059,
            "median": 314.9001887444848
          },
          "dist_mean_window": {
            "mean": 85.95543400937262,
            "std": 12.409114232404209,
            "median": 84.76353793179197
          },
          "dist_std_window": {
            "mean": 51.964202214247635,
            "std": 17.14928831590472,
            "median": 47.91015333320805
          },
          "angular_vel_mean_window": {
            "mean": 4.2608028276892425,