,State_0,State_1
State_0,0.9954986149584487,0.004501385041551247
State_1,0.047619047619047616,0.9523809523809523
