,State_0,State_1,State_2,State_3
State_0,0.8813559322033898,0.04745762711864407,0.010169491525423728,0.061016949152542375
State_1,0.013125512715340444,0.9081214109926169,0.05824446267432322,0.020508613617719443
State_2,0.0011716461628588166,0.020503807850029292,0.973345049794962,0.00497949619214997
State_3,0.032467532467532464,0.06060606060606061,0.0367965367965368,0.8701298701298701
