{
  "behavioral_states": {
    "n_states": 2,
    "states": {
      "state_0": {
        "occurrence_rate": 0.8717663862878908,
        "total_frames": 5493,
        "total_duration_sec": 183.1,
        "n_bouts": 25,
        "mean_bout_duration_sec": 7.324,
        "median_bout_duration_sec": 0.8,
        "max_bout_duration_sec": 38.86666666666667,
        "feature_profile": {
          "speed_kp0": {
            "mean": 22.529168533572197,
            "std": 27.034754754949592,
            "median": 11.571282451463038
          },
          "speed_kp1": {
            "mean": 24.434355336720564,
            "std": 29.626624226031627,
            "median": 12.892133480565887
          },
          "speed_kp2": {
            "mean": 37.91752778331551,
            "std": 49.317265310457195,
            "median": 16.62126041832148
          },
          "speed_kp3": {
            "mean": 16.5714991861764,
            "std": 19.00655625095333,
            "median": 9.452662524234462
          },
          "speed_kp4": {
            "mean": 14.632216035310076,
            "std": 21.321487703545586,
            "median": 7.804236317782275
          },
          "speed_kp5": {
            "mean": 17.3324446089342,
            "std": 25.01867430894088,
            "median": 9.541711829656778
          },
          "speed_kp6": {
            "mean": 14.119226199890814,
            "std": 33.01107808210733,
            "median": 5.201189652222748
          },
          "speed_kp7": {
            "mean": 10.02088531614752,
            "std": 89.56034948375415,
            "median": 1.9979589958523092
          },
          "dist_pair0": {
            "mean": 27.579529464734748,
            "std": 4.099113998229603,
            "median": 28.390869179607133
          },
          "dist_pair1": {
            "mean": 31.371079268808042,
            "std": 10.865843516022732,
            "median": 32.90572045345566
          },
          "dist_pair2": {
            "mean": 27.743152459673283,
            "std": 2.9198495736524093,
            "median": 27.173905634920384
          },
          "dist_pair3": {
            "mean": 48.55464437535044,
            "std": 7.251616805482091,
            "median": 47.626156841429
          },
          "dist_pair4": {
            "mean": 61.329803296716314,
            "std": 5.131557794953812,
            "median": 61.3380245277327
          },
          "dist_pair5": {
            "mean": 79.16209428651344,
            "std": 10.042300755643572,
            "median": 78.23347463310634
          },
          "dist_pair6": {
            "mean": 149.39041567917891,
            "std": 33.65392410293015,
            "median": 147.36974703630133
          },
          "dist_pair7": {
            "mean": 31.183811662996902,
            "std": 12.54800507506312,
            "median": 33.00843388930399
          },
          "dist_pair8": {
            "mean": 30.510796255316958,
            "std": 3.380771942873476,
            "median": 30.413042122454872
          },
          "dist_pair9": {
            "mean": 65.87847334554752,
            "std": 4.799187524669032,
            "median": 65.50553435580062
          },
          "dist_pair10": {
            "mean": 50.91153882267913,
            "std": 9.556131341385647,
            "median": 50.75948094940757
          },
          "dist_pair11": {
            "mean": 81.30599224465503,
            "std": 11.683345475613132,
            "median": 82.15967715204734
          },
          "dist_pair12": {
            "mean": 144.364420848949,
            "std": 46.71814649269514,
            "median": 156.63962353897543
          },
          "dist_pair13": {
            "mean": 52.53637792578807,
            "std": 11.772176147936056,
            "median": 53.853927401943956
          },
          "dist_pair14": {
            "mean": 77.7132460784581,
            "std": 11.37953088890419,
            "median": 77.41045446934054
          },
          "dist_pair15": {
            "mean": 78.85454487241725,
            "std": 13.711666060969637,
            "median": 78.10948000170816
          },
          "dist_pair16": {
            "mean": 103.93998836831078,
            "std": 9.539598102621653,
            "median": 101.32312121494418
          },
          "dist_pair17": {
            "mean": 154.70546857035575,
            "std": 41.46824478132865,
            "median": 161.31360908938683
          },
          "dist_pair18": {
            "mean": 38.46847187401943,
            "std": 4.290492236800232,
            "median": 39.061218156954276
          },
          "dist_pair19": {
            "mean": 36.001217472073904,
            "std": 4.127876981994325,
            "median": 36.12284029726067
          },
          "dist_pair20": {
            "mean": 55.03819890816981,
            "std": 8.373113875782874,
            "median": 54.78711544962608
          },
          "dist_pair21": {
            "mean": 136.60330224696096,
            "std": 34.77234260211887,
            "median": 132.11802762855774
          },
          "dist_pair22": {
            "mean": 59.92745725241216,
            "std": 3.41979639231512,
            "median": 59.720104987200024
          },
          "dist_pair23": {
            "mean": 48.4929579495912,
            "std": 9.026786101257654,
            "median": 49.359429421711866
          },
          "dist_pair24": {
            "mean": 140.8599956075933,
            "std": 26.341224068216796,
            "median": 144.16699748605868
          },
          "dist_pair25": {
            "mean": 41.53285116096655,
            "std": 9.77339948123671,
            "median": 43.93629452713555
          },
          "dist_pair26": {
            "mean": 121.33972054117334,
            "std": 49.63440678255725,
            "median": 127.4704918862002
          },
          "dist_pair27": {
            "mean": 115.12040598104826,
            "std": 49.78712716800094,
            "median": 102.66135174107242
          },
          "centroid_speed": {
            "mean": 11.946649026366211,
            "std": 17.06056238391667,
            "median": 5.93402143926245
          },
          "body_orientation": {
            "mean": -0.3555892074248046,
            "std": 0.7619386672636959,
            "median": -0.1419366238907538
          },
          "elongation": {
            "mean": 2.5032331207598406,
            "std": 0.9044066063775174,
            "median": 2.4410568485018223
          },
          "angular_velocity": {
            "mean": -0.042646170146799854,
            "std": 3.6375011696398047,
            "median": -0.0002998369380026456
          },
          "movement_entropy": {
            "mean": 0.7619993767631449,
            "std": 0.6086572765809094,
            "median": 0.5068715815348741
          },
          "speed_mean_window": {
            "mean": 20.36146029118474,
            "std": 18.442011295013994,
            "median": 14.83521156610733
          },
          "speed_std_window": {
            "mean": 25.94442346613711,
            "std": 36.59063631344141,
            "median": 18.210915935999697
          },
          "speed_max_window": {
            "mean": 185.31450131442426,
            "std": 338.9364974036626,
            "median": 111.70898401803926
          },
          "speed_p90_window": {
            "mean": 44.30159449098489,
            "std": 36.85367925907856,
            "median": 32.61826422014008
          },
          "dist_mean_window": {
            "mean": 74.91666773190754,
            "std": 8.829630662690636,
            "median": 75.82673818040664
          },
          "dist_std_window": {
            "mean": 44.10397858653175,
            "std": 12.198591943611708,
            "median": 42.516622930021704
          },
          "angular_vel_mean_window": {
            "mean": 0.3893151455697739,
            "std": 0.9367750861245648,