state,occurrence_rate,total_duration_sec,n_bouts,mean_bout_duration_sec
state_0,0.8717663862878908,183.1,25,7.324
state_1,0.1282336137121092,26.933333333333334,24,1.1222222222222222
