,State_0,State_1
State_0,0.9956300072833212,0.004369992716678805
State_1,0.0297029702970297,0.9702970297029703
