{
  "behavioral_states": {
    "n_states": 2,
    "states": {
      "state_0": {
        "occurrence_rate": 0.8089495398286258,
        "total_frames": 5098,
        "total_duration_sec": 169.93333333333334,
        "n_bouts": 32,
        "mean_bout_duration_sec": 5.310416666666667,
        "median_bout_duration_sec": 1.1166666666666667,
        "max_bout_duration_sec": 50.46666666666667,
        "feature_profile": {
          "speed_kp0": {
            "mean": 19.41231070182059,
            "std": 28.610169871449017,
            "median": 7.949805184623527
          },
          "speed_kp1": {
            "mean": 21.228423839048475,
            "std": 30.099529621069447,
            "median": 8.959743913683731
          },
          "speed_kp2": {
            "mean": 29.101756211979875,
            "std": 54.264113255495765,
            "median": 5.628552162968367
          },
          "speed_kp3": {
            "mean": 12.481426173838816,
            "std": 16.784930155935257,
            "median": 5.9061619606670455
          },
          "speed_kp4": {
            "mean": 16.509386384355913,
            "std": 52.87892842220223,
            "median": 6.2047267047794055
          },
          "speed_kp5": {
            "mean": 15.982260937353477,
            "std": 31.74676598733531,
            "median": 8.48730447847031
          },
          "speed_kp6": {
            "mean": 6.598892882938148,
            "std": 10.839411547973391,
            "median": 3.1162698632914214
          },
          "speed_kp7": {
            "mean": 40.62635385681888,
            "std": 233.3222597923577,
            "median": 2.8654950979773446
          },
          "dist_pair0": {
            "mean": 28.78533241230502,
            "std": 2.212335615344514,
            "median": 28.54900846255108
          },
          "dist_pair1": {
            "mean": 30.53291595701329,
            "std": 7.202713820594586,
            "median": 28.704198777169815
          },
          "dist_pair2": {
            "mean": 33.28244388588346,
            "std": 5.128608178976657,
            "median": 32.39572794427322
          },
          "dist_pair3": {
            "mean": 65.67731357965528,
            "std": 9.026264487139258,
            "median": 67.93558605643715
          },
          "dist_pair4": {
            "mean": 77.33113240475,
            "std": 4.896150336429029,
            "median": 77.11623031776996
          },
          "dist_pair5": {
            "mean": 99.57903000369367,
            "std": 8.512599997338274,
            "median": 98.26125796492342
          },
          "dist_pair6": {
            "mean": 150.78677509255627,
            "std": 40.68369579081155,
            "median": 168.26775435784174
          },
          "dist_pair7": {
            "mean": 29.781760122041234,
            "std": 8.646988313557655,
            "median": 26.957582126073234
          },
          "dist_pair8": {
            "mean": 33.98328911043762,
            "std": 3.40352912961821,
            "median": 33.50215743675025
          },
          "dist_pair9": {
            "mean": 78.69674535957041,
            "std": 4.809115281787465,
            "median": 79.12698522311605
          },
          "dist_pair10": {
            "mean": 66.91176147704131,
            "std": 9.44714883345748,
            "median": 67.89660409059562
          },
          "dist_pair11": {
            "mean": 98.83767806140224,
            "std": 9.984265892433879,
            "median": 99.27518403523473
          },
          "dist_pair12": {
            "mean": 151.9661598830716,
            "std": 44.54618942535968,
            "median": 171.67527902562725
          },
          "dist_pair13": {
            "mean": 55.91959930200452,
            "std": 9.162912776242754,
            "median": 52.56822490780299
          },
          "dist_pair14": {
            "mean": 93.0881308858147,
            "std": 8.986162905533247,
            "median": 95.79383651870879
          },
          "dist_pair15": {
            "mean": 93.4855642782618,
            "std": 11.160132291520913,
            "median": 95.5664420981433
          },
          "dist_pair16": {
            "mean": 121.36247467071826,
            "std": 9.560331790841548,
            "median": 122.34724461867248
          },
          "dist_pair17": {
            "mean": 171.75829777386215,
            "std": 43.748258219388084,
            "median": 197.4432474131038
          },
          "dist_pair18": {
            "mean": 46.76658260326011,
            "std": 4.1576470031829755,
            "median": 47.318677474015985
          },
          "dist_pair19": {
            "mean": 45.856580220961234,
            "std": 4.114188111033287,
            "median": 45.72931797950478
          },
          "dist_pair20": {
            "mean": 69.44372002042336,
            "std": 6.570273840020695,
            "median": 69.20771411086142
          },
          "dist_pair21": {
            "mean": 124.92550040898078,
            "std": 40.07288174061135,
            "median": 141.96568892979445
          },
          "dist_pair22": {
            "mean": 61.62347719613115,
            "std": 5.63655590033216,
            "median": 61.562508188377464
          },
          "dist_pair23": {
            "mean": 52.70400122435067,
            "std": 6.383489171963226,
            "median": 52.93987345110807
          },
          "dist_pair24": {
            "mean": 101.3093742832514,
            "std": 34.11985494957729,
            "median": 116.36135812720049
          },
          "dist_pair25": {
            "mean": 42.127544172854634,
            "std": 9.21700026776636,
            "median": 43.28389461706162
          },
          "dist_pair26": {
            "mean": 99.2884490663768,
            "std": 41.655821383122344,
            "median": 109.24095966637
          },
          "dist_pair27": {
            "mean": 67.05500371063192,
            "std": 34.87839984883972,
            "median": 72.03875128093901
          },
          "centroid_speed": {
            "mean": 13.322729393847435,
            "std": 31.825752529901223,
            "median": 4.412254974051219
          },
          "body_orientation": {
            "mean": -0.4000455800523767,
            "std": 0.5029028898684547,
            "median": -0.24792860983841775
          },
          "elongation": {
            "mean": 2.8678374142474103,
            "std": 0.8436442685806089,
            "median": 3.025559832958691
          },
          "angular_velocity": {
            "mean": 0.009324650505523328,
            "std": 2.292660239049032,
            "median": 0.0017035035430318368
          },
          "movement_entropy": {
            "mean": 0.8970659052832463,
            "std": 0.7007426244710293,
            "median": 0.8168229381332314
          },
          "speed_mean_window": {
            "mean": 20.968502814118942,
            "std": 27.51157116603128,
            "median": 8.540985706225635
          },
          "speed_std_window": {
            "mean": 37.519089875244305,
            "std": 69.77650307807475,
            "median": 9.638271285922663
          },
          "speed_max_window": {
            "mean": 295.10642350311826,
            "std": 610.1965057209211,
            "median": 58.302302486609186
          },
          "speed_p90_window": {
            "mean": 40.63024540138065,
            "std": 48.354320808251245,
            "median": 16.205482491281884
          },
          "dist_mean_window": {
            "mean": 78.83238764223262,
            "std": 10.521993376851713,
            "median": 84.41742342320715
          },
          "dist_std_window": {
            "mean": 42.125654060341965,
            "std": 9.922491541924822,
            "median": 46.20840056849154
          },
          "angular_vel_mean_window": {
            "mean": 0.3973010610967152,
            "std": 1.1409386133277777,