state,occurrence_rate,total_duration_sec,n_bouts,mean_bout_duration_sec
state_0,0.8089495398286258,169.93333333333334,32,5.310416666666667
state_1,0.19105046017137417,40.13333333333333,32,1.2541666666666667
