,State_0,State_1
State_0,0.9939179909750834,0.006082009024916618
State_1,0.026578073089700997,0.973421926910299
