,State_0,State_1,State_2
State_0,0.8089887640449438,0.026217228464419477,0.1647940074906367
State_1,0.003524672708962739,0.9637462235649547,0.03272910372608258
State_2,0.014344915524386357,0.020401657634682817,0.9652534268409309
