{
  "behavioral_states": {
    "n_states": 2,
    "states": {
      "state_0": {
        "occurrence_rate": 0.9041574103459219,
        "total_frames": 5698,
        "total_duration_sec": 189.93333333333334,
        "n_bouts": 30,
        "mean_bout_duration_sec": 6.331111111111111,
        "median_bout_duration_sec": 0.9333333333333333,
        "max_bout_duration_sec": 40.56666666666667,
        "feature_profile": {
          "speed_kp0": {
            "mean": 20.176640496789727,
            "std": 33.79478094595957,
            "median": 6.804992393689099
          },
          "speed_kp1": {
            "mean": 20.733493157570884,
            "std": 33.86053942343006,
            "median": 7.258841586992899
          },
          "speed_kp2": {
            "mean": 34.39372288802425,
            "std": 138.99583499567444,
            "median": 7.026358714484859
          },
          "speed_kp3": {
            "mean": 14.117893132612986,
            "std": 20.30246745272099,
            "median": 6.744482252726701
          },
          "speed_kp4": {
            "mean": 67.86201261319383,
            "std": 211.38334344284183,
            "median": 6.497411785353345
          },
          "speed_kp5": {
            "mean": 41.016339848718175,
            "std": 125.8074203955521,
            "median": 6.9919381220735515
          },
          "speed_kp6": {
            "mean": 47.244722205580764,
            "std": 168.2285393235521,
            "median": 3.5190826398106694
          },
          "speed_kp7": {
            "mean": 34.32269470623283,
            "std": 211.1643068820671,
            "median": 2.4436293135094713
          },
          "dist_pair0": {
            "mean": 24.015767241752908,
            "std": 6.80216175764971,
            "median": 26.396659914461083
          },
          "dist_pair1": {
            "mean": 28.895097377237253,
            "std": 7.990515758095588,
            "median": 29.76856728741522
          },
          "dist_pair2": {
            "mean": 38.217085160420496,
            "std": 4.517282537382085,
            "median": 37.93415316313842
          },
          "dist_pair3": {
            "mean": 62.56051280438224,
            "std": 9.437255761291974,
            "median": 64.1041125812909
          },
          "dist_pair4": {
            "mean": 68.27553616040848,
            "std": 8.749921810940958,
            "median": 65.71548541381317
          },
          "dist_pair5": {
            "mean": 85.56367788710409,
            "std": 11.578368380923083,
            "median": 83.32657419530608
          },
          "dist_pair6": {
            "mean": 82.78281360061189,
            "std": 10.862479461068107,
            "median": 81.49410865601183
          },
          "dist_pair7": {
            "mean": 23.711878747640846,
            "std": 5.713765450574969,
            "median": 22.031643229070735
          },
          "dist_pair8": {
            "mean": 37.020755597426835,
            "std": 3.5927088796169384,
            "median": 36.55320065872843
          },
          "dist_pair9": {
            "mean": 66.50281009125626,
            "std": 11.302241324076604,
            "median": 68.84284075599095
          },
          "dist_pair10": {
            "mean": 58.93036563915944,
            "std": 11.581307123353053,
            "median": 58.65844804975196
          },
          "dist_pair11": {
            "mean": 86.14596297875015,
            "std": 9.884787435861695,
            "median": 86.0106862619746
          },
          "dist_pair12": {
            "mean": 92.28749386880094,
            "std": 15.503219478232152,
            "median": 89.45491757570753
          },
          "dist_pair13": {
            "mean": 57.69057783959306,
            "std": 5.148409897133717,
            "median": 57.23663517006885
          },
          "dist_pair14": {
            "mean": 84.80049870071304,
            "std": 11.788249620353195,
            "median": 84.92679492028269
          },
          "dist_pair15": {
            "mean": 81.37143732471924,
            "std": 9.736140343897752,
            "median": 80.63955880822687
          },
          "dist_pair16": {
            "mean": 107.04013432655543,
            "std": 10.215772432885748,
            "median": 106.07555353116084
          },
          "dist_pair17": {
            "mean": 79.28454709680751,
            "std": 23.375285104268034,
            "median": 73.3690712854133
          },
          "dist_pair18": {
            "mean": 36.74766882738888,
            "std": 9.431734682535748,
            "median": 37.49251883348232
          },
          "dist_pair19": {
            "mean": 34.55176726954229,
            "std": 6.150060310798318,
            "median": 33.17020234555763
          },
          "dist_pair20": {
            "mean": 51.675589499842985,
            "std": 8.978264169932743,
            "median": 48.84269444060756
          },
          "dist_pair21": {
            "mean": 110.9997555738191,
            "std": 8.589177783120217,
            "median": 111.908209428408
          },
          "dist_pair22": {
            "mean": 44.61754416851304,
            "std": 16.767430919001246,
            "median": 48.00630396843967
          },
          "dist_pair23": {
            "mean": 35.160273901769116,
            "std": 18.46648683773002,
            "median": 32.868922974729074
          },
          "dist_pair24": {
            "mean": 121.78782906771372,
            "std": 24.546852457626475,
            "median": 122.44180278404845
          },
          "dist_pair25": {
            "mean": 42.73077489491299,
            "std": 15.991600800643958,
            "median": 43.4294754641124
          },
          "dist_pair26": {
            "mean": 132.9900784788227,
            "std": 9.86409997857088,
            "median": 132.52615424297275
          },
          "dist_pair27": {
            "mean": 146.9797573027342,
            "std": 16.815592924371426,
            "median": 155.12701216214646
          },
          "centroid_speed": {
            "mean": 23.368951506285665,
            "std": 47.77833629395944,
            "median": 5.02064339321825
          },
          "body_orientation": {
            "mean": -0.41876173207866163,
            "std": 1.0879778942427132,
            "median": -0.327698628002774
          },
          "elongation": {
            "mean": 2.269527596292562,
            "std": 0.8391164903527836,
            "median": 1.8942239775579797
          },
          "angular_velocity": {
            "mean": 0.021257421547340515,
            "std": 20.13328205193195,
            "median": -0.00024389527640999997
          },
          "movement_entropy": {
            "mean": 0.6168973009349696,
            "std": 0.6632869779736973,
            "median": 0.43689930551171763
          },
          "speed_mean_window": {
            "mean": 37.98878271874645,
            "std": 52.77502114731778,
            "median": 11.95136942646731
          },
          "speed_std_window": {
            "mean": 82.88506811485644,
            "std": 123.64852451074508,
            "median": 17.480734438400034
          },
          "speed_max_window": {
            "mean": 604.0708443378596,
            "std": 914.3226059354505,
            "median": 108.4469418193675
          },
          "speed_p90_window": {
            "mean": 90.45747950168743,
            "std": 150.59736441281515,
            "median": 24.480201588661153
          },
          "dist_mean_window": {
            "mean": 69.03555141296091,
            "std": 3.015420167004149,
            "median": 68.61672611012472
          },
          "dist_std_window": {
            "mean": 35.67728485931799,
            "std": 3.7418396306133683,
            "median": 35.418114873663285
          },
          "angular_vel_mean_window": {
            "mean": 5.074998795734809,
            "std": 7.351930280199227,