state,occurrence_rate,total_duration_sec,n_bouts,mean_bout_duration_sec
state_0,0.9041574103459219,189.93333333333334,30,6.331111111111111
state_1,0.09584258965407808,20.133333333333333,29,0.6942528735632184
