,State_0,State_1
State_0,0.9949096015446727,0.0050903984553273655
State_1,0.048013245033112585,0.9519867549668874
