{
  "behavioral_states": {
    "n_states": 2,
    "states": {
      "state_0": {
        "occurrence_rate": 0.1975563313233894,
        "total_frames": 1245,
        "total_duration_sec": 41.5,
        "n_bouts": 64,
        "mean_bout_duration_sec": 0.6484375,
        "median_bout_duration_sec": 0.06666666666666667,
        "max_bout_duration_sec": 12.5,
        "feature_profile": {
          "speed_kp0": {
            "mean": 58.92378205837897,
            "std": 87.87960605683962,
            "median": 34.027380364449165
          },
          "speed_kp1": {
            "mean": 63.498266889375735,
            "std": 98.55519085794337,
            "median": 37.93990957606875
          },
          "speed_kp2": {
            "mean": 94.14932157136016,
            "std": 126.74086245066421,
            "median": 60.80534212227436
          },
          "speed_kp3": {
            "mean": 41.74963579822195,
            "std": 64.95644849387223,
            "median": 23.60751544209935
          },
          "speed_kp4": {
            "mean": 49.82786045971851,
            "std": 99.18565955379583,
            "median": 20.57091579753982
          },
          "speed_kp5": {
            "mean": 49.82986252367133,
            "std": 90.2793580735997,
            "median": 26.390733479919476
          },
          "speed_kp6": {
            "mean": 44.54265935903815,
            "std": 103.51262699619836,
            "median": 16.52231014375836
          },
          "speed_kp7": {
            "mean": 204.03791687330312,
            "std": 507.9240492800749,
            "median": 21.53893520290184
          },
          "dist_pair0": {
            "mean": 29.63429449033987,
            "std": 4.241765059391053,
            "median": 29.093320790672813
          },
          "dist_pair1": {
            "mean": 29.662492776223004,
            "std": 8.403629630679282,
            "median": 27.957563242967243
          },
          "dist_pair2": {
            "mean": 33.83627977458266,
            "std": 5.204604916291579,
            "median": 33.75283930596754
          },
          "dist_pair3": {
            "mean": 74.7381391664182,
            "std": 16.022881680727668,
            "median": 72.19690805455221
          },
          "dist_pair4": {
            "mean": 84.05806877196429,
            "std": 9.106946768531529,
            "median": 82.54710666298966
          },
          "dist_pair5": {
            "mean": 109.75041617610353,
            "std": 14.286091769933641,
            "median": 108.79952308326673
          },
          "dist_pair6": {
            "mean": 189.23552834329442,
            "std": 32.30676340547409,
            "median": 191.69960329353123
          },
          "dist_pair7": {
            "mean": 24.49078090838097,
            "std": 11.34904372424486,
            "median": 24.85308961803881
          },
          "dist_pair8": {
            "mean": 36.42662777137881,
            "std": 4.823218554893575,
            "median": 35.735634296894474
          },
          "dist_pair9": {
            "mean": 87.91002428517767,
            "std": 10.383109016084234,
            "median": 85.17286509489449
          },
          "dist_pair10": {
            "mean": 77.77681652839102,
            "std": 12.316372171553141,
            "median": 76.60790208230726
          },
          "dist_pair11": {
            "mean": 112.14067932051577,
            "std": 12.945170383485172,
            "median": 111.05805293338744
          },
          "dist_pair12": {
            "mean": 195.1836477945347,
            "std": 31.735250099756687,
            "median": 194.0227692578676
          },
          "dist_pair13": {
            "mean": 53.31929164595486,
            "std": 10.290855472871447,
            "median": 51.44155121732891
          },
          "dist_pair14": {
            "mean": 99.48894013819408,
            "std": 17.415631480257943,
            "median": 96.66365977490265
          },
          "dist_pair15": {
            "mean": 98.11641318856262,
            "std": 13.276915096145144,
            "median": 95.75005456995116
          },
          "dist_pair16": {
            "mean": 129.45332826918056,
            "std": 14.842418304121486,
            "median": 126.92242375732631
          },
          "dist_pair17": {
            "mean": 208.49652678376782,
            "std": 33.857851616794555,
            "median": 210.51197974414634
          },
          "dist_pair18": {
            "mean": 53.729448313128856,
            "std": 7.246007703331325,
            "median": 52.397752033694445
          },
          "dist_pair19": {
            "mean": 52.27356928760942,
            "std": 6.12781478563482,
            "median": 51.12473475006414
          },
          "dist_pair20": {
            "mean": 79.58113312584693,
            "std": 10.18548711073466,
            "median": 78.73514772382353
          },
          "dist_pair21": {
            "mean": 165.71725457229067,
            "std": 30.543963208550373,
            "median": 163.99611536743464
          },
          "dist_pair22": {
            "mean": 58.04585464804309,
            "std": 8.144491063987331,
            "median": 59.15524335108025
          },
          "dist_pair23": {
            "mean": 51.74367599788269,
            "std": 5.5192029501076805,
            "median": 52.611240003793014
          },
          "dist_pair24": {
            "mean": 130.21395740438655,
            "std": 34.96822847286189,
            "median": 125.79231455060211
          },
          "dist_pair25": {
            "mean": 43.4652579586282,
            "std": 8.643388098221681,
            "median": 44.81303471566116
          },
          "dist_pair26": {
            "mean": 135.11405490348358,
            "std": 41.822008036087475,
            "median": 126.0071754122008
          },
          "dist_pair27": {
            "mean": 100.1444585744749,
            "std": 42.956949002158545,
            "median": 89.52724110790216
          },
          "centroid_speed": {
            "mean": 50.15466387327083,
            "std": 74.18790707549968,
            "median": 26.54361896814609
          },
          "body_orientation": {
            "mean": -0.45321597353699217,
            "std": 0.5502020384015683,
            "median": -0.36185650011258785
          },
          "elongation": {
            "mean": 3.319470334427608,
            "std": 0.7982336632769144,
            "median": 3.4089542476492047
          },
          "angular_velocity": {
            "mean": -0.2444029874235775,
            "std": 7.374359916168337,
            "median": 0.01891199100434421
          },
          "movement_entropy": {
            "mean": 0.20018969180085647,
            "std": 0.13783881062933548,
            "median": 0.1910575888227766
          },
          "speed_mean_window": {
            "mean": 74.97974179105864,
            "std": 79.27331295572665,
            "median": 45.40804701927583
          },
          "speed_std_window": {
            "mean": 122.88099238661685,
            "std": 149.77362636345717,
            "median": 50.83024646605447
          },
          "speed_max_window": {
            "mean": 958.9997757051841,
            "std": 1169.760099741583,
            "median": 360.19419219428784
          },
          "speed_p90_window": {
            "mean": 144.25959163176367,
            "std": 158.35486863812832,
            "median": 86.84473364383155
          },
          "dist_mean_window": {
            "mean": 88.44772702728716,
            "std": 9.079525808060222,
            "median": 90.11492501114003
          },
          "dist_std_window": {
            "mean": 51.6446504210046,
            "std": 8.911503807063282,
            "median": 52.37434351599621
          },
          "angular_vel_mean_window": {
            "mean": 1.4184956812288194,
            "std": 2.9131406272615714,