state,occurrence_rate,total_duration_sec,n_bouts,mean_bout_duration_sec
state_0,0.1975563313233894,41.5,64,0.6484375
state_1,0.8024436686766107,168.56666666666666,65,2.5933333333333333
