,State_0,State_1
State_0,0.9485943775100402,0.05140562248995984
State_1,0.012658227848101266,0.9873417721518988
