{
  "behavioral_states": {
    "n_states": 2,
    "states": {
      "state_0": {
        "occurrence_rate": 0.8757187905768874,
        "total_frames": 4721,
        "total_duration_sec": 157.36666666666667,
        "n_bouts": 20,
        "mean_bout_duration_sec": 7.868333333333334,
        "median_bout_duration_sec": 0.15,
        "max_bout_duration_sec": 88.23333333333333,
        "feature_profile": {
          "speed_kp0": {
            "mean": 16.670810197712417,
            "std": 29.747135044242338,
            "median": 7.462927079306286
          },
          "speed_kp1": {
            "mean": 26.30026391620445,
            "std": 57.468999407821784,
            "median": 9.805183743094453
          },
          "speed_kp2": {
            "mean": 35.797655807862995,
            "std": 129.41896874651826,
            "median": 5.371650937480429
          },
          "speed_kp3": {
            "mean": 10.366268854398763,
            "std": 14.632962281975738,
            "median": 5.6363209542715715
          },
          "speed_kp4": {
            "mean": 14.843995791877173,
            "std": 25.73034094176499,
            "median": 8.816187674518277
          },
          "speed_kp5": {
            "mean": 13.304136554915422,
            "std": 33.210493641639914,
            "median": 6.63485264234667
          },
          "speed_kp6": {
            "mean": 37.09351957063408,
            "std": 89.71121339225033,
            "median": 5.831149980650463
          },
          "speed_kp7": {
            "mean": 7.272209997850425,
            "std": 79.73164960564965,
            "median": 2.275262522753639
          },
          "dist_pair0": {
            "mean": 26.281988239034394,
            "std": 4.605544125716599,
            "median": 26.683606276450035
          },
          "dist_pair1": {
            "mean": 31.446042532780623,
            "std": 8.974770581769004,
            "median": 34.9133131870987
          },
          "dist_pair2": {
            "mean": 23.94466992664275,
            "std": 4.023726193136105,
            "median": 26.074306051270625
          },
          "dist_pair3": {
            "mean": 40.74619093053418,
            "std": 5.395417705293096,
            "median": 40.04364200191314
          },
          "dist_pair4": {
            "mean": 59.417758122541734,
            "std": 6.229869808099718,
            "median": 59.67766950905614
          },
          "dist_pair5": {
            "mean": 63.08848833095026,
            "std": 7.2985850467232956,
            "median": 62.41737045577944
          },
          "dist_pair6": {
            "mean": 87.25594520288016,
            "std": 15.755529707839726,
            "median": 81.91812368316138
          },
          "dist_pair7": {
            "mean": 29.623269893677087,
            "std": 11.479848907813194,
            "median": 29.513508235033402
          },
          "dist_pair8": {
            "mean": 28.56859608661393,
            "std": 3.7757489492083973,
            "median": 28.081963431639174
          },
          "dist_pair9": {
            "mean": 61.10188669891858,
            "std": 3.6044533113318202,
            "median": 60.681257558184946
          },
          "dist_pair10": {
            "mean": 53.80993902426142,
            "std": 9.144365837991296,
            "median": 50.391834000723186
          },
          "dist_pair11": {
            "mean": 76.28102166966667,
            "std": 6.426926250979391,
            "median": 75.15760268798661
          },
          "dist_pair12": {
            "mean": 98.45107993513095,
            "std": 23.243580536719644,
            "median": 95.45125738520517
          },
          "dist_pair13": {
            "mean": 49.44516055495941,
            "std": 7.484316346707989,
            "median": 49.68407646694655
          },
          "dist_pair14": {
            "mean": 70.7183204291017,
            "std": 7.703713149480374,
            "median": 71.45207092948262
          },
          "dist_pair15": {
            "mean": 80.8079226529934,
            "std": 9.022681733938063,
            "median": 79.72363949057188
          },
          "dist_pair16": {
            "mean": 92.86716248195573,
            "std": 7.930924956785096,
            "median": 92.77927646487564
          },
          "dist_pair17": {
            "mean": 77.4809123174354,
            "std": 31.025093134306392,
            "median": 82.62223140760601
          },
          "dist_pair18": {
            "mean": 37.133215729221575,
            "std": 3.3041535243503724,
            "median": 36.83459788684191
          },
          "dist_pair19": {
            "mean": 35.83474633407155,
            "std": 3.128773758503002,
            "median": 34.386303983129835
          },
          "dist_pair20": {
            "mean": 49.47840124914918,
            "std": 5.5161050912188,
            "median": 47.57611435857999
          },
          "dist_pair21": {
            "mean": 105.85785722001344,
            "std": 14.765152378617277,
            "median": 101.13175855336532
          },
          "dist_pair22": {
            "mean": 57.55076542650805,
            "std": 3.961957559016634,
            "median": 57.59522042415146
          },
          "dist_pair23": {
            "mean": 30.07684169216986,
            "std": 8.056325882380893,
            "median": 31.007682479441097
          },
          "dist_pair24": {
            "mean": 102.01602087290645,
            "std": 15.570674710454961,
            "median": 106.78969313020653
          },
          "dist_pair25": {
            "mean": 49.427553124388616,
            "std": 11.992657793992127,
            "median": 43.82317877151175
          },
          "dist_pair26": {
            "mean": 137.54909844872108,
            "std": 18.018250283674963,
            "median": 135.48065336679173
          },
          "dist_pair27": {
            "mean": 122.26290181805707,
            "std": 23.640605884484025,
            "median": 129.74937886024327
          },
          "centroid_speed": {
            "mean": 13.938236467121696,
            "std": 24.086686098962648,
            "median": 5.058350541953727
          },
          "body_orientation": {
            "mean": -0.014454577937677942,
            "std": 0.19827064479618517,
            "median": -0.06964806038407735
          },
          "elongation": {
            "mean": 2.013109374964554,
            "std": 0.571280336671675,
            "median": 1.6786524952760278
          },
          "angular_velocity": {
            "mean": 0.012201560337202275,
            "std": 4.15024713119684,
            "median": -0.0012352538925318457
          },
          "movement_entropy": {
            "mean": 0.6102958078484022,
            "std": 0.4981062271348814,
            "median": 0.5766489597529992
          },
          "speed_mean_window": {
            "mean": 19.958288425028236,
            "std": 20.09445755107251,
            "median": 8.810225844980991
          },
          "speed_std_window": {
            "mean": 39.00702469708432,
            "std": 50.484871324504496,
            "median": 10.746837283965496
          },
          "speed_max_window": {
            "mean": 267.5942453363238,
            "std": 353.3460478394091,
            "median": 75.55221080686546
          },
          "speed_p90_window": {
            "mean": 35.76836938162491,
            "std": 41.80367297475154,
            "median": 17.494000303009106
          },
          "dist_mean_window": {
            "mean": 63.692413479417716,
            "std": 3.960838483793406,
            "median": 62.76806317520997
          },
          "dist_std_window": {
            "mean": 32.37711978946065,
            "std": 4.133412306590912,
            "median": 30.91491778458021
          },
          "angular_vel_mean_window": {
            "mean": 0.8033640353691505,
            "std": 2.5433656819485813,