state,occurrence_rate,total_duration_sec,n_bouts,mean_bout_duration_sec
state_0,0.8757187905768874,157.36666666666667,20,7.868333333333334
state_1,0.12428120942311259,22.333333333333332,19,1.1754385964912282
