,State_0,State_1
State_0,0.9959745762711865,0.004025423728813559
State_1,0.028358208955223882,0.9716417910447761
