{
  "behavioral_states": {
    "n_states": 2,
    "states": {
      "state_0": {
        "occurrence_rate": 0.7911774039987306,
        "total_frames": 4986,
        "total_duration_sec": 166.2,
        "n_bouts": 373,
        "mean_bout_duration_sec": 0.4455764075067024,
        "median_bout_duration_sec": 0.1,
        "max_bout_duration_sec": 12.0,
        "feature_profile": {
          "speed_kp0": {
            "mean": 32.96883249456536,
            "std": 55.37193895762531,
            "median": 17.362460730819862
          },
          "speed_kp1": {
            "mean": 31.33220434459751,
            "std": 41.017144587414094,
            "median": 18.231341691559802
          },
          "speed_kp2": {
            "mean": 45.181157517036944,
            "std": 107.25049823594432,
            "median": 15.177673741654946
          },
          "speed_kp3": {
            "mean": 23.45760674694061,
            "std": 30.525338442917068,
            "median": 14.968436693980998
          },
          "speed_kp4": {
            "mean": 76.80742819949293,
            "std": 168.43980033463012,
            "median": 38.77210524216796
          },
          "speed_kp5": {
            "mean": 129.30192558470705,
            "std": 155.45060495250155,
            "median": 54.12874828518345
          },
          "speed_kp6": {
            "mean": 525.9608672655992,
            "std": 621.7347213156646,
            "median": 328.4990475712948
          },
          "speed_kp7": {
            "mean": 917.559810597952,
            "std": 889.0369741759388,
            "median": 704.2850630233964
          },
          "dist_pair0": {
            "mean": 27.13652689963416,
            "std": 3.2767629386247368,
            "median": 27.323084090550335
          },
          "dist_pair1": {
            "mean": 31.404192620301583,
            "std": 7.213399715929851,
            "median": 32.044652300642724
          },
          "dist_pair2": {
            "mean": 37.79875287921308,
            "std": 5.165693757835302,
            "median": 36.69398945041894
          },
          "dist_pair3": {
            "mean": 61.848698425207104,
            "std": 9.471625162914924,
            "median": 60.80927383169327
          },
          "dist_pair4": {
            "mean": 70.38546347637903,
            "std": 9.059578538833165,
            "median": 70.21814382549556
          },
          "dist_pair5": {
            "mean": 74.70870598181124,
            "std": 19.314322349079248,
            "median": 74.97070291109034
          },
          "dist_pair6": {
            "mean": 96.23623657173316,
            "std": 37.69276585704597,
            "median": 98.28265873396353
          },
          "dist_pair7": {
            "mean": 28.301514498813347,
            "std": 5.821178607227276,
            "median": 28.23278373566741
          },
          "dist_pair8": {
            "mean": 37.96735699896147,
            "std": 5.229759510663603,
            "median": 36.86727141939334
          },
          "dist_pair9": {
            "mean": 69.62126249879135,
            "std": 8.167364365703886,
            "median": 68.36514154129611
          },
          "dist_pair10": {
            "mean": 64.36710996165712,
            "std": 11.877873953814479,
            "median": 65.40855202302247
          },
          "dist_pair11": {
            "mean": 80.16858201783386,
            "std": 19.628237975875454,
            "median": 78.9175896765
          },
          "dist_pair12": {
            "mean": 110.38506362142475,
            "std": 40.15697525031356,
            "median": 108.21811022159214
          },
          "dist_pair13": {
            "mean": 61.33686159810752,
            "std": 7.520992018043391,
            "median": 60.57094308955256
          },
          "dist_pair14": {
            "mean": 89.80619196538605,
            "std": 9.710412220639146,
            "median": 88.34741456639243
          },
          "dist_pair15": {
            "mean": 90.19329832150451,
            "std": 11.508885923773608,
            "median": 91.27375793269665
          },
          "dist_pair16": {
            "mean": 99.93448544325288,
            "std": 20.599417003928618,
            "median": 99.41895703140241
          },
          "dist_pair17": {
            "mean": 100.70981290220124,
            "std": 45.76099017171166,
            "median": 99.17097941511476
          },
          "dist_pair18": {
            "mean": 33.377415335966404,
            "std": 6.507531159892439,
            "median": 31.812735661375957
          },
          "dist_pair19": {
            "mean": 35.85480727439851,
            "std": 5.09571740809586,
            "median": 35.513516057699356
          },
          "dist_pair20": {
            "mean": 48.770554097979456,
            "std": 17.617844824529517,
            "median": 45.97851047952231
          },
          "dist_pair21": {
            "mean": 115.48898650273411,
            "std": 34.30230408693169,
            "median": 112.62005124542006
          },
          "dist_pair22": {
            "mean": 35.443674901779296,
            "std": 13.61012638325154,
            "median": 33.617326135116485
          },
          "dist_pair23": {
            "mean": 35.030867007147656,
            "std": 20.79339547390302,
            "median": 30.615416866591815
          },
          "dist_pair24": {
            "mean": 122.47473526613369,
            "std": 37.01776022396872,
            "median": 123.21965912048316
          },
          "dist_pair25": {
            "mean": 46.348029685793186,
            "std": 24.727318166933966,
            "median": 45.47391218778758
          },
          "dist_pair26": {
            "mean": 138.9307215364326,
            "std": 34.970072537783295,
            "median": 140.38478097719891
          },
          "dist_pair27": {
            "mean": 128.57234064856578,
            "std": 41.726113843257416,
            "median": 126.02678925129425
          },
          "centroid_speed": {
            "mean": 154.51103403724306,
            "std": 122.6969427810611,
            "median": 120.68517224489878
          },
          "body_orientation": {
            "mean": -0.665257448300507,
            "std": 0.9202781869883162,
            "median": -0.5679605659293372
          },
          "elongation": {
            "mean": 2.1630000903644384,
            "std": 0.9031498255125984,
            "median": 1.9043731135296869
          },
          "angular_velocity": {
            "mean": 1.2934131348536637,
            "std": 27.821647638123583,
            "median": 0.09046374226076903
          },
          "movement_entropy": {
            "mean": 0.04293499727789546,
            "std": 0.055734025546282255,
            "median": 0.0333472469042912
          },
          "speed_mean_window": {
            "mean": 224.77063159615227,
            "std": 75.08773949965821,
            "median": 225.0745893147129
          },
          "speed_std_window": {
            "mean": 468.34515638619916,
            "std": 162.46001655620123,
            "median": 471.3894289552518
          },
          "speed_max_window": {
            "mean": 2676.9244061860404,
            "std": 849.0219213113471,
            "median": 2754.239207025334
          },
          "speed_p90_window": {
            "mean": 710.1124137586052,
            "std": 344.24316670154985,
            "median": 678.7090505508961
          },
          "dist_mean_window": {
            "mean": 72.54128753292335,
            "std": 5.5709660247328685,
            "median": 72.24910831195928
          },
          "dist_std_window": {
            "mean": 41.50016281907811,
            "std": 6.193998173304259,
            "median": 41.277587356675056
          },
          "angular_vel_mean_window": {
            "mean": 14.986602133551873,
            "std": 9.141063214194974,