state,occurrence_rate,total_duration_sec,n_bouts,mean_bout_duration_sec
state_0,0.7911774039987306,166.2,373,0.4455764075067024
state_1,0.20882259600126943,43.86666666666667,372,0.11792114695340501
