,State_0,State_1
State_0,0.9253761283851555,0.07462387161484453
State_1,0.2826747720364742,0.7173252279635258
