,State_0,State_1,State_2,State_3,State_4
State_0,0.9918727915194346,0.00035335689045936394,0.004593639575971731,0.0,0.0031802120141342758
State_1,0.0,0.9769319492502884,0.01384083044982699,0.0,0.00922722029988466
State_2,0.02034428794992175,0.02034428794992175,0.9061032863849765,0.0,0.053208137715179966
State_3,0.0,0.0,0.0,0.9841688654353562,0.0158311345646438
State_4,0.014814814814814815,0.008888888888888889,0.05185185185185185,0.008888888888888889,0.9155555555555556
