{
  "behavioral_states": {
    "n_states": 2,
    "states": {
      "state_0": {
        "occurrence_rate": 0.24948989055833798,
        "total_frames": 1345,
        "total_duration_sec": 44.833333333333336,
        "n_bouts": 61,
        "mean_bout_duration_sec": 0.7349726775956285,
        "median_bout_duration_sec": 0.1,
        "max_bout_duration_sec": 16.133333333333333,
        "feature_profile": {
          "speed_kp0": {
            "mean": 82.5384824369797,
            "std": 145.83410338608604,
            "median": 34.80286739639318
          },
          "speed_kp1": {
            "mean": 87.87644930143638,
            "std": 157.71817836904088,
            "median": 33.37109605387459
          },
          "speed_kp2": {
            "mean": 95.79215006923916,
            "std": 213.17316582978967,
            "median": 38.04865462826449
          },
          "speed_kp3": {
            "mean": 51.44542506110804,
            "std": 68.47750596479871,
            "median": 25.939305651289953
          },
          "speed_kp4": {
            "mean": 59.239639676881126,
            "std": 122.6000717553826,
            "median": 18.405262266044414
          },
          "speed_kp5": {
            "mean": 51.91792939458511,
            "std": 80.30870435363008,
            "median": 26.927974872469218
          },
          "speed_kp6": {
            "mean": 66.30190528848726,
            "std": 175.6217660378789,
            "median": 11.27369273698588
          },
          "speed_kp7": {
            "mean": 127.02817476890472,
            "std": 350.0667998525674,
            "median": 12.827908254072362
          },
          "dist_pair0": {
            "mean": 38.23623139193205,
            "std": 13.638174615390543,
            "median": 37.5318289620709
          },
          "dist_pair1": {
            "mean": 38.98149773905551,
            "std": 13.668263054464289,
            "median": 38.895020575663494
          },
          "dist_pair2": {
            "mean": 39.6333178916125,
            "std": 8.372546372277354,
            "median": 37.17063766741963
          },
          "dist_pair3": {
            "mean": 90.81469945194594,
            "std": 19.130928354452106,
            "median": 96.08270950705501
          },
          "dist_pair4": {
            "mean": 100.08089529275037,
            "std": 11.347992939990931,
            "median": 100.71651648932466
          },
          "dist_pair5": {
            "mean": 126.99680836776773,
            "std": 17.137926460317452,
            "median": 131.0326175864458
          },
          "dist_pair6": {
            "mean": 194.73339836823834,
            "std": 36.11496821078868,
            "median": 203.54104907185598
          },
          "dist_pair7": {
            "mean": 38.13093044039668,
            "std": 18.27092407790578,
            "median": 39.84805250829952
          },
          "dist_pair8": {
            "mean": 41.21603790561,
            "std": 14.676343330088432,
            "median": 37.321169637350806
          },
          "dist_pair9": {
            "mean": 98.72039735241205,
            "std": 15.521600868675463,
            "median": 99.15250410917166
          },
          "dist_pair10": {
            "mean": 84.10423574690579,
            "std": 19.94003049580373,
            "median": 80.49624983329001
          },
          "dist_pair11": {
            "mean": 126.41697700291562,
            "std": 20.246102404218117,
            "median": 121.37149094883222
          },
          "dist_pair12": {
            "mean": 190.14346249016867,
            "std": 27.02729759382063,
            "median": 196.58320141752637
          },
          "dist_pair13": {
            "mean": 67.36186332283425,
            "std": 13.968257058792958,
            "median": 64.26650241991774
          },
          "dist_pair14": {
            "mean": 123.4234677486062,
            "std": 18.548996186416424,
            "median": 129.14136847238075
          },
          "dist_pair15": {
            "mean": 118.0892926093876,
            "std": 16.233127257275832,
            "median": 117.04415443941978
          },
          "dist_pair16": {
            "mean": 155.5776190223384,
            "std": 17.232941299442178,
            "median": 158.28143385000797
          },
          "dist_pair17": {
            "mean": 217.43614276651238,
            "std": 35.084376015293614,
            "median": 233.34635744902144
          },
          "dist_pair18": {
            "mean": 62.19894039601798,
            "std": 11.508818191929235,
            "median": 62.973367558124224
          },
          "dist_pair19": {
            "mean": 63.28756464664774,
            "std": 11.785859674572745,
            "median": 64.83718546359721
          },
          "dist_pair20": {
            "mean": 93.72518058739887,
            "std": 17.723678448723412,
            "median": 96.92296139840269
          },
          "dist_pair21": {
            "mean": 166.00604970996426,
            "std": 27.495791603567522,
            "median": 171.7372779278173
          },
          "dist_pair22": {
            "mean": 64.79002342254077,
            "std": 9.876092413234948,
            "median": 66.59094038602586
          },
          "dist_pair23": {
            "mean": 47.012280792277124,
            "std": 19.182401419548032,
            "median": 40.276540404986115
          },
          "dist_pair24": {
            "mean": 124.61093481708171,
            "std": 27.942431929361856,
            "median": 130.73660082814308
          },
          "dist_pair25": {
            "mean": 63.449956930949,
            "std": 24.825293019507203,
            "median": 59.59905806475222
          },
          "dist_pair26": {
            "mean": 126.96353148177866,
            "std": 21.992215508650737,
            "median": 125.71300934538367
          },
          "dist_pair27": {
            "mean": 94.30135238971518,
            "std": 19.452516749339573,
            "median": 95.82619076206042
          },
          "centroid_speed": {
            "mean": 50.876855725243466,
            "std": 67.27553996925809,
            "median": 26.7412707422189
          },
          "body_orientation": {
            "mean": -1.20139398624318,
            "std": 0.6349270899077167,
            "median": -1.508710758665378
          },
          "elongation": {
            "mean": 2.7165280920167234,
            "std": 0.6065379389250665,
            "median": 2.679760733871123
          },
          "angular_velocity": {
            "mean": -0.09018616870343121,
            "std": 5.8038043235169,
            "median": -0.006773038520335728
          },
          "movement_entropy": {
            "mean": 0.2635633662547244,
            "std": 0.345712345864385,
            "median": 0.1033244488656862
          },
          "speed_mean_window": {
            "mean": 80.65864864204273,
            "std": 67.48170032571498,
            "median": 70.6150203365987
          },
          "speed_std_window": {
            "mean": 136.58724125564146,
            "std": 129.15039090610998,
            "median": 93.93219085408823
          },
          "speed_max_window": {
            "mean": 995.0758948430698,
            "std": 945.8140963291576,
            "median": 745.3541087565018
          },
          "speed_p90_window": {
            "mean": 184.72137868864485,
            "std": 179.01408838182158,
            "median": 147.93833561410725
          },
          "dist_mean_window": {
            "mean": 97.99421927732672,
            "std": 7.601930388953232,
            "median": 99.51834446590667
          },
          "dist_std_window": {
            "mean": 52.125051107146255,
            "std": 5.906606116463972,
            "median": 54.28145677974493
          },
          "angular_vel_mean_window": {
            "mean": 1.272666281745636,
            "std": 2.0695689700261863,