state,occurrence_rate,total_duration_sec,n_bouts,mean_bout_duration_sec
state_0,0.24948989055833798,44.833333333333336,61,0.7349726775956285
state_1,0.7505101094416621,134.86666666666667,61,2.210928961748634
