,State_0,State_1
State_0,0.9546468401486989,0.04535315985130112
State_1,0.014833127317676144,0.9851668726823238
