{
  "behavioral_states": {
    "n_states": 2,
    "states": {
      "state_0": {
        "occurrence_rate": 0.7659061398627341,
        "total_frames": 4129,
        "total_duration_sec": 137.63333333333333,
        "n_bouts": 135,
        "mean_bout_duration_sec": 1.0195061728395063,
        "median_bout_duration_sec": 0.1,
        "max_bout_duration_sec": 47.333333333333336,
        "feature_profile": {
          "speed_kp0": {
            "mean": 45.2872897579883,
            "std": 86.87599502611374,
            "median": 21.37496467385432
          },
          "speed_kp1": {
            "mean": 86.89810028468352,
            "std": 252.79212009452846,
            "median": 32.71141719827804
          },
          "speed_kp2": {
            "mean": 84.21718061713986,
            "std": 192.6303778806966,
            "median": 26.099928697643875
          },
          "speed_kp3": {
            "mean": 31.962435335137805,
            "std": 34.17076204394929,
            "median": 20.878074326654303
          },
          "speed_kp4": {
            "mean": 44.42959668295795,
            "std": 90.25728474539333,
            "median": 20.090324198973327
          },
          "speed_kp5": {
            "mean": 31.334638288665904,
            "std": 50.93457729133867,
            "median": 17.82923919594224
          },
          "speed_kp6": {
            "mean": 32.013172420569106,
            "std": 108.22423037850896,
            "median": 8.893187124394437
          },
          "speed_kp7": {
            "mean": 121.14239052703924,
            "std": 359.0153994852181,
            "median": 20.234292150074417
          },
          "dist_pair0": {
            "mean": 32.875130020945356,
            "std": 15.913596315829531,
            "median": 31.139287605833687
          },
          "dist_pair1": {
            "mean": 40.23991869673439,
            "std": 16.344140863036678,
            "median": 40.71870494778147
          },
          "dist_pair2": {
            "mean": 28.6482181641142,
            "std": 5.609695329442138,
            "median": 27.768151995219128
          },
          "dist_pair3": {
            "mean": 52.84496763807899,
            "std": 9.969606026455043,
            "median": 52.010991249640284
          },
          "dist_pair4": {
            "mean": 67.44132748890414,
            "std": 9.691025938284591,
            "median": 66.65234677587051
          },
          "dist_pair5": {
            "mean": 84.54531651693547,
            "std": 14.188983877568573,
            "median": 82.05909190830468
          },
          "dist_pair6": {
            "mean": 152.13014966873936,
            "std": 27.343110852326074,
            "median": 145.54481638363407
          },
          "dist_pair7": {
            "mean": 37.31890470012672,
            "std": 13.883675866894,
            "median": 36.56282158200459
          },
          "dist_pair8": {
            "mean": 31.284280019087483,
            "std": 17.94629779198984,
            "median": 29.325191342595836
          },
          "dist_pair9": {
            "mean": 70.31839849089144,
            "std": 18.25681797588726,
            "median": 69.36048151257094
          },
          "dist_pair10": {
            "mean": 57.424261375385036,
            "std": 21.765298563337865,
            "median": 53.7281993085253
          },
          "dist_pair11": {
            "mean": 88.94011904168303,
            "std": 22.439285391545496,
            "median": 84.41974677542534
          },
          "dist_pair12": {
            "mean": 155.52259066675967,
            "std": 34.141809054076575,
            "median": 146.60490245683042
          },
          "dist_pair13": {
            "mean": 57.99771354661405,
            "std": 14.594395967181287,
            "median": 57.345692849857855
          },
          "dist_pair14": {
            "mean": 89.80212137955826,
            "std": 18.544895246311402,
            "median": 90.78026197960926
          },
          "dist_pair15": {
            "mean": 89.13917360690303,
            "std": 17.14224445585342,
            "median": 87.87508789245967
          },
          "dist_pair16": {
            "mean": 116.29677569581598,
            "std": 18.995296272648424,
            "median": 115.9309839605941
          },
          "dist_pair17": {
            "mean": 179.17371749430583,
            "std": 35.54525784710585,
            "median": 181.4691723433444
          },
          "dist_pair18": {
            "mean": 41.086704471667176,
            "std": 5.742469889887214,
            "median": 41.03715906984178
          },
          "dist_pair19": {
            "mean": 39.92071433112798,
            "std": 6.283800024432414,
            "median": 38.95216560344275
          },
          "dist_pair20": {
            "mean": 61.34627206391964,
            "std": 10.803905674120495,
            "median": 58.434204226721306
          },
          "dist_pair21": {
            "mean": 134.00734647832775,
            "std": 24.84024892622525,
            "median": 128.1398886852316
          },
          "dist_pair22": {
            "mean": 56.51022079923988,
            "std": 4.361868313370361,
            "median": 57.40137053587712
          },
          "dist_pair23": {
            "mean": 42.92177337430207,
            "std": 9.342401631126235,
            "median": 40.862232933419875
          },
          "dist_pair24": {
            "mean": 114.07356669379854,
            "std": 29.213256230985408,
            "median": 104.91166074559797
          },
          "dist_pair25": {
            "mean": 43.96205408943986,
            "std": 9.197093164704146,
            "median": 43.98081085238586
          },
          "dist_pair26": {
            "mean": 113.7235167558597,
            "std": 28.529218173747413,
            "median": 104.8558665576212
          },
          "dist_pair27": {
            "mean": 85.90820725118932,
            "std": 37.46774437550639,
            "median": 79.96273816472106
          },
          "centroid_speed": {
            "mean": 38.84649854095483,
            "std": 63.19416100361774,
            "median": 16.718055463895332
          },
          "body_orientation": {
            "mean": 0.08468626836151492,
            "std": 0.5187120585622208,
            "median": 0.2857141963708604
          },
          "elongation": {
            "mean": 2.986007653891422,
            "std": 0.7776811025168894,
            "median": 2.9631362663182976
          },
          "angular_velocity": {
            "mean": 0.10761903818394077,
            "std": 6.277902653280744,
            "median": -0.0017299209771903799
          },
          "movement_entropy": {
            "mean": 0.2463519423690316,
            "std": 0.24017889160469277,
            "median": 0.1218214253295366
          },
          "speed_mean_window": {
            "mean": 68.29601814519947,
            "std": 63.149182430402085,
            "median": 46.764769517942156
          },
          "speed_std_window": {
            "mean": 130.64054698946128,
            "std": 145.79412571405666,
            "median": 72.36810265888471
          },
          "speed_max_window": {
            "mean": 947.4272965899333,
            "std": 1093.2325835290858,
            "median": 554.5740523459762
          },
          "speed_p90_window": {
            "mean": 156.95483642121954,
            "std": 179.18599614490526,
            "median": 80.82606499359183
          },
          "dist_mean_window": {
            "mean": 76.24591722284765,
            "std": 6.694054542227201,
            "median": 75.4756956466025
          },
          "dist_std_window": {
            "mean": 43.56370912048957,
            "std": 7.880341838468819,
            "median": 42.099109624826156
          },
          "angular_vel_mean_window": {
            "mean": 1.4067365278074735,
            "std": 2.6910560093168097,