,State_0,State_1
State_0,0.9673044320658755,0.03269556793412449
State_1,0.10626486915146709,0.893735130848533
