{
  "behavioral_states": {
    "n_states": 2,
    "states": {
      "state_0": {
        "occurrence_rate": 0.8587301587301587,
        "total_frames": 5410,
        "total_duration_sec": 180.33333333333334,
        "n_bouts": 19,
        "mean_bout_duration_sec": 9.49122807017544,
        "median_bout_duration_sec": 0.03333333333333333,
        "max_bout_duration_sec": 171.23333333333332,
        "feature_profile": {
          "speed_kp0": {
            "mean": 22.42710983526973,
            "std": 59.12751460671169,
            "median": 11.57970306480387
          },
          "speed_kp1": {
            "mean": 21.702774122059,
            "std": 71.42146127803673,
            "median": 9.68997229562068
          },
          "speed_kp2": {
            "mean": 49.71229393023265,
            "std": 254.2420592426738,
            "median": 12.0858704966895
          },
          "speed_kp3": {
            "mean": 17.037950430102466,
            "std": 55.855284306193866,
            "median": 9.481768921313783
          },
          "speed_kp4": {
            "mean": 36.84809974016208,
            "std": 200.8061943008389,
            "median": 9.271479742678896
          },
          "speed_kp5": {
            "mean": 39.22440547523512,
            "std": 91.5144737263319,
            "median": 25.047382505254596
          },
          "speed_kp6": {
            "mean": 14.866636765080631,
            "std": 63.55761154002046,
            "median": 6.424979039557236
          },
          "speed_kp7": {
            "mean": 876.3043451246642,
            "std": 1072.7022515596186,
            "median": 313.9533892416272
          },
          "dist_pair0": {
            "mean": 31.57894053363837,
            "std": 3.2486327827084933,
            "median": 31.61879496612385
          },
          "dist_pair1": {
            "mean": 27.57456786613638,
            "std": 13.588318347062708,
            "median": 26.1733356604751
          },
          "dist_pair2": {
            "mean": 46.82233545675123,
            "std": 3.7786027411884158,
            "median": 45.982615562855045
          },
          "dist_pair3": {
            "mean": 68.08296665985867,
            "std": 11.299189404957701,
            "median": 65.41395482996474
          },
          "dist_pair4": {
            "mean": 100.10572093063776,
            "std": 6.490290911393935,
            "median": 99.54956540347308
          },
          "dist_pair5": {
            "mean": 105.70003644854111,
            "std": 9.275146073621428,
            "median": 104.68486184270554
          },
          "dist_pair6": {
            "mean": 131.88094822615776,
            "std": 30.130878220735898,
            "median": 138.73902682749844
          },
          "dist_pair7": {
            "mean": 20.667494672802526,
            "std": 15.418454930895358,
            "median": 18.29135230786636
          },
          "dist_pair8": {
            "mean": 45.146206302973944,
            "std": 3.1207436836142994,
            "median": 44.56679104067846
          },
          "dist_pair9": {
            "mean": 81.87440660748204,
            "std": 8.885343519745476,
            "median": 81.0753597750464
          },
          "dist_pair10": {
            "mean": 91.49354927441644,
            "std": 7.114724258501059,
            "median": 90.64645840409108
          },
          "dist_pair11": {
            "mean": 109.12405856504975,
            "std": 6.589854404484197,
            "median": 108.59638037168034
          },
          "dist_pair12": {
            "mean": 131.43354525460867,
            "std": 36.14824132631113,
            "median": 146.76367821617475
          },
          "dist_pair13": {
            "mean": 59.61049600936956,
            "std": 11.184815275748178,
            "median": 57.01087743952738
          },
          "dist_pair14": {
            "mean": 90.13364805405196,
            "std": 13.812998218424152,
            "median": 88.68503980640627
          },
          "dist_pair15": {
            "mean": 108.62744636149709,
            "std": 10.021173188493602,
            "median": 106.54764864835666
          },
          "dist_pair16": {
            "mean": 122.55347870292405,
            "std": 10.572590220018801,
            "median": 120.97783273019296
          },
          "dist_pair17": {
            "mean": 143.75017498805343,
            "std": 35.466642184815285,
            "median": 158.14871865460483
          },
          "dist_pair18": {
            "mean": 43.224602855859416,
            "std": 8.538327332640739,
            "median": 42.67967470157381
          },
          "dist_pair19": {
            "mean": 54.15472929628225,
            "std": 4.343257530136173,
            "median": 53.85049214888374
          },
          "dist_pair20": {
            "mean": 64.73642389016274,
            "std": 4.223650234970101,
            "median": 64.44757724744657
          },
          "dist_pair21": {
            "mean": 97.73656091816115,
            "std": 33.71980896940801,
            "median": 103.65715611074658
          },
          "dist_pair22": {
            "mean": 67.43322701221044,
            "std": 8.398030843151766,
            "median": 67.40546274955136
          },
          "dist_pair23": {
            "mean": 47.994676195428234,
            "std": 9.706231868245721,
            "median": 47.61427549992277
          },
          "dist_pair24": {
            "mean": 87.87630170750681,
            "std": 38.129169214725025,
            "median": 74.83667738404304
          },
          "dist_pair25": {
            "mean": 42.39846332613637,
            "std": 5.642395851507882,
            "median": 41.77626617795519
          },
          "dist_pair26": {
            "mean": 78.80444010950256,
            "std": 37.100851501151936,
            "median": 81.81446418602401
          },
          "dist_pair27": {
            "mean": 63.99197717111869,
            "std": 46.42462266742107,
            "median": 44.72167715608887
          },
          "centroid_speed": {
            "mean": 117.67934757080879,
            "std": 138.16961790627136,
            "median": 42.973552163206975
          },
          "body_orientation": {
            "mean": 0.21280977003304086,
            "std": 0.8391593460355342,
            "median": 0.5863792377530623
          },
          "elongation": {
            "mean": 2.42891890840002,
            "std": 0.5279315364041252,
            "median": 2.6188860030772125
          },
          "angular_velocity": {
            "mean": 0.003695271517105336,
            "std": 21.326299254382445,
            "median": 0.0005795780367001679
          },
          "movement_entropy": {
            "mean": 0.06688049230301694,
            "std": 0.14558390000570212,
            "median": 0.026851398997530213
          },
          "speed_mean_window": {
            "mean": 135.53614238447997,
            "std": 92.45693559303312,
            "median": 124.01521011667818
          },
          "speed_std_window": {
            "mean": 440.4626911032118,
            "std": 200.70237103836615,
            "median": 462.8528905286371
          },
          "speed_max_window": {
            "mean": 2980.6286822383045,
            "std": 1122.7939342478587,
            "median": 3362.19151266124
          },
          "speed_p90_window": {
            "mean": 189.56288068487896,
            "std": 285.3863937927883,
            "median": 66.76269993324037
          },
          "dist_mean_window": {
            "mean": 77.27896968600405,
            "std": 4.211617037533872,
            "median": 76.30884855625601
          },
          "dist_std_window": {
            "mean": 38.42161085418059,
            "std": 4.109254571218404,
            "median": 37.21431724173726
          },
          "angular_vel_mean_window": {
            "mean": 8.507559994158958,
            "std": 7.204705293054157,