state,occurrence_rate,total_duration_sec,n_bouts,mean_bout_duration_sec
state_0,0.8587301587301587,180.33333333333334,19,9.49122807017544
state_1,0.14126984126984127,29.666666666666668,19,1.56140350877193
