,State_0,State_1
State_0,0.9964879852125693,0.003512014787430684
State_1,0.020247469066366704,0.9797525309336333
