{
  "behavioral_states": {
    "n_states": 2,
    "states": {
      "state_0": {
        "occurrence_rate": 0.6410093635930805,
        "total_frames": 4039,
        "total_duration_sec": 134.63333333333333,
        "n_bouts": 143,
        "mean_bout_duration_sec": 0.9414918414918414,
        "median_bout_duration_sec": 0.1,
        "max_bout_duration_sec": 11.733333333333333,
        "feature_profile": {
          "speed_kp0": {
            "mean": 70.91470398514207,
            "std": 78.66659935455907,
            "median": 47.06426457701929
          },
          "speed_kp1": {
            "mean": 63.008127308976285,
            "std": 73.7401735393344,
            "median": 42.304768879187556
          },
          "speed_kp2": {
            "mean": 130.84850119539334,
            "std": 233.65588324625028,
            "median": 85.24548710364033
          },
          "speed_kp3": {
            "mean": 44.08494890394918,
            "std": 53.514873737949294,
            "median": 27.751037577684535
          },
          "speed_kp4": {
            "mean": 113.96527154952308,
            "std": 188.2779956357336,
            "median": 37.84104207446756
          },
          "speed_kp5": {
            "mean": 131.5533190561607,
            "std": 249.05550469302398,
            "median": 31.840243335188205
          },
          "speed_kp6": {
            "mean": 43.279517734067724,
            "std": 102.41390637735843,
            "median": 12.648905112157308
          },
          "speed_kp7": {
            "mean": 115.81152357189407,
            "std": 414.7735363560165,
            "median": 2.577984594277253
          },
          "dist_pair0": {
            "mean": 30.497849604993355,
            "std": 5.682640549408905,
            "median": 31.306594179984913
          },
          "dist_pair1": {
            "mean": 31.019801362541752,
            "std": 12.580052680636083,
            "median": 28.008618578304414
          },
          "dist_pair2": {
            "mean": 49.17964927118086,
            "std": 6.672794598524723,
            "median": 48.78014713472982
          },
          "dist_pair3": {
            "mean": 79.18630360534918,
            "std": 14.78688187541794,
            "median": 77.5467229261367
          },
          "dist_pair4": {
            "mean": 87.67690587577486,
            "std": 14.905354169461038,
            "median": 90.58687843051067
          },
          "dist_pair5": {
            "mean": 108.08082238251224,
            "std": 12.923063213056372,
            "median": 106.9212643440506
          },
          "dist_pair6": {
            "mean": 162.90832520098235,
            "std": 32.79010318813869,
            "median": 162.64374491355463
          },
          "dist_pair7": {
            "mean": 27.96085123133352,
            "std": 12.831514497806506,
            "median": 26.202304575540403
          },
          "dist_pair8": {
            "mean": 46.15660991483589,
            "std": 7.211240048000838,
            "median": 45.5561158785822
          },
          "dist_pair9": {
            "mean": 76.33563816465418,
            "std": 17.544322705742644,
            "median": 79.8465437942505
          },
          "dist_pair10": {
            "mean": 77.29480354635443,
            "std": 19.511660626702753,
            "median": 77.03564986648622
          },
          "dist_pair11": {
            "mean": 105.08560925872038,
            "std": 11.928458189185005,
            "median": 103.75586578105606
          },
          "dist_pair12": {
            "mean": 150.30914156985298,
            "std": 30.169890810396357,
            "median": 151.3873890282542
          },
          "dist_pair13": {
            "mean": 67.72250939854662,
            "std": 12.462093751537713,
            "median": 65.30399987077799
          },
          "dist_pair14": {
            "mean": 97.23067641514011,
            "std": 20.868009589007332,
            "median": 97.83971337721478
          },
          "dist_pair15": {
            "mean": 99.8479293941133,
            "std": 19.588329412738975,
            "median": 100.52103080164859
          },
          "dist_pair16": {
            "mean": 125.39745619397416,
            "std": 15.010898441536122,
            "median": 125.07461104798894
          },
          "dist_pair17": {
            "mean": 156.8777576808663,
            "std": 40.287295057864114,
            "median": 155.41607873770636
          },
          "dist_pair18": {
            "mean": 42.07263862632492,
            "std": 8.681265650833273,
            "median": 40.93187369667084
          },
          "dist_pair19": {
            "mean": 47.32555843716,
            "std": 12.391867333358759,
            "median": 47.358349428434735
          },
          "dist_pair20": {
            "mean": 63.55623112945783,
            "std": 10.487853019984318,
            "median": 60.93974713350756
          },
          "dist_pair21": {
            "mean": 150.79413234966827,
            "std": 29.94481745046632,
            "median": 162.11461019087278
          },
          "dist_pair22": {
            "mean": 56.12879963514196,
            "std": 19.899694397661072,
            "median": 55.57177796184078
          },
          "dist_pair23": {
            "mean": 55.066945824852624,
            "std": 17.92557707411949,
            "median": 52.89187903925988
          },
          "dist_pair24": {
            "mean": 151.7746629826721,
            "std": 46.3644366486753,
            "median": 143.9267972556859
          },
          "dist_pair25": {
            "mean": 47.03360185070213,
            "std": 23.684172649574155,
            "median": 42.116488568829254
          },
          "dist_pair26": {
            "mean": 145.55059998685118,
            "std": 46.9383270056175,
            "median": 150.37836920480197
          },
          "dist_pair27": {
            "mean": 157.2681731250138,
            "std": 60.30348024050497,
            "median": 170.61816405794295
          },
          "centroid_speed": {
            "mean": 57.14169682829034,
            "std": 66.30169147825694,
            "median": 36.235745205559574
          },
          "body_orientation": {
            "mean": -1.0477899086575102,
            "std": 0.9487429790706974,
            "median": -1.190855814499825
          },
          "elongation": {
            "mean": 2.1697898847462924,
            "std": 0.8833454774983435,
            "median": 1.9011168927993676
          },
          "angular_velocity": {
            "mean": 0.1873591299194359,
            "std": 11.163572431255307,
            "median": 0.012138874259354226
          },
          "movement_entropy": {
            "mean": 0.12264732904036357,
            "std": 0.14002567341078903,
            "median": 0.08159994596989036
          },
          "speed_mean_window": {
            "mean": 87.72947068643096,
            "std": 55.0714528137272,
            "median": 75.96653016681854
          },
          "speed_std_window": {
            "mean": 165.17675193915056,
            "std": 122.16983310269592,
            "median": 134.43486367191713
          },
          "speed_max_window": {
            "mean": 1191.2718615084407,
            "std": 922.8750956661063,
            "median": 967.6571712432905
          },
          "speed_p90_window": {
            "mean": 190.76457636563262,
            "std": 126.48197827117988,
            "median": 159.2200715292135
          },
          "dist_mean_window": {
            "mean": 90.78292984332083,
            "std": 8.563405268885099,
            "median": 90.81731193659921
          },
          "dist_std_window": {
            "mean": 50.539447776813496,
            "std": 8.345284239136863,
            "median": 51.493782528589456
          },
          "angular_vel_mean_window": {
            "mean": 2.4915142976861384,
            "std": 4.053798986178337,