state,occurrence_rate,total_duration_sec,n_bouts,mean_bout_duration_sec
state_0,0.6410093635930805,134.63333333333333,143,0.9414918414918414
state_1,0.3589906364069195,75.4,142,0.5309859154929577
