,State_0,State_1
State_0,0.9648340762753839,0.03516592372461615
State_1,0.0627763041556145,0.9372236958443855
