{
  "behavioral_states": {
    "n_states": 2,
    "states": {
      "state_0": {
        "occurrence_rate": 0.24006820119352087,
        "total_frames": 1408,
        "total_duration_sec": 46.93333333333333,
        "n_bouts": 88,
        "mean_bout_duration_sec": 0.5333333333333333,
        "median_bout_duration_sec": 0.18333333333333332,
        "max_bout_duration_sec": 5.333333333333333,
        "feature_profile": {
          "speed_kp0": {
            "mean": 112.23218558963886,
            "std": 136.0800623032473,
            "median": 87.11541821206514
          },
          "speed_kp1": {
            "mean": 115.14726100692384,
            "std": 133.52150613943482,
            "median": 85.23321549257113
          },
          "speed_kp2": {
            "mean": 120.32914688814999,
            "std": 142.87302588294276,
            "median": 96.49513315477762
          },
          "speed_kp3": {
            "mean": 68.9409741944185,
            "std": 63.10040380936733,
            "median": 56.663910615973144
          },
          "speed_kp4": {
            "mean": 127.83842894896378,
            "std": 211.00787828031304,
            "median": 51.08174329306179
          },
          "speed_kp5": {
            "mean": 103.84129904276473,
            "std": 180.3126587475407,
            "median": 44.11291166313809
          },
          "speed_kp6": {
            "mean": 78.13890426140654,
            "std": 147.40211498866634,
            "median": 34.53402782295589
          },
          "speed_kp7": {
            "mean": 333.80224269945927,
            "std": 556.342962501648,
            "median": 54.363484401278754
          },
          "dist_pair0": {
            "mean": 30.086410117304272,
            "std": 7.062471979815733,
            "median": 28.620400878916477
          },
          "dist_pair1": {
            "mean": 36.29314701831664,
            "std": 12.230597879896667,
            "median": 34.839945150734444
          },
          "dist_pair2": {
            "mean": 41.46376873089858,
            "std": 9.871255214523613,
            "median": 39.49202286325059
          },
          "dist_pair3": {
            "mean": 85.40072166653526,
            "std": 18.841651641446695,
            "median": 82.98040471348241
          },
          "dist_pair4": {
            "mean": 93.44152015413643,
            "std": 15.716434905837632,
            "median": 90.71831250236396
          },
          "dist_pair5": {
            "mean": 116.89971157806436,
            "std": 17.43912777315989,
            "median": 115.12323577738869
          },
          "dist_pair6": {
            "mean": 169.23718439323218,
            "std": 50.96274906107088,
            "median": 171.8570158656368
          },
          "dist_pair7": {
            "mean": 33.972647341413186,
            "std": 12.723845165911671,
            "median": 32.52422340119699
          },
          "dist_pair8": {
            "mean": 40.78527517329088,
            "std": 11.033003162435934,
            "median": 37.59417466289824
          },
          "dist_pair9": {
            "mean": 92.49079832810966,
            "std": 15.812865828239685,
            "median": 91.50040952815439
          },
          "dist_pair10": {
            "mean": 85.51964110736122,
            "std": 19.323377843467856,
            "median": 81.62257214147482
          },
          "dist_pair11": {
            "mean": 116.92013313550082,
            "std": 17.912707750241452,
            "median": 116.55168464014575
          },
          "dist_pair12": {
            "mean": 168.65015701184555,
            "std": 51.25120488960547,
            "median": 175.03399010302837
          },
          "dist_pair13": {
            "mean": 68.94617641510189,
            "std": 14.019357890670006,
            "median": 69.73252625571581
          },
          "dist_pair14": {
            "mean": 116.87630647396503,
            "std": 17.13714753306573,
            "median": 116.7086579934285
          },
          "dist_pair15": {
            "mean": 116.49498085763898,
            "std": 19.88544075289166,
            "median": 115.17232121863005
          },
          "dist_pair16": {
            "mean": 144.7102328228793,
            "std": 16.505761418009403,
            "median": 144.7224017796098
          },
          "dist_pair17": {
            "mean": 188.35653563528334,
            "std": 53.46261169214822,
            "median": 194.58783588122344
          },
          "dist_pair18": {
            "mean": 55.11478842739075,
            "std": 14.207744491954893,
            "median": 53.082798270042986
          },
          "dist_pair19": {
            "mean": 55.016997919778056,
            "std": 13.147686435558107,
            "median": 52.996630908666184
          },
          "dist_pair20": {
            "mean": 80.3444757138641,
            "std": 15.50573312723348,
            "median": 79.25184944181956
          },
          "dist_pair21": {
            "mean": 145.83828615986985,
            "std": 44.71022982209952,
            "median": 150.85271895064864
          },
          "dist_pair22": {
            "mean": 54.53443701000518,
            "std": 16.26042142712622,
            "median": 57.168309257868145
          },
          "dist_pair23": {
            "mean": 45.271024579481356,
            "std": 12.346468520028283,
            "median": 44.907922162924876
          },
          "dist_pair24": {
            "mean": 124.268765037183,
            "std": 41.15181852677343,
            "median": 129.20741522707766
          },
          "dist_pair25": {
            "mean": 49.11293035651085,
            "std": 14.524873701482708,
            "median": 48.9599285912044
          },
          "dist_pair26": {
            "mean": 118.06499160502813,
            "std": 45.79067857466451,
            "median": 121.32155343562104
          },
          "dist_pair27": {
            "mean": 100.17810024440347,
            "std": 38.483877614385804,
            "median": 107.84472470510028
          },
          "centroid_speed": {
            "mean": 82.52061305531586,
            "std": 73.79463870170615,
            "median": 61.41762539022233
          },
          "body_orientation": {
            "mean": -0.8777842313601435,
            "std": 0.8716053334300045,
            "median": -0.895326709341854
          },
          "elongation": {
            "mean": 2.588325759196688,
            "std": 0.9586181377521751,
            "median": 2.430529220907795
          },
          "angular_velocity": {
            "mean": -0.18337010452251762,
            "std": 12.438792288794813,
            "median": 0.0047109416846757846
          },
          "movement_entropy": {
            "mean": 0.10238671229815281,
            "std": 0.08704973683022402,
            "median": 0.06904694976038017
          },
          "speed_mean_window": {
            "mean": 131.6959168883171,
            "std": 69.95934078282176,
            "median": 111.24883068075218
          },
          "speed_std_window": {
            "mean": 204.30661940837516,
            "std": 132.08833184743665,
            "median": 166.89362550142272
          },
          "speed_max_window": {
            "mean": 1345.7170309880144,
            "std": 819.1311321258115,
            "median": 1208.8540904837319
          },
          "speed_p90_window": {
            "mean": 312.25870111009385,
            "std": 217.28438967675672,
            "median": 214.6253723093227
          },
          "dist_mean_window": {
            "mean": 89.3857280887564,
            "std": 10.76531564982536,
            "median": 88.06118473944244
          },
          "dist_std_window": {
            "mean": 48.51913200349222,
            "std": 10.106669028359372,
            "median": 47.351958686510514
          },
          "angular_vel_mean_window": {
            "mean": 3.715363915206449,