,State_0,State_1
State_0,0.9375,0.0625
State_1,0.01952423698384201,0.980475763016158
