{
  "behavioral_states": {
    "n_states": 2,
    "states": {
      "state_0": {
        "occurrence_rate": 0.8548079974611235,
        "total_frames": 5387,
        "total_duration_sec": 179.56666666666666,
        "n_bouts": 48,
        "mean_bout_duration_sec": 3.7409722222222226,
        "median_bout_duration_sec": 0.13333333333333333,
        "max_bout_duration_sec": 52.8,
        "feature_profile": {
          "speed_kp0": {
            "mean": 18.27477865857463,
            "std": 21.03198443030952,
            "median": 12.084605751228029
          },
          "speed_kp1": {
            "mean": 18.483337927316732,
            "std": 23.589032292469543,
            "median": 11.951245039720147
          },
          "speed_kp2": {
            "mean": 31.23406535290931,
            "std": 45.085589364722296,
            "median": 16.82936603305474
          },
          "speed_kp3": {
            "mean": 15.064319185039926,
            "std": 15.123889363783727,
            "median": 11.548956601796966
          },
          "speed_kp4": {
            "mean": 13.624263443552053,
            "std": 19.324750611065976,
            "median": 9.88781693381242
          },
          "speed_kp5": {
            "mean": 26.944821019847392,
            "std": 32.12166775650021,
            "median": 18.85660786130201
          },
          "speed_kp6": {
            "mean": 11.348057110698532,
            "std": 21.803770120130334,
            "median": 8.002752573565092
          },
          "speed_kp7": {
            "mean": 139.90868677226413,
            "std": 420.72779076334285,
            "median": 23.151610709438604
          },
          "dist_pair0": {
            "mean": 27.426733985191692,
            "std": 2.6110414556010584,
            "median": 27.64170729651863
          },
          "dist_pair1": {
            "mean": 27.870977820156604,
            "std": 6.510899945821924,
            "median": 26.325867142481663
          },
          "dist_pair2": {
            "mean": 28.465935552536482,
            "std": 2.755185580586782,
            "median": 28.120631387176587
          },
          "dist_pair3": {
            "mean": 53.733397322358,
            "std": 8.063121969725362,
            "median": 52.90566167833824
          },
          "dist_pair4": {
            "mean": 69.12718586469234,
            "std": 5.558038511118612,
            "median": 68.63234749132177
          },
          "dist_pair5": {
            "mean": 86.8155270350762,
            "std": 7.8154165251387,
            "median": 87.13487233665528
          },
          "dist_pair6": {
            "mean": 106.14458493329239,
            "std": 20.53451046226551,
            "median": 104.97114124544304
          },
          "dist_pair7": {
            "mean": 28.314413381444123,
            "std": 8.860779644977605,
            "median": 27.237091748495285
          },
          "dist_pair8": {
            "mean": 30.59472744613441,
            "std": 3.314849898166717,
            "median": 29.990523642940087
          },
          "dist_pair9": {
            "mean": 70.34972956647621,
            "std": 3.2378260724861296,
            "median": 70.28414453675842
          },
          "dist_pair10": {
            "mean": 63.22471342854448,
            "std": 9.241442458516088,
            "median": 65.20519642434692
          },
          "dist_pair11": {
            "mean": 93.02198140514554,
            "std": 5.757467453070441,
            "median": 93.16140225798432
          },
          "dist_pair12": {
            "mean": 114.43639800552391,
            "std": 20.96413642694889,
            "median": 117.72360567496247
          },
          "dist_pair13": {
            "mean": 49.39033992867476,
            "std": 7.217352891442794,
            "median": 48.11223362410784
          },
          "dist_pair14": {
            "mean": 77.9127803927074,
            "std": 7.921092107370373,
            "median": 77.10421851704419
          },
          "dist_pair15": {
            "mean": 85.92160440166,
            "std": 11.031326306649778,
            "median": 87.11317831665127
          },
          "dist_pair16": {
            "mean": 109.0732337544749,
            "std": 6.8670560508023275,
            "median": 108.51644577521736
          },
          "dist_pair17": {
            "mean": 128.56695682276103,
            "std": 21.089636228402966,
            "median": 129.33248458060785
          },
          "dist_pair18": {
            "mean": 43.01203951879684,
            "std": 2.8426385786163575,
            "median": 43.4435967075708
          },
          "dist_pair19": {
            "mean": 41.78589698818048,
            "std": 4.091896381327242,
            "median": 41.67196091800463
          },
          "dist_pair20": {
            "mean": 63.967202914917905,
            "std": 4.252205163556834,
            "median": 64.62436022289609
          },
          "dist_pair21": {
            "mean": 85.94768338847986,
            "std": 19.53853181746206,
            "median": 88.24134159978503
          },
          "dist_pair22": {
            "mean": 57.459510967115676,
            "std": 2.3771907569626376,
            "median": 57.4413444290721
          },
          "dist_pair23": {
            "mean": 44.063688587533086,
            "std": 6.474008936766919,
            "median": 45.482530724976606
          },
          "dist_pair24": {
            "mean": 59.7023767114183,
            "std": 21.64826018795133,
            "median": 59.57518164181165
          },
          "dist_pair25": {
            "mean": 43.42964552682663,
            "std": 6.7725861855775085,
            "median": 43.225372386672326
          },
          "dist_pair26": {
            "mean": 66.99171586407262,
            "std": 23.812120085607415,
            "median": 70.4060705384646
          },
          "dist_pair27": {
            "mean": 29.230247306545202,
            "std": 21.47794412490663,
            "median": 27.95362147190321
          },
          "centroid_speed": {
            "mean": 23.222516616437716,
            "std": 52.213823163023434,
            "median": 8.93576399062107
          },
          "body_orientation": {
            "mean": 0.1925646061995044,
            "std": 0.30329632922152594,
            "median": 0.23477285047010726
          },
          "elongation": {
            "mean": 2.515424121856254,
            "std": 0.4091054965804238,
            "median": 2.5514287619656595
          },
          "angular_velocity": {
            "mean": 0.2786323047061068,
            "std": 6.05375614013714,
            "median": -0.004924337188713934
          },
          "movement_entropy": {
            "mean": 0.4465641808404633,
            "std": 0.34137767400562985,
            "median": 0.4128719044405972
          },
          "speed_mean_window": {
            "mean": 35.248868178972344,
            "std": 43.34979008072198,
            "median": 20.98620761751865
          },
          "speed_std_window": {
            "mean": 74.72830255238104,
            "std": 137.2542145214406,
            "median": 21.372595908053263
          },
          "speed_max_window": {
            "mean": 533.1918044408096,
            "std": 964.3996269610747,
            "median": 140.95962124716533
          },
          "speed_p90_window": {
            "mean": 70.00280524313888,
            "std": 119.59848497107178,
            "median": 40.00055754364501
          },
          "dist_mean_window": {
            "mean": 64.16886148978696,
            "std": 4.597924703494912,
            "median": 63.94700294621455
          },
          "dist_std_window": {
            "mean": 30.756796631480743,
            "std": 6.1194252972944865,
            "median": 29.751012790196288
          },
          "angular_vel_mean_window": {
            "mean": 1.295269018073386,
            "std": 3.3460583356775313,