state,occurrence_rate,total_duration_sec,n_bouts,mean_bout_duration_sec
state_0,0.8548079974611235,179.56666666666666,48,3.7409722222222226
state_1,0.14519200253887654,30.5,47,0.648936170212766
