,State_0,State_1
State_0,0.9912736724842184,0.008726327515781656
State_1,0.05136612021857923,0.9486338797814208
