{
  "behavioral_states": {
    "n_states": 2,
    "states": {
      "state_0": {
        "occurrence_rate": 0.8234314269850084,
        "total_frames": 4449,
        "total_duration_sec": 148.3,
        "n_bouts": 36,
        "mean_bout_duration_sec": 4.1194444444444445,
        "median_bout_duration_sec": 1.0333333333333334,
        "max_bout_duration_sec": 30.833333333333332,
        "feature_profile": {
          "speed_kp0": {
            "mean": 26.030983075850063,
            "std": 31.278775982552062,
            "median": 14.333476212088545
          },
          "speed_kp1": {
            "mean": 27.63609351376593,
            "std": 31.75231618889262,
            "median": 15.805133061593446
          },
          "speed_kp2": {
            "mean": 43.47376924509185,
            "std": 54.34216106678398,
            "median": 22.520512633459845
          },
          "speed_kp3": {
            "mean": 19.778391779876284,
            "std": 21.13247148760199,
            "median": 12.144941247033788
          },
          "speed_kp4": {
            "mean": 14.505376648165843,
            "std": 21.93419009056074,
            "median": 8.5165242470761
          },
          "speed_kp5": {
            "mean": 27.493739591054787,
            "std": 53.66410700824281,
            "median": 13.425825361294196
          },
          "speed_kp6": {
            "mean": 54.81179584904328,
            "std": 146.1457309507329,
            "median": 9.935618189890505
          },
          "speed_kp7": {
            "mean": 637.1598235134585,
            "std": 1064.093301031707,
            "median": 10.347202200596477
          },
          "dist_pair0": {
            "mean": 29.4680814821138,
            "std": 1.6380074121809778,
            "median": 29.514992077115405
          },
          "dist_pair1": {
            "mean": 38.36290081511418,
            "std": 5.512213793209245,
            "median": 37.62493514448109
          },
          "dist_pair2": {
            "mean": 30.28034997882876,
            "std": 2.701346285914424,
            "median": 30.282037784209585
          },
          "dist_pair3": {
            "mean": 50.2607725968271,
            "std": 7.27036288702222,
            "median": 50.230270227924905
          },
          "dist_pair4": {
            "mean": 63.14821630935396,
            "std": 6.861007800882384,
            "median": 62.711825224336856
          },
          "dist_pair5": {
            "mean": 73.41868057858575,
            "std": 12.83875981728765,
            "median": 74.02200281104238
          },
          "dist_pair6": {
            "mean": 172.32732235988246,
            "std": 87.44918107901563,
            "median": 149.74763750113686
          },
          "dist_pair7": {
            "mean": 38.95287426999853,
            "std": 5.480014787532992,
            "median": 39.339500165620635
          },
          "dist_pair8": {
            "mean": 32.27307482739107,
            "std": 2.840009657297333,
            "median": 32.58206581679158
          },
          "dist_pair9": {
            "mean": 67.17356328946295,
            "std": 5.0264459232207965,
            "median": 67.74830677172426
          },
          "dist_pair10": {
            "mean": 54.468788350679546,
            "std": 8.489546812972762,
            "median": 55.29014185370797
          },
          "dist_pair11": {
            "mean": 80.48785332627362,
            "std": 11.370524837157062,
            "median": 81.22476429754971
          },
          "dist_pair12": {
            "mean": 186.9544427097501,
            "std": 90.67450526045197,
            "median": 153.52772900646053
          },
          "dist_pair13": {
            "mean": 62.779341993873885,
            "std": 5.717353916040218,
            "median": 62.606930516511056
          },
          "dist_pair14": {
            "mean": 86.76292134881244,
            "std": 7.808842492267531,
            "median": 86.85688069385735
          },
          "dist_pair15": {
            "mean": 90.29920015273945,
            "std": 9.045229871346592,
            "median": 90.56046051046249
          },
          "dist_pair16": {
            "mean": 107.37788500282745,
            "std": 13.281777210196593,
            "median": 108.35166401342664
          },
          "dist_pair17": {
            "mean": 179.06607207961173,
            "std": 73.77481743463115,
            "median": 154.0614742550789
          },
          "dist_pair18": {
            "mean": 37.934877507399314,
            "std": 3.6019463885329355,
            "median": 38.45596622165791
          },
          "dist_pair19": {
            "mean": 34.05473397325478,
            "std": 5.621337227121607,
            "median": 32.87989850250947
          },
          "dist_pair20": {
            "mean": 51.16286807648266,
            "std": 8.715576030854843,
            "median": 50.11451075892035
          },
          "dist_pair21": {
            "mean": 179.73130242053443,
            "std": 103.34764257190952,
            "median": 164.95160666614933
          },
          "dist_pair22": {
            "mean": 53.40290506543911,
            "std": 4.6719656233416575,
            "median": 53.45422070068577
          },
          "dist_pair23": {
            "mean": 32.659504069136,
            "std": 14.503016864407119,
            "median": 35.481715090493054
          },
          "dist_pair24": {
            "mean": 164.33774048246778,
            "std": 111.30690201250538,
            "median": 164.24277873710903
          },
          "dist_pair25": {
            "mean": 43.99378018536107,
            "std": 12.396077389739528,
            "median": 46.456229704023556
          },
          "dist_pair26": {
            "mean": 193.75966704823725,
            "std": 116.95790317481534,
            "median": 186.47940316575585
          },
          "dist_pair27": {
            "mean": 172.8141546995813,
            "std": 129.21812061571444,
            "median": 181.99948855059628
          },
          "centroid_speed": {
            "mean": 89.59768970627148,
            "std": 128.12741931346287,
            "median": 26.570446255557393
          },
          "body_orientation": {
            "mean": -0.40525207518677175,
            "std": 0.6465749935713002,
            "median": -0.610678044401949
          },
          "elongation": {
            "mean": 2.9196308333879966,
            "std": 1.0194325930844137,
            "median": 2.7297508584378996
          },
          "angular_velocity": {
            "mean": 0.019603350857209052,
            "std": 9.878066811795334,
            "median": 1.8477103700398345e-05
          },
          "movement_entropy": {
            "mean": 0.21554298587068063,
            "std": 0.3834587102023522,
            "median": 0.035782169313558994
          },
          "speed_mean_window": {
            "mean": 107.70410189908304,
            "std": 81.72249786489564,
            "median": 98.18875568710122
          },
          "speed_std_window": {
            "mean": 331.12798621868234,
            "std": 263.1823422792316,
            "median": 323.4591481962207
          },
          "speed_max_window": {
            "mean": 2300.594123878861,
            "std": 1755.8882682459748,
            "median": 2388.681935732887
          },
          "speed_p90_window": {
            "mean": 157.98956568343147,
            "std": 179.38825158404808,
            "median": 96.39842017762746
          },
          "dist_mean_window": {
            "mean": 86.47294357326344,
            "std": 20.12355458644252,
            "median": 85.02664429776387
          },
          "dist_std_window": {
            "mean": 67.05692553022082,
            "std": 31.401030060203983,
            "median": 67.64937857267168
          },
          "angular_vel_mean_window": {
            "mean": 3.444688001142397,
            "std": 4.081917050965627,