state,occurrence_rate,total_duration_sec,n_bouts,mean_bout_duration_sec
state_0,0.8234314269850084,148.3,36,4.1194444444444445
state_1,0.17656857301499168,31.8,35,0.9085714285714286
