,State_0,State_1
State_0,0.9921312949640287,0.007868705035971223
State_1,0.03668763102725367,0.9633123689727463
