{
  "behavioral_states": {
    "n_states": 2,
    "states": {
      "state_0": {
        "occurrence_rate": 0.8614357262103506,
        "total_frames": 4644,
        "total_duration_sec": 154.8,
        "n_bouts": 56,
        "mean_bout_duration_sec": 2.7642857142857142,
        "median_bout_duration_sec": 0.21666666666666667,
        "max_bout_duration_sec": 51.733333333333334,
        "feature_profile": {
          "speed_kp0": {
            "mean": 24.528080717946494,
            "std": 34.760664294670526,
            "median": 11.66631290295266
          },
          "speed_kp1": {
            "mean": 19.08643337857649,
            "std": 25.83714312204167,
            "median": 10.662146887922953
          },
          "speed_kp2": {
            "mean": 29.293468272092735,
            "std": 53.49931447961145,
            "median": 9.449582833703786
          },
          "speed_kp3": {
            "mean": 14.053992857671757,
            "std": 16.109982926691153,
            "median": 9.011311963628975
          },
          "speed_kp4": {
            "mean": 15.43210522350761,
            "std": 25.11309402402371,
            "median": 8.939795519693188
          },
          "speed_kp5": {
            "mean": 16.788373215419558,
            "std": 30.223453994379305,
            "median": 7.3686690759564275
          },
          "speed_kp6": {
            "mean": 142.52534691992454,
            "std": 349.59610324448016,
            "median": 13.89544102271075
          },
          "speed_kp7": {
            "mean": 30.697992583360175,
            "std": 179.70783398948512,
            "median": 3.528230020415718
          },
          "dist_pair0": {
            "mean": 30.167025612313257,
            "std": 2.0730775610189456,
            "median": 30.598464985511313
          },
          "dist_pair1": {
            "mean": 44.18604912420005,
            "std": 5.28261188820541,
            "median": 43.91650005406056
          },
          "dist_pair2": {
            "mean": 29.509837702618732,
            "std": 3.001926300289553,
            "median": 29.454167515715124
          },
          "dist_pair3": {
            "mean": 48.548643710012506,
            "std": 5.747370909139721,
            "median": 48.727943934185696
          },
          "dist_pair4": {
            "mean": 62.04548530385587,
            "std": 3.9586141357741096,
            "median": 61.77179950476036
          },
          "dist_pair5": {
            "mean": 65.65643985980397,
            "std": 16.50727157366679,
            "median": 70.74295380972865
          },
          "dist_pair6": {
            "mean": 111.13899452338924,
            "std": 15.784843446916385,
            "median": 113.97847758512185
          },
          "dist_pair7": {
            "mean": 39.23283199776857,
            "std": 3.8751159886876856,
            "median": 39.72956075205937
          },
          "dist_pair8": {
            "mean": 26.999023340886126,
            "std": 2.970612533295908,
            "median": 26.141216318543634
          },
          "dist_pair9": {
            "mean": 59.547718211579856,
            "std": 4.749643631700265,
            "median": 58.8798171466572
          },
          "dist_pair10": {
            "mean": 43.189611180176435,
            "std": 5.939346722160798,
            "median": 42.83941704962308
          },
          "dist_pair11": {
            "mean": 61.909187152477344,
            "std": 18.0049551982871,
            "median": 67.39677195377348
          },
          "dist_pair12": {
            "mean": 87.85498763280843,
            "std": 10.688350985402884,
            "median": 84.61700971094906
          },
          "dist_pair13": {
            "mean": 62.01717132220097,
            "std": 4.767224171222284,
            "median": 62.18308710079237
          },
          "dist_pair14": {
            "mean": 90.00002341735922,
            "std": 6.23818092259538,
            "median": 89.3961715829535
          },
          "dist_pair15": {
            "mean": 80.44980916997389,
            "std": 7.1016386844526,
            "median": 79.80362284274459
          },
          "dist_pair16": {
            "mean": 88.75713640090963,
            "std": 37.16994984643484,
            "median": 105.12934860275027
          },
          "dist_pair17": {
            "mean": 98.76162593522353,
            "std": 18.42426713806138,
            "median": 97.98420831925117
          },
          "dist_pair18": {
            "mean": 33.31103784843185,
            "std": 2.586071987826527,
            "median": 33.17683447581173
          },
          "dist_pair19": {
            "mean": 34.987618483804134,
            "std": 3.91902364150159,
            "median": 35.79084910851347
          },
          "dist_pair20": {
            "mean": 46.29448267096488,
            "std": 11.290425012888472,
            "median": 46.42794196255754
          },
          "dist_pair21": {
            "mean": 101.12669875249136,
            "std": 8.7814553574035,
            "median": 102.1889595406036
          },
          "dist_pair22": {
            "mean": 54.62623953044985,
            "std": 4.1046004973904635,
            "median": 55.645185836299376
          },
          "dist_pair23": {
            "mean": 42.70013394177981,
            "std": 20.08537314291761,
            "median": 36.43817025515255
          },
          "dist_pair24": {
            "mean": 125.323021488663,
            "std": 19.436525643918145,
            "median": 131.8774356173296
          },
          "dist_pair25": {
            "mean": 45.49969731324015,
            "std": 16.143913208858425,
            "median": 41.7029211312275
          },
          "dist_pair26": {
            "mean": 84.54529805875802,
            "std": 15.154980771511564,
            "median": 78.8459060947963
          },
          "dist_pair27": {
            "mean": 110.39738997060431,
            "std": 19.91995914492612,
            "median": 116.68398573425571
          },
          "centroid_speed": {
            "mean": 26.287744141802772,
            "std": 47.95774599836228,
            "median": 8.069710731791478
          },
          "body_orientation": {
            "mean": -1.3046357062386378,
            "std": 0.448968916062719,
            "median": -1.4567605441465705
          },
          "elongation": {
            "mean": 1.421382574482008,
            "std": 0.2623633805683066,
            "median": 1.3487672204987162
          },
          "angular_velocity": {
            "mean": -0.10917927111855791,
            "std": 6.085280803012548,
            "median": -0.003435611631957894
          },
          "movement_entropy": {
            "mean": 0.4669634909401571,
            "std": 0.5938290473091096,
            "median": 0.2037058907805358
          },
          "speed_mean_window": {
            "mean": 38.67902628784131,
            "std": 39.40111289363103,
            "median": 24.201839806521754
          },
          "speed_std_window": {
            "mean": 100.21645652384701,
            "std": 115.22958000455279,
            "median": 41.738066844319796
          },
          "speed_max_window": {
            "mean": 780.4079606029469,
            "std": 885.5869345139191,
            "median": 325.23646635520686
          },
          "speed_p90_window": {
            "mean": 61.947364260234465,
            "std": 67.60361685385827,
            "median": 34.342739366684384
          },
          "dist_mean_window": {
            "mean": 65.08176581939442,
            "std": 3.33476756542549,
            "median": 65.49490528669466
          },
          "dist_std_window": {
            "mean": 31.309772428801544,
            "std": 3.568538384134563,
            "median": 30.467669561294397
          },
          "angular_vel_mean_window": {
            "mean": 1.625190978453264,
            "std": 2.7684053625950225,