state,occurrence_rate,total_duration_sec,n_bouts,mean_bout_duration_sec
state_0,0.8614357262103506,154.8,56,2.7642857142857142
state_1,0.13856427378964942,24.9,56,0.4446428571428571
