,State_0,State_1
State_0,0.9881542106396726,0.011845789360327375
State_1,0.0749665327978581,0.9250334672021419
