{
  "behavioral_states": {
    "n_states": 2,
    "states": {
      "state_0": {
        "occurrence_rate": 0.42088557371845736,
        "total_frames": 2652,
        "total_duration_sec": 88.4,
        "n_bouts": 93,
        "mean_bout_duration_sec": 0.9505376344086022,
        "median_bout_duration_sec": 0.23333333333333334,
        "max_bout_duration_sec": 21.6,
        "feature_profile": {
          "speed_kp0": {
            "mean": 74.20756358950861,
            "std": 111.75695350732425,
            "median": 46.07615466763953
          },
          "speed_kp1": {
            "mean": 82.05359109321158,
            "std": 124.94714858890903,
            "median": 48.93748787068832
          },
          "speed_kp2": {
            "mean": 113.3864565742503,
            "std": 147.45380131879273,
            "median": 74.50210861058798
          },
          "speed_kp3": {
            "mean": 55.370008909464694,
            "std": 88.11821749211502,
            "median": 33.81415189906363
          },
          "speed_kp4": {
            "mean": 64.36634776766195,
            "std": 93.75827333528308,
            "median": 37.32850734415757
          },
          "speed_kp5": {
            "mean": 86.57896463983697,
            "std": 136.56433384485467,
            "median": 45.564065115792275
          },
          "speed_kp6": {
            "mean": 66.67236485942517,
            "std": 136.78924409975184,
            "median": 30.429762363789976
          },
          "speed_kp7": {
            "mean": 347.48113816714357,
            "std": 614.0411526170631,
            "median": 55.55069629441752
          },
          "dist_pair0": {
            "mean": 31.109380334121074,
            "std": 3.9273922290152004,
            "median": 30.523536404094134
          },
          "dist_pair1": {
            "mean": 35.91468181952471,
            "std": 11.822925676167301,
            "median": 36.05726245014051
          },
          "dist_pair2": {
            "mean": 31.074407892206832,
            "std": 4.368335296215963,
            "median": 30.852557802929216
          },
          "dist_pair3": {
            "mean": 51.396758694213396,
            "std": 11.658259825610072,
            "median": 50.16513346841809
          },
          "dist_pair4": {
            "mean": 64.83850673696247,
            "std": 9.320789785725554,
            "median": 65.9978084664758
          },
          "dist_pair5": {
            "mean": 79.43165058786542,
            "std": 15.188632506854168,
            "median": 78.73606119673224
          },
          "dist_pair6": {
            "mean": 116.265174223037,
            "std": 34.98666478029977,
            "median": 121.07079192841385
          },
          "dist_pair7": {
            "mean": 34.95100018307268,
            "std": 12.678950303176952,
            "median": 35.39899035663218
          },
          "dist_pair8": {
            "mean": 32.22971247830267,
            "std": 4.565501896800406,
            "median": 32.4539728970437
          },
          "dist_pair9": {
            "mean": 66.70763006864256,
            "std": 7.378672072491382,
            "median": 66.13415549440066
          },
          "dist_pair10": {
            "mean": 52.97414065594972,
            "std": 10.71069937517091,
            "median": 53.5782062035282
          },
          "dist_pair11": {
            "mean": 80.0210800987239,
            "std": 12.962797866273636,
            "median": 80.74139818175561
          },
          "dist_pair12": {
            "mean": 120.69202351319564,
            "std": 29.26125882096192,
            "median": 124.15461201701086
          },
          "dist_pair13": {
            "mean": 58.01477783399079,
            "std": 11.840221466181136,
            "median": 58.47385587117661
          },
          "dist_pair14": {
            "mean": 84.25915329101676,
            "std": 14.350565135946978,
            "median": 84.01256601047552
          },
          "dist_pair15": {
            "mean": 84.63461162878923,
            "std": 12.351220206244825,
            "median": 83.81595014905315
          },
          "dist_pair16": {
            "mean": 106.82992152262706,
            "std": 13.253953994746578,
            "median": 106.39311436660623
          },
          "dist_pair17": {
            "mean": 131.85936349334222,
            "std": 38.70708249876922,
            "median": 137.26971746966043
          },
          "dist_pair18": {
            "mean": 37.20556811742709,
            "std": 5.4991599760204055,
            "median": 37.12730139030765
          },
          "dist_pair19": {
            "mean": 35.67245804243732,
            "std": 6.968572572792387,
            "median": 35.54609994540281
          },
          "dist_pair20": {
            "mean": 52.43286650635136,
            "std": 10.940269084749207,
            "median": 52.17076868615173
          },
          "dist_pair21": {
            "mean": 104.73154731112476,
            "std": 29.55575246701489,
            "median": 100.85328229496199
          },
          "dist_pair22": {
            "mean": 54.200797541478785,
            "std": 8.62139665904871,
            "median": 54.837340040663
          },
          "dist_pair23": {
            "mean": 41.98749621070513,
            "std": 9.064380953019358,
            "median": 41.84356384404258
          },
          "dist_pair24": {
            "mean": 90.4582829849129,
            "std": 36.46517857217255,
            "median": 83.63746781233931
          },
          "dist_pair25": {
            "mean": 39.09181531224292,
            "std": 11.034749602609596,
            "median": 39.73869658032177
          },
          "dist_pair26": {
            "mean": 99.0601498219791,
            "std": 36.00704150664971,
            "median": 96.39017069642443
          },
          "dist_pair27": {
            "mean": 79.48803846986539,
            "std": 45.657144580681,
            "median": 72.91148596526443
          },
          "centroid_speed": {
            "mean": 75.24921572453546,
            "std": 100.98365352651165,
            "median": 45.20580473596206
          },
          "body_orientation": {
            "mean": -0.7035427020742551,
            "std": 0.9675833257758357,
            "median": -0.7040134013925285
          },
          "elongation": {
            "mean": 2.2035696201690778,
            "std": 0.7387818766423425,
            "median": 2.2537310111987585
          },
          "angular_velocity": {
            "mean": 0.09343012041834786,
            "std": 19.367849570804438,
            "median": 0.03990924080223897
          },
          "movement_entropy": {
            "mean": 0.12993885729013918,
            "std": 0.1398176785265777,
            "median": 0.07273738822803386
          },
          "speed_mean_window": {
            "mean": 115.54173180938757,
            "std": 112.52184185064152,
            "median": 94.5039819105601
          },
          "speed_std_window": {
            "mean": 187.5865135713626,
            "std": 156.1196296034353,
            "median": 126.21897218371507
          },
          "speed_max_window": {
            "mean": 1361.4679477847442,
            "std": 1037.0574042656385,
            "median": 1088.6222452220609
          },
          "speed_p90_window": {
            "mean": 225.24013225895763,
            "std": 241.5256280728005,
            "median": 163.15684185591834
          },
          "dist_mean_window": {
            "mean": 70.23509475455154,
            "std": 8.666946020762914,
            "median": 68.79292786634862
          },
          "dist_std_window": {
            "mean": 37.416465977430306,
            "std": 8.827283826556448,
            "median": 34.51575858563821
          },
          "angular_vel_mean_window": {
            "mean": 6.397861305266984,
            "std": 6.976975447177598,