state,occurrence_rate,total_duration_sec,n_bouts,mean_bout_duration_sec
state_0,0.42088557371845736,88.4,93,0.9505376344086022
state_1,0.5791144262815426,121.63333333333334,93,1.307885304659498
