,State_0,State_1
State_0,0.965296114673708,0.03470388532629196
State_1,0.025486434639627294,0.9745135653603727
