{
  "behavioral_states": {
    "n_states": 2,
    "states": {
      "state_0": {
        "occurrence_rate": 0.2899276572064552,
        "total_frames": 1563,
        "total_duration_sec": 52.1,
        "n_bouts": 55,
        "mean_bout_duration_sec": 0.9472727272727273,
        "median_bout_duration_sec": 0.26666666666666666,
        "max_bout_duration_sec": 8.766666666666667,
        "feature_profile": {
          "speed_kp0": {
            "mean": 92.56482253354079,
            "std": 111.88088297318706,
            "median": 66.33503839117282
          },
          "speed_kp1": {
            "mean": 106.91134490913973,
            "std": 161.62218624249894,
            "median": 66.5120413403069
          },
          "speed_kp2": {
            "mean": 160.3432285503986,
            "std": 320.5358695257924,
            "median": 83.2864241967712
          },
          "speed_kp3": {
            "mean": 57.24990043493156,
            "std": 51.62261182180163,
            "median": 42.99083153924523
          },
          "speed_kp4": {
            "mean": 55.791743787516246,
            "std": 94.21893565641922,
            "median": 27.70872458321272
          },
          "speed_kp5": {
            "mean": 59.02566780678163,
            "std": 111.46651918795199,
            "median": 27.847621002056464
          },
          "speed_kp6": {
            "mean": 53.76346669325631,
            "std": 116.66159053080516,
            "median": 25.527445131046157
          },
          "speed_kp7": {
            "mean": 218.3219793686092,
            "std": 474.3010703282268,
            "median": 32.66478133918412
          },
          "dist_pair0": {
            "mean": 31.74467242564907,
            "std": 7.034834384685249,
            "median": 30.946917893402826
          },
          "dist_pair1": {
            "mean": 41.240558874718886,
            "std": 24.732064704435736,
            "median": 36.62525327674165
          },
          "dist_pair2": {
            "mean": 39.01687244185386,
            "std": 9.695747316953671,
            "median": 37.8822264736713
          },
          "dist_pair3": {
            "mean": 77.8663469543567,
            "std": 15.271929279886995,
            "median": 77.52084936957449
          },
          "dist_pair4": {
            "mean": 90.87185676602793,
            "std": 12.61143937016138,
            "median": 91.0487546134357
          },
          "dist_pair5": {
            "mean": 114.05796406288707,
            "std": 16.94628327634524,
            "median": 114.97603232088798
          },
          "dist_pair6": {
            "mean": 172.19183280106316,
            "std": 51.857281570514544,
            "median": 171.10228852258817
          },
          "dist_pair7": {
            "mean": 42.27510548206743,
            "std": 22.851971351395033,
            "median": 38.99786032454985
          },
          "dist_pair8": {
            "mean": 41.311193607507015,
            "std": 10.311173285077768,
            "median": 39.839897108092245
          },
          "dist_pair9": {
            "mean": 89.87266960972062,
            "std": 13.117919985222757,
            "median": 89.32282038065473
          },
          "dist_pair10": {
            "mean": 84.66225936197168,
            "std": 16.777270020088977,
            "median": 85.19749102420853
          },
          "dist_pair11": {
            "mean": 117.62884237884428,
            "std": 16.804021223626954,
            "median": 117.6510393422249
          },
          "dist_pair12": {
            "mean": 177.73855298106662,
            "std": 52.13758227470875,
            "median": 177.11317995070038
          },
          "dist_pair13": {
            "mean": 70.84389708281564,
            "std": 20.04107320840144,
            "median": 70.2788518987248
          },
          "dist_pair14": {
            "mean": 110.47394869917365,
            "std": 24.381888682045545,
            "median": 110.53513638830535
          },
          "dist_pair15": {
            "mean": 116.8827968783223,
            "std": 24.792650576529834,
            "median": 120.47956325937845
          },
          "dist_pair16": {
            "mean": 142.21008185379856,
            "std": 31.61027086381653,
            "median": 144.35240463449276
          },
          "dist_pair17": {
            "mean": 192.79586659036661,
            "std": 62.094819825660664,
            "median": 188.25537240829368
          },
          "dist_pair18": {
            "mean": 51.29898329649875,
            "std": 8.216297443538872,
            "median": 50.298864244549
          },
          "dist_pair19": {
            "mean": 53.71287846124088,
            "std": 9.132391901455833,
            "median": 53.25448047851048
          },
          "dist_pair20": {
            "mean": 80.58319049551392,
            "std": 9.520587660932897,
            "median": 80.66091053400585
          },
          "dist_pair21": {
            "mean": 151.76763265886785,
            "std": 41.725837623264,
            "median": 155.68718694198463
          },
          "dist_pair22": {
            "mean": 55.23020258507473,
            "std": 10.659282987115542,
            "median": 57.140177827906456
          },
          "dist_pair23": {
            "mean": 48.25931361254325,
            "std": 10.600063035743572,
            "median": 46.92174476871105
          },
          "dist_pair24": {
            "mean": 127.02158894812588,
            "std": 39.072627229015374,
            "median": 126.90069949702264
          },
          "dist_pair25": {
            "mean": 48.95569955865257,
            "std": 10.060511329044898,
            "median": 49.51342575607861
          },
          "dist_pair26": {
            "mean": 130.25475535602607,
            "std": 36.67510793853372,
            "median": 138.8329255394901
          },
          "dist_pair27": {
            "mean": 105.45037278772436,
            "std": 35.90395577780643,
            "median": 111.01689859436459
          },
          "centroid_speed": {
            "mean": 68.03950707218095,
            "std": 72.02631435691136,
            "median": 44.560094936855045
          },
          "body_orientation": {
            "mean": -0.8035318605334784,
            "std": 0.9181923765692115,
            "median": -0.8109378785712389
          },
          "elongation": {
            "mean": 2.686031339437975,
            "std": 1.2627280213344745,
            "median": 2.332886672769885
          },
          "angular_velocity": {
            "mean": -0.01595320494037253,
            "std": 11.757036037213723,
            "median": -0.030316313211833368
          },
          "movement_entropy": {
            "mean": 0.1150386330723826,
            "std": 0.10605401045093583,
            "median": 0.06584682824244353
          },
          "speed_mean_window": {
            "mean": 102.22095710016838,
            "std": 54.26434812236711,
            "median": 90.58254654223084
          },
          "speed_std_window": {
            "mean": 187.21404353396775,
            "std": 129.6331637797855,
            "median": 167.63746331712235
          },
          "speed_max_window": {
            "mean": 1379.650176286966,
            "std": 919.3673662972843,
            "median": 1358.0983524365545
          },
          "speed_p90_window": {
            "mean": 202.29515247296305,
            "std": 126.98550801825455,
            "median": 162.7272478146955
          },
          "dist_mean_window": {
            "mean": 90.53825335519065,
            "std": 12.339165274415729,
            "median": 89.65013973136281
          },
          "dist_std_window": {
            "mean": 49.64045906977139,
            "std": 11.981178044186189,
            "median": 47.036874007553536
          },
          "angular_vel_mean_window": {
            "mean": 3.212718244026533,
            "std": 4.291562790815955,