state,occurrence_rate,total_duration_sec,n_bouts,mean_bout_duration_sec
state_0,0.2899276572064552,52.1,55,0.9472727272727273
state_1,0.7100723427935448,127.6,55,2.32
