,State_0,State_1
State_0,0.9648112603966731,0.035188739603326934
State_1,0.014110269140318788,0.9858897308596812
