,State_0,State_1,State_2
State_0,0.8735795454545454,0.07954545454545454,0.046875
State_1,0.048050413548641195,0.9389523434423002,0.012997243009058685
State_2,0.03944636678200692,0.02906574394463668,0.9314878892733564
