{
  "behavioral_states": {
    "n_states": 2,
    "states": {
      "state_0": {
        "occurrence_rate": 0.22218100890207715,
        "total_frames": 1198,
        "total_duration_sec": 39.93333333333333,
        "n_bouts": 87,
        "mean_bout_duration_sec": 0.4590038314176245,
        "median_bout_duration_sec": 0.13333333333333333,
        "max_bout_duration_sec": 10.5,
        "feature_profile": {
          "speed_kp0": {
            "mean": 453.6917868545099,
            "std": 680.10356500115,
            "median": 115.2625543961874
          },
          "speed_kp1": {
            "mean": 314.2214430238158,
            "std": 584.9772292657441,
            "median": 80.16312150427493
          },
          "speed_kp2": {
            "mean": 551.9983224689934,
            "std": 804.2964362839328,
            "median": 139.50386557710658
          },
          "speed_kp3": {
            "mean": 70.97107396624729,
            "std": 168.78915422154952,
            "median": 36.14852839025946
          },
          "speed_kp4": {
            "mean": 393.9241744122686,
            "std": 669.8793122837834,
            "median": 77.30284981325167
          },
          "speed_kp5": {
            "mean": 485.8156339580355,
            "std": 785.4834664701503,
            "median": 82.35446407523278
          },
          "speed_kp6": {
            "mean": 400.42401706780544,
            "std": 667.4404823935106,
            "median": 7.703989916502124
          },
          "speed_kp7": {
            "mean": 421.53154293633816,
            "std": 746.9122736649512,
            "median": 28.382042106827058
          },
          "dist_pair0": {
            "mean": 77.39427841654577,
            "std": 62.70984462317779,
            "median": 46.39816199913858
          },
          "dist_pair1": {
            "mean": 57.97206174232322,
            "std": 56.318707754838584,
            "median": 31.72690507147953
          },
          "dist_pair2": {
            "mean": 82.36759877633129,
            "std": 55.833290827038255,
            "median": 52.47228588909948
          },
          "dist_pair3": {
            "mean": 95.59482844992257,
            "std": 50.880752695488916,
            "median": 84.19985885250796
          },
          "dist_pair4": {
            "mean": 124.60934103077777,
            "std": 77.37942666504918,
            "median": 107.67049735855798
          },
          "dist_pair5": {
            "mean": 98.03846160123607,
            "std": 59.96597493246544,
            "median": 95.96150540527353
          },
          "dist_pair6": {
            "mean": 145.33926276206978,
            "std": 47.34946552024229,
            "median": 152.21802675693885
          },
          "dist_pair7": {
            "mean": 70.19072036497916,
            "std": 61.533341732871925,
            "median": 44.85998237990317
          },
          "dist_pair8": {
            "mean": 53.361639511056964,
            "std": 44.79881685637885,
            "median": 38.962829951667786
          },
          "dist_pair9": {
            "mean": 74.74226446039775,
            "std": 56.627691486998145,
            "median": 58.49950412263681
          },
          "dist_pair10": {
            "mean": 93.65137144496056,
            "std": 77.51717947090293,
            "median": 62.799043387760925
          },
          "dist_pair11": {
            "mean": 130.17177071187163,
            "std": 52.33505942461643,
            "median": 130.00355908318318
          },
          "dist_pair12": {
            "mean": 138.5153428760443,
            "std": 51.39823239356028,
            "median": 143.86337308078134
          },
          "dist_pair13": {
            "mean": 84.84954215276501,
            "std": 53.582994657708724,
            "median": 62.39227473767251
          },
          "dist_pair14": {
            "mean": 100.13186083940656,
            "std": 51.122582452797225,
            "median": 95.48100187037798
          },
          "dist_pair15": {
            "mean": 127.48948731474945,
            "std": 75.88566946133508,
            "median": 106.99193220137451
          },
          "dist_pair16": {
            "mean": 108.36907972521361,
            "std": 64.8590153666683,
            "median": 107.78606042531723
          },
          "dist_pair17": {
            "mean": 148.13503921879214,
            "std": 51.61922836449775,
            "median": 154.76452855232253
          },
          "dist_pair18": {
            "mean": 65.03117279960009,
            "std": 64.62592439990567,
            "median": 32.722228465431215
          },
          "dist_pair19": {
            "mean": 80.31643787292766,
            "std": 77.7095693275949,
            "median": 37.41168724593656
          },
          "dist_pair20": {
            "mean": 120.42725873034003,
            "std": 62.41767107639394,
            "median": 141.5417986809255
          },
          "dist_pair21": {
            "mean": 128.01022400709843,
            "std": 46.255932568320794,
            "median": 131.42683435690864
          },
          "dist_pair22": {
            "mean": 88.37591825276257,
            "std": 76.50531489825417,
            "median": 51.23584919697974
          },
          "dist_pair23": {
            "mean": 113.38969679905895,
            "std": 55.50368126770231,
            "median": 125.60841195961464
          },
          "dist_pair24": {
            "mean": 128.73097425258172,
            "std": 49.806900928215114,
            "median": 120.88384268333373
          },
          "dist_pair25": {
            "mean": 146.96140355402287,
            "std": 87.35219017871758,
            "median": 143.69590700633617
          },
          "dist_pair26": {
            "mean": 134.7137513856646,
            "std": 60.18775747272185,
            "median": 133.32457710777481
          },
          "dist_pair27": {
            "mean": 160.75577133448647,
            "std": 47.19946722528834,
            "median": 166.89178877666603
          },
          "centroid_speed": {
            "mean": 226.48201048967738,
            "std": 174.27299808021496,
            "median": 181.30734681668594
          },
          "body_orientation": {
            "mean": -0.9764752742866903,
            "std": 0.8664750668036181,
            "median": -1.0730467981187397
          },
          "elongation": {
            "mean": 1.9696840720394602,
            "std": 1.1327289393551692,
            "median": 1.5819497631300323
          },
          "angular_velocity": {
            "mean": -0.09121090427848162,
            "std": 22.187545901396692,
            "median": -0.07790787552904965
          },
          "movement_entropy": {
            "mean": 0.03372615644392433,
            "std": 0.010908526442884574,
            "median": 0.030946758546110023
          },
          "speed_mean_window": {
            "mean": 364.5302005808424,
            "std": 165.61261204601766,
            "median": 349.2490789779432
          },
          "speed_std_window": {
            "mean": 612.7304132180108,
            "std": 178.5884465546905,
            "median": 632.5602466879211
          },
          "speed_max_window": {
            "mean": 3051.1426791827444,
            "std": 740.6070902278249,
            "median": 3139.2718036059855
          },
          "speed_p90_window": {
            "mean": 1232.3628585379893,
            "std": 558.8687446720123,
            "median": 1244.3619427139115
          },
          "dist_mean_window": {
            "mean": 110.56713018283708,
            "std": 24.522745105598936,
            "median": 111.40689749397825
          },
          "dist_std_window": {
            "mean": 64.61935202807369,
            "std": 13.195306273844635,
            "median": 61.97139124405122
          },
          "angular_vel_mean_window": {
            "mean": 9.619760591570344,
            "std": 7.419388312938729,