state,occurrence_rate,total_duration_sec,n_bouts,mean_bout_duration_sec
state_0,0.22218100890207715,39.93333333333333,87,0.4590038314176245
state_1,0.7778189910979229,139.8,87,1.6068965517241378
