,State_0,State_1
State_0,0.9273789649415692,0.07262103505843072
State_1,0.020510374433579774,0.9794896255664203
