{
  "behavioral_states": {
    "n_states": 2,
    "states": {
      "state_0": {
        "occurrence_rate": 0.6950473010573177,
        "total_frames": 3747,
        "total_duration_sec": 124.9,
        "n_bouts": 70,
        "mean_bout_duration_sec": 1.7842857142857145,
        "median_bout_duration_sec": 0.3,
        "max_bout_duration_sec": 19.833333333333332,
        "feature_profile": {
          "speed_kp0": {
            "mean": 6.403197573016561,
            "std": 67.45176518339844,
            "median": 1.4212626743806716
          },
          "speed_kp1": {
            "mean": 27.13218882854247,
            "std": 174.34769337853425,
            "median": 1.552967132425135
          },
          "speed_kp2": {
            "mean": 224.47363070476354,
            "std": 494.85385619801104,
            "median": 2.0015505400578535
          },
          "speed_kp3": {
            "mean": 146.47683884735966,
            "std": 452.349732537817,
            "median": 2.188908432363617
          },
          "speed_kp4": {
            "mean": 37.99522219190986,
            "std": 236.62454567872862,
            "median": 1.7453439823977503
          },
          "speed_kp5": {
            "mean": 159.9195713792277,
            "std": 344.8755434186518,
            "median": 5.187409055363091
          },
          "speed_kp6": {
            "mean": 33.48403313244936,
            "std": 175.31348474126787,
            "median": 1.8056003796670375
          },
          "speed_kp7": {
            "mean": 285.4206574395867,
            "std": 634.0709202691955,
            "median": 8.464208193820038
          },
          "dist_pair0": {
            "mean": 4.873332381234276,
            "std": 10.344240152142365,
            "median": 3.467372650341927
          },
          "dist_pair1": {
            "mean": 35.82184391796025,
            "std": 54.79408167402024,
            "median": 6.92044548016041
          },
          "dist_pair2": {
            "mean": 202.12077325621004,
            "std": 24.794256809506575,
            "median": 209.83817428462785
          },
          "dist_pair3": {
            "mean": 219.47158586641712,
            "std": 10.930238445109023,
            "median": 221.30914124961245
          },
          "dist_pair4": {
            "mean": 113.7303204338571,
            "std": 54.84592844974803,
            "median": 132.49410046958803
          },
          "dist_pair5": {
            "mean": 164.12443136216186,
            "std": 6.911559279674066,
            "median": 162.82760988991475
          },
          "dist_pair6": {
            "mean": 137.31257381898934,
            "std": 81.69867876491932,
            "median": 163.6007507821989
          },
          "dist_pair7": {
            "mean": 32.91476127459851,
            "std": 55.06911671437032,
            "median": 3.4771673316768448
          },
          "dist_pair8": {
            "mean": 199.4520574030831,
            "std": 24.262010225624817,
            "median": 207.3607525494881
          },
          "dist_pair9": {
            "mean": 216.7317654864772,
            "std": 10.239077962321174,
            "median": 218.8204646559523
          },
          "dist_pair10": {
            "mean": 116.73375432176685,
            "std": 54.048878961970416,
            "median": 135.16959508724767
          },
          "dist_pair11": {
            "mean": 160.7532969655982,
            "std": 7.602360987363331,
            "median": 159.51206437565838
          },
          "dist_pair12": {
            "mean": 137.59289651683875,
            "std": 80.3835695487279,
            "median": 164.29053257057464
          },
          "dist_pair13": {
            "mean": 178.2386565517721,
            "std": 45.348932274586545,
            "median": 204.76891157328427
          },
          "dist_pair14": {
            "mean": 195.10027033568497,
            "std": 41.68614204452188,
            "median": 216.37044568624148
          },
          "dist_pair15": {
            "mean": 141.4087993206475,
            "std": 59.323963553848586,
            "median": 141.47576140426756
          },
          "dist_pair16": {
            "mean": 135.4602731415404,
            "std": 48.90128919460387,
            "median": 156.1669722721724
          },
          "dist_pair17": {
            "mean": 147.05550608829637,
            "std": 75.83526181080579,
            "median": 185.66570060871436
          },
          "dist_pair18": {
            "mean": 21.488369792643145,
            "std": 31.44724077421732,
            "median": 11.589339314278194
          },
          "dist_pair19": {
            "mean": 251.26346566430686,
            "std": 35.49043891589633,
            "median": 260.3844885310903
          },
          "dist_pair20": {
            "mean": 84.15278874425864,
            "std": 20.069514962881044,
            "median": 87.21547411773362
          },
          "dist_pair21": {
            "mean": 163.4144502656743,
            "std": 37.50498245647093,
            "median": 156.30796169835872
          },
          "dist_pair22": {
            "mean": 266.60492020387426,
            "std": 29.250669007371528,
            "median": 270.50660000000937
          },
          "dist_pair23": {
            "mean": 93.01476363668411,
            "std": 13.781247133741292,
            "median": 96.09814249472689
          },
          "dist_pair24": {
            "mean": 173.58148761856293,
            "std": 37.736462360622866,
            "median": 162.4203633482535
          },
          "dist_pair25": {
            "mean": 246.3098728143438,
            "std": 40.918357605941175,
            "median": 255.8821798600125
          },
          "dist_pair26": {
            "mean": 150.515699115791,
            "std": 44.96314679754605,
            "median": 156.98850374195314
          },
          "dist_pair27": {
            "mean": 183.59511433433912,
            "std": 27.942093680040173,
            "median": 191.62617566935248
          },
          "centroid_speed": {
            "mean": 89.84046921496218,
            "std": 112.11948316864735,
            "median": 42.100917977705194
          },
          "body_orientation": {
            "mean": -0.11789969097549763,
            "std": 0.1459989061784093,
            "median": -0.12052157945772517
          },
          "elongation": {
            "mean": 1.914053594835168,
            "std": 0.6718687338788571,
            "median": 1.677313502943015
          },
          "angular_velocity": {
            "mean": -0.0018599503123466058,
            "std": 2.1848957460158442,
            "median": -0.0009300416548527896
          },
          "movement_entropy": {
            "mean": 0.06845218852843797,
            "std": 0.1566708739169366,
            "median": 0.03446977434264132
          },
          "speed_mean_window": {
            "mean": 131.24857639177637,
            "std": 97.62170189737905,
            "median": 119.61217858781997
          },
          "speed_std_window": {
            "mean": 366.92162841972987,
            "std": 181.51163016207647,
            "median": 380.9731977363495
          },
          "speed_max_window": {
            "mean": 2345.063826721992,
            "std": 951.819598895335,
            "median": 2613.917671059855
          },
          "speed_p90_window": {
            "mean": 383.86245443197566,
            "std": 405.03138542746314,
            "median": 246.88676514400316
          },
          "dist_mean_window": {
            "mean": 148.52791178343048,
            "std": 11.73099026178157,
            "median": 148.98034707727453
          },
          "dist_std_window": {
            "mean": 79.063694668317,
            "std": 5.532196032911404,
            "median": 78.5004296968211
          },
          "angular_vel_mean_window": {
            "mean": 1.4759232862573106,
            "std": 1.5423805973406997,