state,occurrence_rate,total_duration_sec,n_bouts,mean_bout_duration_sec
state_0,0.6950473010573177,124.9,70,1.7842857142857145
state_1,0.30495269894268223,54.8,70,0.7828571428571428
