,State_0,State_1
State_0,0.9815803523758676,0.018419647624132406
State_1,0.04257907542579075,0.9574209245742092
