{
  "behavioral_states": {
    "n_states": 2,
    "states": {
      "state_0": {
        "occurrence_rate": 0.44594594594594594,
        "total_frames": 2409,
        "total_duration_sec": 80.3,
        "n_bouts": 161,
        "mean_bout_duration_sec": 0.4987577639751553,
        "median_bout_duration_sec": 0.06666666666666667,
        "max_bout_duration_sec": 8.733333333333333,
        "feature_profile": {
          "speed_kp0": {
            "mean": 228.98513345761347,
            "std": 402.1184981099612,
            "median": 106.69258302582683
          },
          "speed_kp1": {
            "mean": 469.82933739150343,
            "std": 686.5695903497603,
            "median": 155.11874580346128
          },
          "speed_kp2": {
            "mean": 412.14750898191494,
            "std": 683.9304463805222,
            "median": 30.738291228103815
          },
          "speed_kp3": {
            "mean": 306.2319432844606,
            "std": 398.30036455347795,
            "median": 129.93296330954985
          },
          "speed_kp4": {
            "mean": 657.1470254999741,
            "std": 694.3071433463292,
            "median": 401.457724276828
          },
          "speed_kp5": {
            "mean": 797.3107756833119,
            "std": 734.0083875061632,
            "median": 625.8650471030056
          },
          "speed_kp6": {
            "mean": 582.098612104547,
            "std": 755.5121648334369,
            "median": 242.05614507248674
          },
          "speed_kp7": {
            "mean": 1188.4263065972236,
            "std": 1191.0677823816409,
            "median": 862.3688466290663
          },
          "dist_pair0": {
            "mean": 64.52381615964735,
            "std": 65.34886647164586,
            "median": 36.02812785091751
          },
          "dist_pair1": {
            "mean": 138.53244210286678,
            "std": 65.61122951282145,
            "median": 147.13948796718472
          },
          "dist_pair2": {
            "mean": 62.854350287431,
            "std": 33.44007632791662,
            "median": 57.281005421867725
          },
          "dist_pair3": {
            "mean": 107.98227619653834,
            "std": 48.84296030102458,
            "median": 100.30871139577182
          },
          "dist_pair4": {
            "mean": 122.6760992936265,
            "std": 51.837512885444276,
            "median": 117.65233951175121
          },
          "dist_pair5": {
            "mean": 168.9694298272634,
            "std": 50.761749229037115,
            "median": 174.4754076118637
          },
          "dist_pair6": {
            "mean": 155.39904821653832,
            "std": 64.4096060138414,
            "median": 146.73378680070942
          },
          "dist_pair7": {
            "mean": 127.37583059653771,
            "std": 57.59285591766696,
            "median": 115.36049313271958
          },
          "dist_pair8": {
            "mean": 87.95782065909663,
            "std": 56.952292708670306,
            "median": 66.26909612514399
          },
          "dist_pair9": {
            "mean": 132.4847308976305,
            "std": 63.033930440973144,
            "median": 121.90256349441403
          },
          "dist_pair10": {
            "mean": 127.91352863221505,
            "std": 55.03546258880033,
            "median": 126.82242637913639
          },
          "dist_pair11": {
            "mean": 178.95762118290511,
            "std": 54.1597754638289,
            "median": 188.13478379854905
          },
          "dist_pair12": {
            "mean": 172.62024011748483,
            "std": 74.84701129553986,
            "median": 165.84588986217767
          },
          "dist_pair13": {
            "mean": 130.14087186939813,
            "std": 58.02088938994482,
            "median": 122.71800869847945
          },
          "dist_pair14": {
            "mean": 159.6956630170162,
            "std": 69.57067839320771,
            "median": 148.69653642772798
          },
          "dist_pair15": {
            "mean": 126.28180532473141,
            "std": 47.09761358013917,
            "median": 122.54745435569089
          },
          "dist_pair16": {
            "mean": 141.47814968676178,
            "std": 44.929266265860335,
            "median": 133.381179088588
          },
          "dist_pair17": {
            "mean": 183.40170195729792,
            "std": 68.68528855083197,
            "median": 181.48380505944016
          },
          "dist_pair18": {
            "mean": 78.03024129754556,
            "std": 43.965344943397966,
            "median": 68.00000374424475
          },
          "dist_pair19": {
            "mean": 101.21429840753177,
            "std": 52.205929475186494,
            "median": 93.52860857728176
          },
          "dist_pair20": {
            "mean": 141.16324941097994,
            "std": 49.4499184982538,
            "median": 141.01430329570007
          },
          "dist_pair21": {
            "mean": 141.58919444912127,
            "std": 58.10865108544746,
            "median": 140.1498159689232
          },
          "dist_pair22": {
            "mean": 115.13898582270578,
            "std": 57.17860716104054,
            "median": 110.32046128932556
          },
          "dist_pair23": {
            "mean": 143.39257208123914,
            "std": 63.46735920059989,
            "median": 150.57891215600907
          },
          "dist_pair24": {
            "mean": 140.574753586146,
            "std": 63.3445909866521,
            "median": 137.63166715013938
          },
          "dist_pair25": {
            "mean": 122.00640400355712,
            "std": 61.39189835157129,
            "median": 112.83723146539937
          },
          "dist_pair26": {
            "mean": 132.1894644219248,
            "std": 68.98257727874675,
            "median": 124.53181061726949
          },
          "dist_pair27": {
            "mean": 156.69277700844586,
            "std": 81.80207833025531,
            "median": 155.44433732474496
          },
          "centroid_speed": {
            "mean": 297.9006964707973,
            "std": 176.61853835322958,
            "median": 269.2961216867768
          },
          "body_orientation": {
            "mean": -1.0368467583741543,
            "std": 0.9005686880598613,
            "median": -1.2287424756643226
          },
          "elongation": {
            "mean": 1.7622794084496145,
            "std": 0.6153923900685127,
            "median": 1.6218161165519742
          },
          "angular_velocity": {
            "mean": 0.3626832814685001,
            "std": 25.80443569733342,
            "median": -0.12264646285423453
          },
          "movement_entropy": {
            "mean": 0.026868924293944482,
            "std": 0.005404266640020761,
            "median": 0.028064162249508612
          },
          "speed_mean_window": {
            "mean": 572.9228851945687,
            "std": 100.77371525077028,
            "median": 567.7106810762397
          },
          "speed_std_window": {
            "mean": 764.0271888861969,
            "std": 93.2004606141518,
            "median": 763.226790226043
          },
          "speed_max_window": {
            "mean": 4019.3570723077146,
            "std": 698.3180086790882,
            "median": 3789.28067187902
          },
          "speed_p90_window": {
            "mean": 1667.4382160853345,
            "std": 264.28712354947737,
            "median": 1675.9219959036736
          },
          "dist_mean_window": {
            "mean": 129.95884732732367,
            "std": 10.52551582945576,
            "median": 129.11957265721747
          },
          "dist_std_window": {
            "mean": 65.88478648535724,
            "std": 5.57642351338077,
            "median": 65.84221459850914
          },
          "angular_vel_mean_window": {
            "mean": 13.452848229472677,
            "std": 7.154657286854081,