state,occurrence_rate,total_duration_sec,n_bouts,mean_bout_duration_sec
state_0,0.44594594594594594,80.3,161,0.4987577639751553
state_1,0.5540540540540541,99.76666666666667,161,0.6196687370600414
