,State_0,State_1
State_0,0.9331672893316729,0.0668327106683271
State_1,0.053475935828877004,0.946524064171123
