{
  "n_clusters": 5,
  "cluster_centers": [
    [
      -0.24273331306647328,
      -1.7175244372792309,
      1.873606227908958,
      -0.5052417230453707,
      -0.34904206812596644,
      0.8039166677663518,
      -0.13376319483619303,
      0.2257064446002853,
      0.04858587283510583,
      -0.005919651265246895,
      -0.004572984973030196,
      0.06826959301750661,
      0.08737591919640124,
      0.0467387720327335,
      0.037695370766936895,
      -0.005832820194863389,
      0.0274751360983291,
      -0.04067934166295067,
      0.017646630203955457,
      0.00012546935434944954,
      -0.09243606672033669,
      -0.007109706077293649,
      0.016756017668914595,
      0.060267891013984824,
      -0.03230490101556393,
      -0.005417839897538347,
      -0.03656887057135002,
      -0.010856927695310992,
      0.024969761211155687,
      0.13264110356987557,
      -0.11328788010036873
    ],
    [
      8.481891739022036,
      -1.503202959273212,
      1.1160245173910763,
      1.6796683720925871,
      0.32313560677560965,
      -0.6574178863311865,
      -0.37696128481298835,
      -0.07725103269469442,
      0.14151633841132144,
      0.09499695335072228,
      -0.10011567565720038,
      -0.3044622378497603,
      -0.12381601241717412,
      -0.16650166696753413,
      0.07395323603891378,
      -0.019649138018460882,
      0.041480544169533194,
      0.20646445850028183,
      0.02119187365430439,
      -0.03258884453480752,
      -0.06827283716547218,
      -0.1282071533927835,
      0.22171183706076295,
      -0.314726806533175,
      -0.04190601878256179,
      -0.008533764760118114,
      0.01754121659334759,
      0.03385115737464203,
      -0.04775978392702838,
      -0.11566691164505158,
      0.06545117522667918
    ],
    [
      -0.0004825150381633017,
      2.9387199276088216,
      0.5477524727963733,
      0.19594643741791837,
      0.050339227027331,
      0.09693816483073336,
      0.10177288448815304,
      -0.0017076091084032088,
      -0.015880547758248223,
      -0.02684426638636253,
      -0.041115032221227546,
      0.0853391801588475,
      0.059047769498428854,
      -0.007107033459207032,
      -0.14363451111445882,
      -0.02467014751632664,
      -0.04152144140035851,
      -0.07087091994902195,
      0.021314573483774645,
      -0.015111398405620485,
      0.02117816112173476,
      0.05054124941030616,
      0.005745062808368652,
      0.05862076615555,
      -0.002449532500356239,
      -0.007183064441374082,
      0.01007682949357505,
      0.010116303243067733,
      -0.01859775945466574,
      0.00010086909686186874,
      -0.018699578194791577
    ],
    [
      -2.310911055935051,
      -0.5645112023981987,
      -0.8194207943167904,
      0.24670062828093348,
      0.13806074548531855,
      -0.3145378249358626,
      0.028950840958636676,
      -0.08946577081189125,
      -0.02474012411901046,
      0.004339136463726263,
      6.471948643956612e-05,
      -0.054220615262667186,
      -0.059485023411476365,
      0.01737788207068401,
      0.026240594040521027,
      0.02164417363679357,
      -0.0030479229594864475,
      0.035623652353384196,
      -0.016142350550038174,
      0.00377127619596751,
      0.0410449865465668,
      0.0025883840295563357,
      -0.003698201087126589,
      -0.062163734571203395,
      0.003604747683713699,
      -0.0008597288539956322,
      -0.0028598981110427835,
      0.0012380784205493524,
      -0.010256027379949847,
      -0.05127105083049415,
      0.05553673058908694
    ],
    [
      6.8385759025819555,
      -0.014922945909227266,
      -3.814017799831086,
      -2.866183099428772,
      -0.6606867526322064,
      0.5443326910842919,
      -0.0760916722820485,
      0.15971098223151403,
      -0.026150079464319253,
      -0.22768878966067643,
      0.18757342277450242,
      0.11993600796687075,
      0.14816800694884022,
      -0.16524465756678686,
      0.15638051470568134,
      -0.0816105312559741,
      -0.04578139395905057,
      0.058365229856795195,
      -0.009338051198542984,
      0.0008929500899383545,
      0.04484848976429252,
      -0.11109800821871452,
      -0.3279406939855671,
      0.08451687231133637,
      0.1407199346500861,
      0.08886887978428874,
      -0.02023043807976501,
      0.013432649093605803,
      0.13268910574890877,
      0.01609059588381233,
      -0.06594110918369261
    ]
  ]
}