{
  "n_clusters": 5,
  "cluster_centers": [
    [
      -0.24273331306647328,
      -1.7175244372792307,
      1.873606227908958,
      -0.5052417230453706,
      -0.3490420681259664,
      0.8039166677663518,
      -0.133763194836193,
      0.22570644460028527,
      0.048585872835105834,
      -0.005919651265246893,
      -0.004572984973030199,
      0.06826959301750661,
      0.08737591919640124,
      0.046738772032733494,
      0.037695370766936895,
      -0.005832820194863391,
      0.0274751360983291,
      -0.04067934166295066,
      0.017646630203955457,
      0.00012546935434944954,
      -0.09243606672033669,
      -0.007109706077293644,
      0.0167560176689146,
      0.060267891013984824,
      -0.032304901015563936,
      -0.005417839897538349,
      -0.03656887057135002,
      -0.01085692769531099,
      0.024969761211155687,
      0.13264110356987557,
      -0.11328788010036873
    ],
    [
      8.481891739022036,
      -1.5032029592732121,
      1.1160245173910763,
      1.679668372092587,
      0.32313560677560965,
      -0.6574178863311865,
      -0.3769612848129883,
      -0.07725103269469438,
      0.1415163384113214,
      0.09499695335072228,
      -0.10011567565720038,
      -0.3044622378497603,
      -0.1238160124171742,
      -0.16650166696753413,
      0.07395323603891378,
      -0.019649138018460893,
      0.0414805441695332,
      0.20646445850028186,
      0.021191873654304385,
      -0.03258884453480752,
      -0.06827283716547218,
      -0.1282071533927835,
      0.22171183706076286,
      -0.314726806533175,
      -0.041906018782561776,
      -0.00853376476011811,
      0.01754121659334759,
      0.03385115737464203,
      -0.04775978392702839,
      -0.11566691164505158,
      0.06545117522667918
    ],
    [
      -0.00048251503816330865,
      2.938719927608822,
      0.5477524727963731,
      0.19594643741791834,
      0.05033922702733101,
      0.09693816483073336,
      0.10177288448815304,
      -0.0017076091084032088,
      -0.015880547758248233,
      -0.026844266386362527,
      -0.041115032221227546,
      0.0853391801588475,
      0.059047769498428854,
      -0.007107033459207036,
      -0.14363451111445882,
      -0.02467014751632664,
      -0.0415214414003585,
      -0.07087091994902196,
      0.021314573483774645,
      -0.015111398405620485,
      0.02117816112173476,
      0.05054124941030616,
      0.0057450628083686485,
      0.05862076615555,
      -0.0024495325003562386,
      -0.007183064441374087,
      0.01007682949357505,
      0.010116303243067733,
      -0.01859775945466574,
      0.00010086909686186614,
      -0.018699578194791573
    ],
    [
      -2.3109110559350508,
      -0.5645112023981989,
      -0.8194207943167903,
      0.24670062828093348,
      0.13806074548531858,
      -0.3145378249358626,
      0.028950840958636676,
      -0.08946577081189123,
      -0.02474012411901046,
      0.004339136463726266,
      6.471948643956699e-05,
      -0.05422061526266718,
      -0.059485023411476365,
      0.017377882070684005,
      0.026240594040521027,
      0.021644173636793565,
      -0.0030479229594864467,
      0.03562365235338419,
      -0.016142350550038174,
      0.00377127619596751,
      0.0410449865465668,
      0.0025883840295563365,
      -0.003698201087126586,
      -0.062163734571203395,
      0.0036047476837137013,
      -0.000859728853995633,
      -0.0028598981110427826,
      0.001238078420549355,
      -0.010256027379949847,
      -0.05127105083049416,
      0.05553673058908694
    ],
    [
      6.8385759025819555,
      -0.014922945909227266,
      -3.814017799831086,
      -2.866183099428772,
      -0.6606867526322064,
      0.5443326910842919,
      -0.0760916722820485,
      0.159710982231514,
      -0.026150079464319274,
      -0.22768878966067643,
      0.18757342277450242,
      0.11993600796687079,
      0.14816800694884022,
      -0.16524465756678686,
      0.15638051470568134,
      -0.0816105312559741,
      -0.04578139395905057,
      0.05836522985679519,
      -0.009338051198542986,
      0.0008929500899383519,
      0.04484848976429254,
      -0.11109800821871453,
      -0.3279406939855671,
      0.08451687231133637,
      0.14071993465008614,
      0.08886887978428874,
      -0.020230438079765024,
      0.013432649093605805,
      0.13268910574890877,
      0.01609059588381233,
      -0.06594110918369261
    ]
  ]
}