stem,state,start_frame,end_frame,start_sec,end_sec,duration_sec,context,animal_id,day,experiment
20241113_Box_1_CFC_Day_0_(Context_A)_9001,9,0,5758,0.0,191.93,191.97,A,9001,0,CFC
20241113_Box_1_CFC_Day_0_(Context_A)_9001,5,5759,5799,191.97,193.3,1.37,A,9001,0,CFC
20241113_Box_1_CFC_Day_0_(Context_A)_9001,9,5800,6055,193.33,201.83,8.53,A,9001,0,CFC
20241113_Box_1_CFC_Day_0_(Context_A)_9001,5,6056,6075,201.87,202.5,0.67,A,9001,0,CFC
20241113_Box_1_CFC_Day_0_(Context_A)_9001,9,6076,6289,202.53,209.63,7.13,A,9001,0,CFC
20241113_Box_1_CFC_Day_0_(Context_A)_9001,-1,6290,6301,209.67,210.03,0.4,A,9001,0,CFC
20241113_Box_1_CFC_Day_0_(Context_A)_9003,9,0,6300,0.0,210.0,210.03,A,9003,0,CFC
20241113_Box_1_CFC_Day_0_(Context_A)_9005,9,0,5522,0.0,184.07,184.1,A,9005,0,CFC
20241113_Box_1_CFC_Day_0_(Context_A)_9005,-1,5523,5534,184.1,184.47,0.4,A,9005,0,CFC
20241113_Box_1_CFC_Day_0_(Context_A)_9005,9,5535,6300,184.5,210.0,25.53,A,9005,0,CFC
20241113_Box_1_CFC_Day_0_(Context_A)_9007,9,0,3294,0.0,109.8,109.83,A,9007,0,CFC
20241113_Box_1_CFC_Day_0_(Context_A)_9007,-1,3295,3448,109.83,114.93,5.13,A,9007,0,CFC
20241113_Box_1_CFC_Day_0_(Context_A)_9007,9,3449,3955,114.97,131.83,16.9,A,9007,0,CFC
20241113_Box_1_CFC_Day_0_(Context_A)_9007,-1,3956,3982,131.87,132.73,0.9,A,9007,0,CFC
20241113_Box_1_CFC_Day_0_(Context_A)_9007,9,3983,4655,132.77,155.17,22.43,A,9007,0,CFC
20241113_Box_1_CFC_Day_0_(Context_A)_9007,-1,4656,4676,155.2,155.87,0.7,A,9007,0,CFC
20241113_Box_1_CFC_Day_0_(Context_A)_9007,9,4677,6179,155.9,205.97,50.1,A,9007,0,CFC
20241113_Box_1_CFC_Day_0_(Context_A)_9007,-1,6180,6232,206.0,207.73,1.77,A,9007,0,CFC
20241113_Box_1_CFC_Day_0_(Context_A)_9007,9,6233,6279,207.77,209.3,1.57,A,9007,0,CFC
20241113_Box_1_CFC_Day_0_(Context_A)_9007,-1,6280,6300,209.33,210.0,0.7,A,9007,0,CFC
20241113_Box_1_CFC_Day_0_(Context_A)_9009,9,0,1446,0.0,48.2,48.23,A,9009,0,CFC
20241113_Box_1_CFC_Day_0_(Context_A)_9009,9,1452,5383,48.4,179.43,131.07,A,9009,0,CFC
20241113_Box_1_CFC_Day_0_(Context_A)_9009,-1,5384,5399,179.47,179.97,0.53,A,9009,0,CFC
20241113_Box_1_CFC_Day_0_(Context_A)_9009,9,5400,6300,180.0,210.0,30.03,A,9009,0,CFC
20241113_Box_1_CFC_Day_0_(Context_A)_9011,9,0,1264,0.0,42.13,42.17,A,9011,0,CFC
20241113_Box_1_CFC_Day_0_(Context_A)_9011,-1,1265,1288,42.17,42.93,0.8,A,9011,0,CFC
20241113_Box_1_CFC_Day_0_(Context_A)_9011,9,1289,5184,42.97,172.8,129.87,A,9011,0,CFC
20241113_Box_1_CFC_Day_0_(Context_A)_9011,-1,5185,5210,172.83,173.67,0.87,A,9011,0,CFC
20241113_Box_1_CFC_Day_0_(Context_A)_9011,9,5211,5864,173.7,195.47,21.8,A,9011,0,CFC
20241113_Box_1_CFC_Day_0_(Context_A)_9011,-1,5865,6055,195.5,201.83,6.37,A,9011,0,CFC
20241113_Box_1_CFC_Day_0_(Context_A)_9011,9,6056,6087,201.87,202.9,1.07,A,9011,0,CFC
20241113_Box_1_CFC_Day_0_(Context_A)_9011,-1,6088,6108,202.93,203.6,0.7,A,9011,0,CFC
20241113_Box_1_CFC_Day_0_(Context_A)_9011,9,6109,6301,203.63,210.03,6.43,A,9011,0,CFC
20241113_Box_1_CFC_Day_0_(Context_A)_9013,9,0,6300,0.0,210.0,210.03,A,9013,0,CFC
20241113_Box_1_CFC_Day_0_(Context_A)_9015,9,0,6300,0.0,210.0,210.03,A,9015,0,CFC
20241113_Box_2_CFC_Day_0_(Context_A)_9002,9,0,1591,0.0,53.03,53.07,A,9002,0,CFC
20241113_Box_2_CFC_Day_0_(Context_A)_9002,-1,1592,1599,53.07,53.3,0.27,A,9002,0,CFC
20241113_Box_2_CFC_Day_0_(Context_A)_9002,9,1600,3058,53.33,101.93,48.63,A,9002,0,CFC
20241113_Box_2_CFC_Day_0_(Context_A)_9002,9,3063,3724,102.1,124.13,22.07,A,9002,0,CFC
20241113_Box_2_CFC_Day_0_(Context_A)_9002,-1,3725,3740,124.17,124.67,0.53,A,9002,0,CFC
20241113_Box_2_CFC_Day_0_(Context_A)_9002,9,3741,5535,124.7,184.5,59.83,A,9002,0,CFC
20241113_Box_2_CFC_Day_0_(Context_A)_9002,-1,5536,5543,184.53,184.77,0.27,A,9002,0,CFC
20241113_Box_2_CFC_Day_0_(Context_A)_9002,9,5544,6300,184.8,210.0,25.23,A,9002,0,CFC
20241113_Box_2_CFC_Day_0_(Context_A)_9004,9,0,905,0.0,30.17,30.2,A,9004,0,CFC
20241113_Box_2_CFC_Day_0_(Context_A)_9004,-1,906,913,30.2,30.43,0.27,A,9004,0,CFC
20241113_Box_2_CFC_Day_0_(Context_A)_9004,9,914,2576,30.47,85.87,55.43,A,9004,0,CFC
20241113_Box_2_CFC_Day_0_(Context_A)_9004,-1,2577,2582,85.9,86.07,0.2,A,9004,0,CFC
20241113_Box_2_CFC_Day_0_(Context_A)_9004,9,2583,5205,86.1,173.5,87.43,A,9004,0,CFC
20241113_Box_2_CFC_Day_0_(Context_A)_9004,-1,5206,5216,173.53,173.87,0.37,A,9004,0,CFC
20241113_Box_2_CFC_Day_0_(Context_A)_9004,9,5217,6301,173.9,210.03,36.17,A,9004,0,CFC
20241113_Box_2_CFC_Day_0_(Context_A)_9006,9,0,416,0.0,13.87,13.9,A,9006,0,CFC
20241113_Box_2_CFC_Day_0_(Context_A)_9006,-1,417,427,13.9,14.23,0.37,A,9006,0,CFC
20241113_Box_2_CFC_Day_0_(Context_A)_9006,9,428,873,14.27,29.1,14.87,A,9006,0,CFC
20241113_Box_2_CFC_Day_0_(Context_A)_9006,-1,874,914,29.13,30.47,1.37,A,9006,0,CFC
20241113_Box_2_CFC_Day_0_(Context_A)_9006,9,915,3294,30.5,109.8,79.33,A,9006,0,CFC
20241113_Box_2_CFC_Day_0_(Context_A)_9006,-1,3295,3306,109.83,110.2,0.4,A,9006,0,CFC
20241113_Box_2_CFC_Day_0_(Context_A)_9006,9,3307,5504,110.23,183.47,73.27,A,9006,0,CFC
20241113_Box_2_CFC_Day_0_(Context_A)_9006,7,5505,5527,183.5,184.23,0.77,A,9006,0,CFC
20241113_Box_2_CFC_Day_0_(Context_A)_9006,9,5528,5634,184.27,187.8,3.57,A,9006,0,CFC
20241113_Box_2_CFC_Day_0_(Context_A)_9006,7,5635,5708,187.83,190.27,2.47,A,9006,0,CFC
20241113_Box_2_CFC_Day_0_(Context_A)_9006,9,5709,6301,190.3,210.03,19.77,A,9006,0,CFC
20241113_Box_2_CFC_Day_0_(Context_A)_9008,9,0,2233,0.0,74.43,74.47,A,9008,0,CFC
20241113_Box_2_CFC_Day_0_(Context_A)_9008,-1,2234,2261,74.47,75.37,0.93,A,9008,0,CFC
20241113_Box_2_CFC_Day_0_(Context_A)_9008,9,2262,2351,75.4,78.37,3.0,A,9008,0,CFC
20241113_Box_2_CFC_Day_0_(Context_A)_9008,-1,2352,2365,78.4,78.83,0.47,A,9008,0,CFC
20241113_Box_2_CFC_Day_0_(Context_A)_9008,9,2366,2480,78.87,82.67,3.83,A,9008,0,CFC
20241113_Box_2_CFC_Day_0_(Context_A)_9008,-1,2481,2488,82.7,82.93,0.27,A,9008,0,CFC
20241113_Box_2_CFC_Day_0_(Context_A)_9008,9,2489,4762,82.97,158.73,75.8,A,9008,0,CFC
20241113_Box_2_CFC_Day_0_(Context_A)_9008,-1,4763,4769,158.77,158.97,0.23,A,9008,0,CFC
20241113_Box_2_CFC_Day_0_(Context_A)_9008,9,4770,5394,159.0,179.8,20.83,A,9008,0,CFC
20241113_Box_2_CFC_Day_0_(Context_A)_9008,-1,5395,5402,179.83,180.07,0.27,A,9008,0,CFC
20241113_Box_2_CFC_Day_0_(Context_A)_9008,9,5403,6059,180.1,201.97,21.9,A,9008,0,CFC
20241113_Box_2_CFC_Day_0_(Context_A)_9008,-1,6060,6301,202.0,210.03,8.07,A,9008,0,CFC
20241113_Box_2_CFC_Day_0_(Context_A)_9010,9,0,5521,0.0,184.03,184.07,A,9010,0,CFC
20241113_Box_2_CFC_Day_0_(Context_A)_9010,-1,5522,5701,184.07,190.03,6.0,A,9010,0,CFC
20241113_Box_2_CFC_Day_0_(Context_A)_9010,9,5702,5718,190.07,190.6,0.57,A,9010,0,CFC
20241113_Box_2_CFC_Day_0_(Context_A)_9010,-1,5719,5759,190.63,191.97,1.37,A,9010,0,CFC
20241113_Box_2_CFC_Day_0_(Context_A)_9010,9,5760,5784,192.0,192.8,0.83,A,9010,0,CFC
20241113_Box_2_CFC_Day_0_(Context_A)_9010,-1,5785,6301,192.83,210.03,17.23,A,9010,0,CFC
20241113_Box_2_CFC_Day_0_(Context_A)_9012,9,0,3191,0.0,106.37,106.4,A,9012,0,CFC
20241113_Box_2_CFC_Day_0_(Context_A)_9012,-1,3201,3206,106.7,106.87,0.2,A,9012,0,CFC
20241113_Box_2_CFC_Day_0_(Context_A)_9012,9,3213,6300,107.1,210.0,102.93,A,9012,0,CFC
20241113_Box_2_CFC_Day_0_(Context_A)_9014,9,0,1962,0.0,65.4,65.43,A,9014,0,CFC
20241113_Box_2_CFC_Day_0_(Context_A)_9014,-1,1963,1969,65.43,65.63,0.23,A,9014,0,CFC
20241113_Box_2_CFC_Day_0_(Context_A)_9014,9,1970,3341,65.67,111.37,45.73,A,9014,0,CFC
20241113_Box_2_CFC_Day_0_(Context_A)_9014,-1,3342,3389,111.4,112.97,1.6,A,9014,0,CFC
20241113_Box_2_CFC_Day_0_(Context_A)_9014,9,3390,3437,113.0,114.57,1.6,A,9014,0,CFC
20241113_Box_2_CFC_Day_0_(Context_A)_9014,-1,3438,3750,114.6,125.0,10.43,A,9014,0,CFC
20241113_Box_2_CFC_Day_0_(Context_A)_9014,9,3751,3954,125.03,131.8,6.8,A,9014,0,CFC
20241113_Box_2_CFC_Day_0_(Context_A)_9014,-1,3955,3973,131.83,132.43,0.63,A,9014,0,CFC
20241113_Box_2_CFC_Day_0_(Context_A)_9014,9,3974,6301,132.47,210.03,77.6,A,9014,0,CFC
20241113_Box_2_CFC_Day_0_(Context_A)_9016,9,0,3602,0.0,120.07,120.1,A,9016,0,CFC
20241113_Box_2_CFC_Day_0_(Context_A)_9016,-1,3603,3611,120.1,120.37,0.3,A,9016,0,CFC
20241113_Box_2_CFC_Day_0_(Context_A)_9016,9,3612,3742,120.4,124.73,4.37,A,9016,0,CFC
20241113_Box_2_CFC_Day_0_(Context_A)_9016,-1,3743,3748,124.77,124.93,0.2,A,9016,0,CFC
20241113_Box_2_CFC_Day_0_(Context_A)_9016,9,3749,5844,124.97,194.8,69.87,A,9016,0,CFC
20241113_Box_2_CFC_Day_0_(Context_A)_9016,9,5848,6301,194.93,210.03,15.13,A,9016,0,CFC
"20241114_Box_1_CFC_Day_1_(Context_A,_No_Shock)_9001",9,0,277,0.0,9.23,9.27,A,9001,1,CFC
"20241114_Box_1_CFC_Day_1_(Context_A,_No_Shock)_9001",6,278,319,9.27,10.63,1.4,A,9001,1,CFC
"20241114_Box_1_CFC_Day_1_(Context_A,_No_Shock)_9001",9,320,522,10.67,17.4,6.77,A,9001,1,CFC
"20241114_Box_1_CFC_Day_1_(Context_A,_No_Shock)_9001",6,523,593,17.43,19.77,2.37,A,9001,1,CFC
"20241114_Box_1_CFC_Day_1_(Context_A,_No_Shock)_9001",9,594,868,19.8,28.93,9.17,A,9001,1,CFC
"20241114_Box_1_CFC_Day_1_(Context_A,_No_Shock)_9001",-1,869,1206,28.97,40.2,11.27,A,9001,1,CFC
"20241114_Box_1_CFC_Day_1_(Context_A,_No_Shock)_9001",9,1207,1397,40.23,46.57,6.37,A,9001,1,CFC
"20241114_Box_1_CFC_Day_1_(Context_A,_No_Shock)_9001",-1,1398,1528,46.6,50.93,4.37,A,9001,1,CFC
"20241114_Box_1_CFC_Day_1_(Context_A,_No_Shock)_9001",9,1529,1558,50.97,51.93,1.0,A,9001,1,CFC
"20241114_Box_1_CFC_Day_1_(Context_A,_No_Shock)_9001",-1,1559,1636,51.97,54.53,2.6,A,9001,1,CFC
"20241114_Box_1_CFC_Day_1_(Context_A,_No_Shock)_9001",9,1637,1728,54.57,57.6,3.07,A,9001,1,CFC
"20241114_Box_1_CFC_Day_1_(Context_A,_No_Shock)_9001",-1,1729,1933,57.63,64.43,6.83,A,9001,1,CFC
"20241114_Box_1_CFC_Day_1_(Context_A,_No_Shock)_9001",9,1934,2077,64.47,69.23,4.8,A,9001,1,CFC
"20241114_Box_1_CFC_Day_1_(Context_A,_No_Shock)_9001",-1,2078,2439,69.27,81.3,12.07,A,9001,1,CFC
"20241114_Box_1_CFC_Day_1_(Context_A,_No_Shock)_9001",9,2440,2502,81.33,83.4,2.1,A,9001,1,CFC
"20241114_Box_1_CFC_Day_1_(Context_A,_No_Shock)_9001",-1,2503,2648,83.43,88.27,4.87,A,9001,1,CFC
"20241114_Box_1_CFC_Day_1_(Context_A,_No_Shock)_9001",9,2649,2705,88.3,90.17,1.9,A,9001,1,CFC
"20241114_Box_1_CFC_Day_1_(Context_A,_No_Shock)_9001",-1,2706,2950,90.2,98.33,8.17,A,9001,1,CFC
"20241114_Box_1_CFC_Day_1_(Context_A,_No_Shock)_9001",9,2951,3333,98.37,111.1,12.77,A,9001,1,CFC
"20241114_Box_1_CFC_Day_1_(Context_A,_No_Shock)_9001",6,3334,3363,111.13,112.1,1.0,A,9001,1,CFC
"20241114_Box_1_CFC_Day_1_(Context_A,_No_Shock)_9001",9,3364,3437,112.13,114.57,2.47,A,9001,1,CFC
"20241114_Box_1_CFC_Day_1_(Context_A,_No_Shock)_9001",6,3438,3493,114.6,116.43,1.87,A,9001,1,CFC
"20241114_Box_1_CFC_Day_1_(Context_A,_No_Shock)_9001",9,3494,3563,116.47,118.77,2.33,A,9001,1,CFC
"20241114_Box_1_CFC_Day_1_(Context_A,_No_Shock)_9001",6,3564,3573,118.8,119.1,0.33,A,9001,1,CFC
"20241114_Box_1_CFC_Day_1_(Context_A,_No_Shock)_9001",-1,3574,3605,119.13,120.17,1.07,A,9001,1,CFC
"20241114_Box_1_CFC_Day_1_(Context_A,_No_Shock)_9001",6,3606,3629,120.2,120.97,0.8,A,9001,1,CFC
"20241114_Box_1_CFC_Day_1_(Context_A,_No_Shock)_9001",-1,3630,3637,121.0,121.23,0.27,A,9001,1,CFC
"20241114_Box_1_CFC_Day_1_(Context_A,_No_Shock)_9001",9,3638,3818,121.27,127.27,6.03,A,9001,1,CFC
"20241114_Box_1_CFC_Day_1_(Context_A,_No_Shock)_9001",6,3819,3831,127.3,127.7,0.43,A,9001,1,CFC
"20241114_Box_1_CFC_Day_1_(Context_A,_No_Shock)_9001",9,3832,3866,127.73,128.87,1.17,A,9001,1,CFC
"20241114_Box_1_CFC_Day_1_(Context_A,_No_Shock)_9001",6,3867,3908,128.9,130.27,1.4,A,9001,1,CFC
"20241114_Box_1_CFC_Day_1_(Context_A,_No_Shock)_9001",9,3909,3970,130.3,132.33,2.07,A,9001,1,CFC
"20241114_Box_1_CFC_Day_1_(Context_A,_No_Shock)_9001",6,3971,4092,132.37,136.4,4.07,A,9001,1,CFC
"20241114_Box_1_CFC_Day_1_(Context_A,_No_Shock)_9001",9,4093,4125,136.43,137.5,1.1,A,9001,1,CFC
"20241114_Box_1_CFC_Day_1_(Context_A,_No_Shock)_9001",6,4126,4134,137.53,137.8,0.3,A,9001,1,CFC
"20241114_Box_1_CFC_Day_1_(Context_A,_No_Shock)_9001",9,4135,4221,137.83,140.7,2.9,A,9001,1,CFC
"20241114_Box_1_CFC_Day_1_(Context_A,_No_Shock)_9001",6,4222,4240,140.73,141.33,0.63,A,9001,1,CFC
"20241114_Box_1_CFC_Day_1_(Context_A,_No_Shock)_9001",9,4241,4276,141.37,142.53,1.2,A,9001,1,CFC
"20241114_Box_1_CFC_Day_1_(Context_A,_No_Shock)_9001",6,4277,4348,142.57,144.93,2.4,A,9001,1,CFC
"20241114_Box_1_CFC_Day_1_(Context_A,_No_Shock)_9001",9,4349,4444,144.97,148.13,3.2,A,9001,1,CFC
"20241114_Box_1_CFC_Day_1_(Context_A,_No_Shock)_9001",6,4445,4812,148.17,160.4,12.27,A,9001,1,CFC
"20241114_Box_1_CFC_Day_1_(Context_A,_No_Shock)_9001",9,4813,4966,160.43,165.53,5.13,A,9001,1,CFC
"20241114_Box_1_CFC_Day_1_(Context_A,_No_Shock)_9001",6,4967,4977,165.57,165.9,0.37,A,9001,1,CFC
"20241114_Box_1_CFC_Day_1_(Context_A,_No_Shock)_9001",9,4978,5010,165.93,167.0,1.1,A,9001,1,CFC
"20241114_Box_1_CFC_Day_1_(Context_A,_No_Shock)_9001",6,5011,5259,167.03,175.3,8.3,A,9001,1,CFC
"20241114_Box_1_CFC_Day_1_(Context_A,_No_Shock)_9001",-1,5260,5319,175.33,177.3,2.0,A,9001,1,CFC
"20241114_Box_1_CFC_Day_1_(Context_A,_No_Shock)_9001",6,5320,5400,177.33,180.0,2.7,A,9001,1,CFC
"20241114_Box_1_CFC_Day_1_(Context_A,_No_Shock)_9003",9,0,513,0.0,17.1,17.13,A,9003,1,CFC
"20241114_Box_1_CFC_Day_1_(Context_A,_No_Shock)_9003",-1,514,574,17.13,19.13,2.03,A,9003,1,CFC
"20241114_Box_1_CFC_Day_1_(Context_A,_No_Shock)_9003",9,575,1354,19.17,45.13,26.0,A,9003,1,CFC
"20241114_Box_1_CFC_Day_1_(Context_A,_No_Shock)_9003",-1,1355,1370,45.17,45.67,0.53,A,9003,1,CFC
"20241114_Box_1_CFC_Day_1_(Context_A,_No_Shock)_9003",9,1371,2251,45.7,75.03,29.37,A,9003,1,CFC
"20241114_Box_1_CFC_Day_1_(Context_A,_No_Shock)_9003",-1,2252,2338,75.07,77.93,2.9,A,9003,1,CFC
"20241114_Box_1_CFC_Day_1_(Context_A,_No_Shock)_9003",9,2339,2426,77.97,80.87,2.93,A,9003,1,CFC
"20241114_Box_1_CFC_Day_1_(Context_A,_No_Shock)_9003",-1,2427,2440,80.9,81.33,0.47,A,9003,1,CFC
"20241114_Box_1_CFC_Day_1_(Context_A,_No_Shock)_9003",9,2441,4835,81.37,161.17,79.83,A,9003,1,CFC
"20241114_Box_1_CFC_Day_1_(Context_A,_No_Shock)_9003",-1,4836,4847,161.2,161.57,0.4,A,9003,1,CFC
"20241114_Box_1_CFC_Day_1_(Context_A,_No_Shock)_9003",9,4848,5401,161.6,180.03,18.47,A,9003,1,CFC
"20241114_Box_1_CFC_Day_1_(Context_A,_No_Shock)_9005",9,0,2655,0.0,88.5,88.53,A,9005,1,CFC
"20241114_Box_1_CFC_Day_1_(Context_A,_No_Shock)_9005",-1,2656,2710,88.53,90.33,1.83,A,9005,1,CFC
"20241114_Box_1_CFC_Day_1_(Context_A,_No_Shock)_9005",9,2711,3509,90.37,116.97,26.63,A,9005,1,CFC
"20241114_Box_1_CFC_Day_1_(Context_A,_No_Shock)_9005",7,3510,3533,117.0,117.77,0.8,A,9005,1,CFC
"20241114_Box_1_CFC_Day_1_(Context_A,_No_Shock)_9005",9,3534,3837,117.8,127.9,10.13,A,9005,1,CFC
"20241114_Box_1_CFC_Day_1_(Context_A,_No_Shock)_9005",9,3839,4779,127.97,159.3,31.37,A,9005,1,CFC
"20241114_Box_1_CFC_Day_1_(Context_A,_No_Shock)_9005",-1,4780,4797,159.33,159.9,0.6,A,9005,1,CFC
"20241114_Box_1_CFC_Day_1_(Context_A,_No_Shock)_9005",9,4798,4887,159.93,162.9,3.0,A,9005,1,CFC
"20241114_Box_1_CFC_Day_1_(Context_A,_No_Shock)_9005",-1,4888,5027,162.93,167.57,4.67,A,9005,1,CFC
"20241114_Box_1_CFC_Day_1_(Context_A,_No_Shock)_9005",9,5028,5402,167.6,180.07,12.5,A,9005,1,CFC
"20241114_Box_1_CFC_Day_1_(Context_A,_No_Shock)_9007",7,0,192,0.0,6.4,6.43,A,9007,1,CFC
"20241114_Box_1_CFC_Day_1_(Context_A,_No_Shock)_9007",-1,193,224,6.43,7.47,1.07,A,9007,1,CFC
"20241114_Box_1_CFC_Day_1_(Context_A,_No_Shock)_9007",7,225,303,7.5,10.1,2.63,A,9007,1,CFC
"20241114_Box_1_CFC_Day_1_(Context_A,_No_Shock)_9007",-1,304,473,10.13,15.77,5.67,A,9007,1,CFC
"20241114_Box_1_CFC_Day_1_(Context_A,_No_Shock)_9007",7,474,724,15.8,24.13,8.37,A,9007,1,CFC
"20241114_Box_1_CFC_Day_1_(Context_A,_No_Shock)_9007",-1,725,795,24.17,26.5,2.37,A,9007,1,CFC
"20241114_Box_1_CFC_Day_1_(Context_A,_No_Shock)_9007",7,796,866,26.53,28.87,2.37,A,9007,1,CFC
"20241114_Box_1_CFC_Day_1_(Context_A,_No_Shock)_9007",-1,867,1233,28.9,41.1,12.23,A,9007,1,CFC
"20241114_Box_1_CFC_Day_1_(Context_A,_No_Shock)_9007",7,1234,1303,41.13,43.43,2.33,A,9007,1,CFC
"20241114_Box_1_CFC_Day_1_(Context_A,_No_Shock)_9007",9,1304,1328,43.47,44.27,0.83,A,9007,1,CFC
"20241114_Box_1_CFC_Day_1_(Context_A,_No_Shock)_9007",7,1329,1398,44.3,46.6,2.33,A,9007,1,CFC
"20241114_Box_1_CFC_Day_1_(Context_A,_No_Shock)_9007",9,1399,1406,46.63,46.87,0.27,A,9007,1,CFC
"20241114_Box_1_CFC_Day_1_(Context_A,_No_Shock)_9007",7,1407,1513,46.9,50.43,3.57,A,9007,1,CFC
"20241114_Box_1_CFC_Day_1_(Context_A,_No_Shock)_9007",9,1514,1591,50.47,53.03,2.6,A,9007,1,CFC
"20241114_Box_1_CFC_Day_1_(Context_A,_No_Shock)_9007",7,1592,1612,53.07,53.73,0.7,A,9007,1,CFC
"20241114_Box_1_CFC_Day_1_(Context_A,_No_Shock)_9007",9,1613,1638,53.77,54.6,0.87,A,9007,1,CFC
"20241114_Box_1_CFC_Day_1_(Context_A,_No_Shock)_9007",7,1639,1761,54.63,58.7,4.1,A,9007,1,CFC
"20241114_Box_1_CFC_Day_1_(Context_A,_No_Shock)_9007",9,1762,1802,58.73,60.07,1.37,A,9007,1,CFC
"20241114_Box_1_CFC_Day_1_(Context_A,_No_Shock)_9007",7,1803,1944,60.1,64.8,4.73,A,9007,1,CFC
"20241114_Box_1_CFC_Day_1_(Context_A,_No_Shock)_9007",9,1945,1960,64.83,65.33,0.53,A,9007,1,CFC
"20241114_Box_1_CFC_Day_1_(Context_A,_No_Shock)_9007",7,1961,4923,65.37,164.1,98.77,A,9007,1,CFC
"20241114_Box_1_CFC_Day_1_(Context_A,_No_Shock)_9007",9,4924,5282,164.13,176.07,11.97,A,9007,1,CFC
"20241114_Box_1_CFC_Day_1_(Context_A,_No_Shock)_9007",7,5283,5328,176.1,177.6,1.53,A,9007,1,CFC
"20241114_Box_1_CFC_Day_1_(Context_A,_No_Shock)_9007",9,5329,5400,177.63,180.0,2.4,A,9007,1,CFC
"20241114_Box_1_CFC_Day_1_(Context_A,_No_Shock)_9009",9,0,249,0.0,8.3,8.33,A,9009,1,CFC
"20241114_Box_1_CFC_Day_1_(Context_A,_No_Shock)_9009",-1,250,699,8.33,23.3,15.0,A,9009,1,CFC
"20241114_Box_1_CFC_Day_1_(Context_A,_No_Shock)_9009",9,700,975,23.33,32.5,9.2,A,9009,1,CFC
"20241114_Box_1_CFC_Day_1_(Context_A,_No_Shock)_9009",-1,976,2021,32.53,67.37,34.87,A,9009,1,CFC
"20241114_Box_1_CFC_Day_1_(Context_A,_No_Shock)_9009",9,2022,2166,67.4,72.2,4.83,A,9009,1,CFC
"20241114_Box_1_CFC_Day_1_(Context_A,_No_Shock)_9009",-1,2167,2310,72.23,77.0,4.8,A,9009,1,CFC
"20241114_Box_1_CFC_Day_1_(Context_A,_No_Shock)_9009",9,2311,2341,77.03,78.03,1.03,A,9009,1,CFC
"20241114_Box_1_CFC_Day_1_(Context_A,_No_Shock)_9009",-1,2342,3011,78.07,100.37,22.33,A,9009,1,CFC
"20241114_Box_1_CFC_Day_1_(Context_A,_No_Shock)_9009",9,3012,3131,100.4,104.37,4.0,A,9009,1,CFC
"20241114_Box_1_CFC_Day_1_(Context_A,_No_Shock)_9009",5,3132,4386,104.4,146.2,41.83,A,9009,1,CFC
"20241114_Box_1_CFC_Day_1_(Context_A,_No_Shock)_9009",9,4387,4456,146.23,148.53,2.33,A,9009,1,CFC
"20241114_Box_1_CFC_Day_1_(Context_A,_No_Shock)_9009",5,4457,4848,148.57,161.6,13.07,A,9009,1,CFC
"20241114_Box_1_CFC_Day_1_(Context_A,_No_Shock)_9009",9,4849,4956,161.63,165.2,3.6,A,9009,1,CFC
"20241114_Box_1_CFC_Day_1_(Context_A,_No_Shock)_9009",5,4957,4992,165.23,166.4,1.2,A,9009,1,CFC
"20241114_Box_1_CFC_Day_1_(Context_A,_No_Shock)_9009",9,4993,5104,166.43,170.13,3.73,A,9009,1,CFC
"20241114_Box_1_CFC_Day_1_(Context_A,_No_Shock)_9009",5,5105,5374,170.17,179.13,9.0,A,9009,1,CFC
"20241114_Box_1_CFC_Day_1_(Context_A,_No_Shock)_9009",9,5375,5388,179.17,179.6,0.47,A,9009,1,CFC
"20241114_Box_1_CFC_Day_1_(Context_A,_No_Shock)_9009",-1,5389,5401,179.63,180.03,0.43,A,9009,1,CFC
"20241114_Box_1_CFC_Day_1_(Context_A,_No_Shock)_9011",9,0,526,0.0,17.53,17.57,A,9011,1,CFC
"20241114_Box_1_CFC_Day_1_(Context_A,_No_Shock)_9011",-1,527,767,17.57,25.57,8.03,A,9011,1,CFC
"20241114_Box_1_CFC_Day_1_(Context_A,_No_Shock)_9011",9,768,827,25.6,27.57,2.0,A,9011,1,CFC
"20241114_Box_1_CFC_Day_1_(Context_A,_No_Shock)_9011",-1,828,837,27.6,27.9,0.33,A,9011,1,CFC
"20241114_Box_1_CFC_Day_1_(Context_A,_No_Shock)_9011",9,838,4479,27.93,149.3,121.4,A,9011,1,CFC
"20241114_Box_1_CFC_Day_1_(Context_A,_No_Shock)_9011",-1,4480,4494,149.33,149.8,0.5,A,9011,1,CFC
"20241114_Box_1_CFC_Day_1_(Context_A,_No_Shock)_9011",9,4495,5119,149.83,170.63,20.83,A,9011,1,CFC
"20241114_Box_1_CFC_Day_1_(Context_A,_No_Shock)_9011",-1,5120,5340,170.67,178.0,7.37,A,9011,1,CFC
"20241114_Box_1_CFC_Day_1_(Context_A,_No_Shock)_9011",9,5341,5401,178.03,180.03,2.03,A,9011,1,CFC
"20241114_Box_1_CFC_Day_1_(Context_A,_No_Shock)_9013",9,0,1545,0.0,51.5,51.53,A,9013,1,CFC
"20241114_Box_1_CFC_Day_1_(Context_A,_No_Shock)_9013",-1,1546,2025,51.53,67.5,16.0,A,9013,1,CFC
"20241114_Box_1_CFC_Day_1_(Context_A,_No_Shock)_9013",9,2026,3530,67.53,117.67,50.17,A,9013,1,CFC
"20241114_Box_1_CFC_Day_1_(Context_A,_No_Shock)_9013",3,3531,3802,117.7,126.73,9.07,A,9013,1,CFC
"20241114_Box_1_CFC_Day_1_(Context_A,_No_Shock)_9013",9,3803,3898,126.77,129.93,3.2,A,9013,1,CFC
"20241114_Box_1_CFC_Day_1_(Context_A,_No_Shock)_9013",3,3899,4056,129.97,135.2,5.27,A,9013,1,CFC
"20241114_Box_1_CFC_Day_1_(Context_A,_No_Shock)_9013",9,4057,4087,135.23,136.23,1.03,A,9013,1,CFC
"20241114_Box_1_CFC_Day_1_(Context_A,_No_Shock)_9013",-1,4088,4430,136.27,147.67,11.43,A,9013,1,CFC
"20241114_Box_1_CFC_Day_1_(Context_A,_No_Shock)_9013",9,4431,4554,147.7,151.8,4.13,A,9013,1,CFC
"20241114_Box_1_CFC_Day_1_(Context_A,_No_Shock)_9013",-1,4555,4747,151.83,158.23,6.43,A,9013,1,CFC
"20241114_Box_1_CFC_Day_1_(Context_A,_No_Shock)_9013",9,4748,5401,158.27,180.03,21.8,A,9013,1,CFC
"20241114_Box_1_CFC_Day_1_(Context_A,_No_Shock)_9015",9,0,607,0.0,20.23,20.27,A,9015,1,CFC
"20241114_Box_1_CFC_Day_1_(Context_A,_No_Shock)_9015",-1,608,621,20.27,20.7,0.47,A,9015,1,CFC
"20241114_Box_1_CFC_Day_1_(Context_A,_No_Shock)_9015",9,622,821,20.73,27.37,6.67,A,9015,1,CFC
"20241114_Box_1_CFC_Day_1_(Context_A,_No_Shock)_9015",-1,822,903,27.4,30.1,2.73,A,9015,1,CFC
"20241114_Box_1_CFC_Day_1_(Context_A,_No_Shock)_9015",9,904,1070,30.13,35.67,5.57,A,9015,1,CFC
"20241114_Box_1_CFC_Day_1_(Context_A,_No_Shock)_9015",-1,1071,1371,35.7,45.7,10.03,A,9015,1,CFC
"20241114_Box_1_CFC_Day_1_(Context_A,_No_Shock)_9015",9,1372,1649,45.73,54.97,9.27,A,9015,1,CFC
"20241114_Box_1_CFC_Day_1_(Context_A,_No_Shock)_9015",-1,1650,1777,55.0,59.23,4.27,A,9015,1,CFC
"20241114_Box_1_CFC_Day_1_(Context_A,_No_Shock)_9015",9,1778,1963,59.27,65.43,6.2,A,9015,1,CFC
"20241114_Box_1_CFC_Day_1_(Context_A,_No_Shock)_9015",-1,1964,2004,65.47,66.8,1.37,A,9015,1,CFC
"20241114_Box_1_CFC_Day_1_(Context_A,_No_Shock)_9015",9,2005,2102,66.83,70.07,3.27,A,9015,1,CFC
"20241114_Box_1_CFC_Day_1_(Context_A,_No_Shock)_9015",-1,2103,2158,70.1,71.93,1.87,A,9015,1,CFC
"20241114_Box_1_CFC_Day_1_(Context_A,_No_Shock)_9015",9,2159,2607,71.97,86.9,14.97,A,9015,1,CFC
"20241114_Box_1_CFC_Day_1_(Context_A,_No_Shock)_9015",-1,2608,2681,86.93,89.37,2.47,A,9015,1,CFC
"20241114_Box_1_CFC_Day_1_(Context_A,_No_Shock)_9015",9,2682,2833,89.4,94.43,5.07,A,9015,1,CFC
"20241114_Box_1_CFC_Day_1_(Context_A,_No_Shock)_9015",-1,2834,2921,94.47,97.37,2.93,A,9015,1,CFC
"20241114_Box_1_CFC_Day_1_(Context_A,_No_Shock)_9015",9,2922,3230,97.4,107.67,10.3,A,9015,1,CFC
"20241114_Box_1_CFC_Day_1_(Context_A,_No_Shock)_9015",-1,3231,3315,107.7,110.5,2.83,A,9015,1,CFC
"20241114_Box_1_CFC_Day_1_(Context_A,_No_Shock)_9015",9,3316,3373,110.53,112.43,1.93,A,9015,1,CFC
"20241114_Box_1_CFC_Day_1_(Context_A,_No_Shock)_9015",-1,3374,3453,112.47,115.1,2.67,A,9015,1,CFC
"20241114_Box_1_CFC_Day_1_(Context_A,_No_Shock)_9015",9,3454,3514,115.13,117.13,2.03,A,9015,1,CFC
"20241114_Box_1_CFC_Day_1_(Context_A,_No_Shock)_9015",1,3515,3539,117.17,117.97,0.83,A,9015,1,CFC
"20241114_Box_1_CFC_Day_1_(Context_A,_No_Shock)_9015",9,3540,3669,118.0,122.3,4.33,A,9015,1,CFC
"20241114_Box_1_CFC_Day_1_(Context_A,_No_Shock)_9015",-1,3670,3680,122.33,122.67,0.37,A,9015,1,CFC
"20241114_Box_1_CFC_Day_1_(Context_A,_No_Shock)_9015",9,3681,3713,122.7,123.77,1.1,A,9015,1,CFC
"20241114_Box_1_CFC_Day_1_(Context_A,_No_Shock)_9015",-1,3714,3754,123.8,125.13,1.37,A,9015,1,CFC
"20241114_Box_1_CFC_Day_1_(Context_A,_No_Shock)_9015",9,3755,4003,125.17,133.43,8.3,A,9015,1,CFC
"20241114_Box_1_CFC_Day_1_(Context_A,_No_Shock)_9015",-1,4004,4018,133.47,133.93,0.5,A,9015,1,CFC
"20241114_Box_1_CFC_Day_1_(Context_A,_No_Shock)_9015",9,4019,4090,133.97,136.33,2.4,A,9015,1,CFC
"20241114_Box_1_CFC_Day_1_(Context_A,_No_Shock)_9015",-1,4091,4118,136.37,137.27,0.93,A,9015,1,CFC
"20241114_Box_1_CFC_Day_1_(Context_A,_No_Shock)_9015",9,4119,4169,137.3,138.97,1.7,A,9015,1,CFC
"20241114_Box_1_CFC_Day_1_(Context_A,_No_Shock)_9015",-1,4170,4230,139.0,141.0,2.03,A,9015,1,CFC
"20241114_Box_1_CFC_Day_1_(Context_A,_No_Shock)_9015",9,4231,4322,141.03,144.07,3.07,A,9015,1,CFC
"20241114_Box_1_CFC_Day_1_(Context_A,_No_Shock)_9015",-1,4323,4333,144.1,144.43,0.37,A,9015,1,CFC
"20241114_Box_1_CFC_Day_1_(Context_A,_No_Shock)_9015",9,4334,4364,144.47,145.47,1.03,A,9015,1,CFC
"20241114_Box_1_CFC_Day_1_(Context_A,_No_Shock)_9015",-1,4365,4381,145.5,146.03,0.57,A,9015,1,CFC
"20241114_Box_1_CFC_Day_1_(Context_A,_No_Shock)_9015",9,4382,5040,146.07,168.0,21.97,A,9015,1,CFC
"20241114_Box_1_CFC_Day_1_(Context_A,_No_Shock)_9015",-1,5041,5049,168.03,168.3,0.3,A,9015,1,CFC
"20241114_Box_1_CFC_Day_1_(Context_A,_No_Shock)_9015",9,5050,5363,168.33,178.77,10.47,A,9015,1,CFC
"20241114_Box_1_CFC_Day_1_(Context_A,_No_Shock)_9015",-1,5364,5402,178.8,180.07,1.3,A,9015,1,CFC
"20241114_Box_2_CFC_Day_1_(Context_A,_No_Shock)_9002",9,0,88,0.0,2.93,2.97,A,9002,1,CFC
"20241114_Box_2_CFC_Day_1_(Context_A,_No_Shock)_9002",-1,89,114,2.97,3.8,0.87,A,9002,1,CFC
"20241114_Box_2_CFC_Day_1_(Context_A,_No_Shock)_9002",9,115,505,3.83,16.83,13.03,A,9002,1,CFC
"20241114_Box_2_CFC_Day_1_(Context_A,_No_Shock)_9002",-1,506,526,16.87,17.53,0.7,A,9002,1,CFC
"20241114_Box_2_CFC_Day_1_(Context_A,_No_Shock)_9002",9,527,746,17.57,24.87,7.33,A,9002,1,CFC
"20241114_Box_2_CFC_Day_1_(Context_A,_No_Shock)_9002",-1,747,774,24.9,25.8,0.93,A,9002,1,CFC
"20241114_Box_2_CFC_Day_1_(Context_A,_No_Shock)_9002",9,775,813,25.83,27.1,1.3,A,9002,1,CFC
"20241114_Box_2_CFC_Day_1_(Context_A,_No_Shock)_9002",-1,814,906,27.13,30.2,3.1,A,9002,1,CFC
"20241114_Box_2_CFC_Day_1_(Context_A,_No_Shock)_9002",9,907,1290,30.23,43.0,12.8,A,9002,1,CFC
"20241114_Box_2_CFC_Day_1_(Context_A,_No_Shock)_9002",-1,1291,1309,43.03,43.63,0.63,A,9002,1,CFC
"20241114_Box_2_CFC_Day_1_(Context_A,_No_Shock)_9002",9,1310,1345,43.67,44.83,1.2,A,9002,1,CFC
"20241114_Box_2_CFC_Day_1_(Context_A,_No_Shock)_9002",-1,1346,1371,44.87,45.7,0.87,A,9002,1,CFC
"20241114_Box_2_CFC_Day_1_(Context_A,_No_Shock)_9002",9,1372,1437,45.73,47.9,2.2,A,9002,1,CFC
"20241114_Box_2_CFC_Day_1_(Context_A,_No_Shock)_9002",-1,1438,1445,47.93,48.17,0.27,A,9002,1,CFC
"20241114_Box_2_CFC_Day_1_(Context_A,_No_Shock)_9002",9,1446,1977,48.2,65.9,17.73,A,9002,1,CFC
"20241114_Box_2_CFC_Day_1_(Context_A,_No_Shock)_9002",-1,1978,3439,65.93,114.63,48.73,A,9002,1,CFC
"20241114_Box_2_CFC_Day_1_(Context_A,_No_Shock)_9002",9,3440,3816,114.67,127.2,12.57,A,9002,1,CFC
"20241114_Box_2_CFC_Day_1_(Context_A,_No_Shock)_9002",-1,3817,4199,127.23,139.97,12.77,A,9002,1,CFC
"20241114_Box_2_CFC_Day_1_(Context_A,_No_Shock)_9002",9,4200,4353,140.0,145.1,5.13,A,9002,1,CFC
"20241114_Box_2_CFC_Day_1_(Context_A,_No_Shock)_9002",-1,4354,4461,145.13,148.7,3.6,A,9002,1,CFC
"20241114_Box_2_CFC_Day_1_(Context_A,_No_Shock)_9002",9,4462,4534,148.73,151.13,2.43,A,9002,1,CFC
"20241114_Box_2_CFC_Day_1_(Context_A,_No_Shock)_9002",-1,4535,4622,151.17,154.07,2.93,A,9002,1,CFC
"20241114_Box_2_CFC_Day_1_(Context_A,_No_Shock)_9002",9,4623,4716,154.1,157.2,3.13,A,9002,1,CFC
"20241114_Box_2_CFC_Day_1_(Context_A,_No_Shock)_9002",-1,4717,5030,157.23,167.67,10.47,A,9002,1,CFC
"20241114_Box_2_CFC_Day_1_(Context_A,_No_Shock)_9002",9,5031,5067,167.7,168.9,1.23,A,9002,1,CFC
"20241114_Box_2_CFC_Day_1_(Context_A,_No_Shock)_9002",-1,5068,5176,168.93,172.53,3.63,A,9002,1,CFC
"20241114_Box_2_CFC_Day_1_(Context_A,_No_Shock)_9002",9,5177,5218,172.57,173.93,1.4,A,9002,1,CFC
"20241114_Box_2_CFC_Day_1_(Context_A,_No_Shock)_9002",-1,5219,5401,173.97,180.03,6.1,A,9002,1,CFC
"20241114_Box_2_CFC_Day_1_(Context_A,_No_Shock)_9004",9,0,5400,0.0,180.0,180.03,A,9004,1,CFC
"20241114_Box_2_CFC_Day_1_(Context_A,_No_Shock)_9006",9,0,90,0.0,3.0,3.03,A,9006,1,CFC
"20241114_Box_2_CFC_Day_1_(Context_A,_No_Shock)_9006",-1,91,105,3.03,3.5,0.5,A,9006,1,CFC
"20241114_Box_2_CFC_Day_1_(Context_A,_No_Shock)_9006",9,106,1277,3.53,42.57,39.07,A,9006,1,CFC
"20241114_Box_2_CFC_Day_1_(Context_A,_No_Shock)_9006",-1,1278,1319,42.6,43.97,1.4,A,9006,1,CFC
"20241114_Box_2_CFC_Day_1_(Context_A,_No_Shock)_9006",9,1320,4139,44.0,137.97,94.0,A,9006,1,CFC
"20241114_Box_2_CFC_Day_1_(Context_A,_No_Shock)_9006",-1,4140,4150,138.0,138.33,0.37,A,9006,1,CFC
"20241114_Box_2_CFC_Day_1_(Context_A,_No_Shock)_9006",9,4151,5400,138.37,180.0,41.67,A,9006,1,CFC
"20241114_Box_2_CFC_Day_1_(Context_A,_No_Shock)_9008",9,0,697,0.0,23.23,23.27,A,9008,1,CFC
"20241114_Box_2_CFC_Day_1_(Context_A,_No_Shock)_9008",-1,698,707,23.27,23.57,0.33,A,9008,1,CFC
"20241114_Box_2_CFC_Day_1_(Context_A,_No_Shock)_9008",9,708,739,23.6,24.63,1.07,A,9008,1,CFC
"20241114_Box_2_CFC_Day_1_(Context_A,_No_Shock)_9008",-1,740,788,24.67,26.27,1.63,A,9008,1,CFC
"20241114_Box_2_CFC_Day_1_(Context_A,_No_Shock)_9008",9,789,830,26.3,27.67,1.4,A,9008,1,CFC
"20241114_Box_2_CFC_Day_1_(Context_A,_No_Shock)_9008",-1,831,1210,27.7,40.33,12.67,A,9008,1,CFC
"20241114_Box_2_CFC_Day_1_(Context_A,_No_Shock)_9008",9,1211,2625,40.37,87.5,47.17,A,9008,1,CFC
"20241114_Box_2_CFC_Day_1_(Context_A,_No_Shock)_9008",-1,2626,2672,87.53,89.07,1.57,A,9008,1,CFC
"20241114_Box_2_CFC_Day_1_(Context_A,_No_Shock)_9008",9,2673,2702,89.1,90.07,1.0,A,9008,1,CFC
"20241114_Box_2_CFC_Day_1_(Context_A,_No_Shock)_9008",-1,2703,2800,90.1,93.33,3.27,A,9008,1,CFC
"20241114_Box_2_CFC_Day_1_(Context_A,_No_Shock)_9008",9,2801,3043,93.37,101.43,8.1,A,9008,1,CFC
"20241114_Box_2_CFC_Day_1_(Context_A,_No_Shock)_9008",-1,3044,3114,101.47,103.8,2.37,A,9008,1,CFC
"20241114_Box_2_CFC_Day_1_(Context_A,_No_Shock)_9008",9,3115,3265,103.83,108.83,5.03,A,9008,1,CFC
"20241114_Box_2_CFC_Day_1_(Context_A,_No_Shock)_9008",-1,3266,3279,108.87,109.3,0.47,A,9008,1,CFC
"20241114_Box_2_CFC_Day_1_(Context_A,_No_Shock)_9008",9,3280,3333,109.33,111.1,1.8,A,9008,1,CFC
"20241114_Box_2_CFC_Day_1_(Context_A,_No_Shock)_9008",-1,3334,3614,111.13,120.47,9.37,A,9008,1,CFC
"20241114_Box_2_CFC_Day_1_(Context_A,_No_Shock)_9008",9,3615,3766,120.5,125.53,5.07,A,9008,1,CFC
"20241114_Box_2_CFC_Day_1_(Context_A,_No_Shock)_9008",-1,3767,3876,125.57,129.2,3.67,A,9008,1,CFC
"20241114_Box_2_CFC_Day_1_(Context_A,_No_Shock)_9008",9,3877,3951,129.23,131.7,2.5,A,9008,1,CFC
"20241114_Box_2_CFC_Day_1_(Context_A,_No_Shock)_9008",-1,3952,4128,131.73,137.6,5.9,A,9008,1,CFC
"20241114_Box_2_CFC_Day_1_(Context_A,_No_Shock)_9008",9,4129,4211,137.63,140.37,2.77,A,9008,1,CFC
"20241114_Box_2_CFC_Day_1_(Context_A,_No_Shock)_9008",-1,4212,4493,140.4,149.77,9.4,A,9008,1,CFC
"20241114_Box_2_CFC_Day_1_(Context_A,_No_Shock)_9008",9,4494,4572,149.8,152.4,2.63,A,9008,1,CFC
"20241114_Box_2_CFC_Day_1_(Context_A,_No_Shock)_9008",-1,4573,4583,152.43,152.77,0.37,A,9008,1,CFC
"20241114_Box_2_CFC_Day_1_(Context_A,_No_Shock)_9008",9,4584,4615,152.8,153.83,1.07,A,9008,1,CFC
"20241114_Box_2_CFC_Day_1_(Context_A,_No_Shock)_9008",-1,4616,4691,153.87,156.37,2.53,A,9008,1,CFC
"20241114_Box_2_CFC_Day_1_(Context_A,_No_Shock)_9008",9,4692,4738,156.4,157.93,1.57,A,9008,1,CFC
"20241114_Box_2_CFC_Day_1_(Context_A,_No_Shock)_9008",-1,4739,4875,157.97,162.5,4.57,A,9008,1,CFC
"20241114_Box_2_CFC_Day_1_(Context_A,_No_Shock)_9008",9,4876,4928,162.53,164.27,1.77,A,9008,1,CFC
"20241114_Box_2_CFC_Day_1_(Context_A,_No_Shock)_9008",-1,4929,5106,164.3,170.2,5.93,A,9008,1,CFC
"20241114_Box_2_CFC_Day_1_(Context_A,_No_Shock)_9008",9,5107,5202,170.23,173.4,3.2,A,9008,1,CFC
"20241114_Box_2_CFC_Day_1_(Context_A,_No_Shock)_9008",-1,5203,5401,173.43,180.03,6.63,A,9008,1,CFC
"20241114_Box_2_CFC_Day_1_(Context_A,_No_Shock)_9010",9,0,164,0.0,5.47,5.5,A,9010,1,CFC
"20241114_Box_2_CFC_Day_1_(Context_A,_No_Shock)_9010",-1,165,175,5.5,5.83,0.37,A,9010,1,CFC
"20241114_Box_2_CFC_Day_1_(Context_A,_No_Shock)_9010",9,176,1022,5.87,34.07,28.23,A,9010,1,CFC
"20241114_Box_2_CFC_Day_1_(Context_A,_No_Shock)_9010",-1,1023,1040,34.1,34.67,0.6,A,9010,1,CFC
"20241114_Box_2_CFC_Day_1_(Context_A,_No_Shock)_9010",9,1041,1825,34.7,60.83,26.17,A,9010,1,CFC
"20241114_Box_2_CFC_Day_1_(Context_A,_No_Shock)_9010",7,1826,1840,60.87,61.33,0.5,A,9010,1,CFC
"20241114_Box_2_CFC_Day_1_(Context_A,_No_Shock)_9010",9,1841,3213,61.37,107.1,45.77,A,9010,1,CFC
"20241114_Box_2_CFC_Day_1_(Context_A,_No_Shock)_9010",-1,3226,3232,107.53,107.73,0.23,A,9010,1,CFC
"20241114_Box_2_CFC_Day_1_(Context_A,_No_Shock)_9010",9,3237,5401,107.9,180.03,72.17,A,9010,1,CFC
"20241114_Box_2_CFC_Day_1_(Context_A,_No_Shock)_9012",9,0,5400,0.0,180.0,180.03,A,9012,1,CFC
"20241114_Box_2_CFC_Day_1_(Context_A,_No_Shock)_9014",9,0,3385,0.0,112.83,112.87,A,9014,1,CFC
"20241114_Box_2_CFC_Day_1_(Context_A,_No_Shock)_9014",-1,3386,3404,112.87,113.47,0.63,A,9014,1,CFC
"20241114_Box_2_CFC_Day_1_(Context_A,_No_Shock)_9014",9,3405,4169,113.5,138.97,25.5,A,9014,1,CFC
"20241114_Box_2_CFC_Day_1_(Context_A,_No_Shock)_9014",-1,4170,4178,139.0,139.27,0.3,A,9014,1,CFC
"20241114_Box_2_CFC_Day_1_(Context_A,_No_Shock)_9014",9,4179,5400,139.3,180.0,40.73,A,9014,1,CFC
"20241114_Box_2_CFC_Day_1_(Context_A,_No_Shock)_9016",9,0,838,0.0,27.93,27.97,A,9016,1,CFC
"20241114_Box_2_CFC_Day_1_(Context_A,_No_Shock)_9016",-1,839,851,27.97,28.37,0.43,A,9016,1,CFC
"20241114_Box_2_CFC_Day_1_(Context_A,_No_Shock)_9016",9,852,958,28.4,31.93,3.57,A,9016,1,CFC
"20241114_Box_2_CFC_Day_1_(Context_A,_No_Shock)_9016",-1,959,966,31.97,32.2,0.27,A,9016,1,CFC
"20241114_Box_2_CFC_Day_1_(Context_A,_No_Shock)_9016",9,967,3340,32.23,111.33,79.13,A,9016,1,CFC
"20241114_Box_2_CFC_Day_1_(Context_A,_No_Shock)_9016",-1,3341,3497,111.37,116.57,5.23,A,9016,1,CFC
"20241114_Box_2_CFC_Day_1_(Context_A,_No_Shock)_9016",9,3498,5330,116.6,177.67,61.1,A,9016,1,CFC
"20241114_Box_2_CFC_Day_1_(Context_A,_No_Shock)_9016",9,5336,5401,177.87,180.03,2.2,A,9016,1,CFC
20241115_Box_1_CFC_Day_2_(Context_C)_9001,9,0,3757,0.0,125.23,125.27,C,9001,2,CFC
20241115_Box_1_CFC_Day_2_(Context_C)_9001,-1,3758,3779,125.27,125.97,0.73,C,9001,2,CFC
20241115_Box_1_CFC_Day_2_(Context_C)_9001,9,3780,4666,126.0,155.53,29.57,C,9001,2,CFC
20241115_Box_1_CFC_Day_2_(Context_C)_9001,9,4671,4747,155.7,158.23,2.57,C,9001,2,CFC
20241115_Box_1_CFC_Day_2_(Context_C)_9001,-1,4748,4827,158.27,160.9,2.67,C,9001,2,CFC
20241115_Box_1_CFC_Day_2_(Context_C)_9001,9,4828,5389,160.93,179.63,18.73,C,9001,2,CFC
20241115_Box_1_CFC_Day_2_(Context_C)_9003,9,0,1527,0.0,50.9,50.93,C,9003,2,CFC
20241115_Box_1_CFC_Day_2_(Context_C)_9003,-1,1528,1734,50.93,57.8,6.9,C,9003,2,CFC
20241115_Box_1_CFC_Day_2_(Context_C)_9003,9,1735,2439,57.83,81.3,23.5,C,9003,2,CFC
20241115_Box_1_CFC_Day_2_(Context_C)_9003,9,2441,5391,81.37,179.7,98.37,C,9003,2,CFC
20241115_Box_1_CFC_Day_2_(Context_C)_9005,9,0,5390,0.0,179.67,179.7,C,9005,2,CFC
20241115_Box_1_CFC_Day_2_(Context_C)_9007,9,0,1324,0.0,44.13,44.17,C,9007,2,CFC
20241115_Box_1_CFC_Day_2_(Context_C)_9007,-1,1325,1341,44.17,44.7,0.57,C,9007,2,CFC
20241115_Box_1_CFC_Day_2_(Context_C)_9007,9,1342,1569,44.73,52.3,7.6,C,9007,2,CFC
20241115_Box_1_CFC_Day_2_(Context_C)_9007,-1,1570,1596,52.33,53.2,0.9,C,9007,2,CFC
20241115_Box_1_CFC_Day_2_(Context_C)_9007,9,1601,3001,53.37,100.03,46.7,C,9007,2,CFC
20241115_Box_1_CFC_Day_2_(Context_C)_9007,3,3002,3014,100.07,100.47,0.43,C,9007,2,CFC
20241115_Box_1_CFC_Day_2_(Context_C)_9007,9,3015,3290,100.5,109.67,9.2,C,9007,2,CFC
20241115_Box_1_CFC_Day_2_(Context_C)_9007,-1,3291,3337,109.7,111.23,1.57,C,9007,2,CFC
20241115_Box_1_CFC_Day_2_(Context_C)_9007,2,3338,3355,111.27,111.83,0.6,C,9007,2,CFC
20241115_Box_1_CFC_Day_2_(Context_C)_9007,9,3356,4531,111.87,151.03,39.2,C,9007,2,CFC
20241115_Box_1_CFC_Day_2_(Context_C)_9007,-1,4532,4544,151.07,151.47,0.43,C,9007,2,CFC
20241115_Box_1_CFC_Day_2_(Context_C)_9007,9,4545,5027,151.5,167.57,16.1,C,9007,2,CFC
20241115_Box_1_CFC_Day_2_(Context_C)_9007,-1,5028,5035,167.6,167.83,0.27,C,9007,2,CFC
20241115_Box_1_CFC_Day_2_(Context_C)_9007,9,5036,5392,167.87,179.73,11.9,C,9007,2,CFC
20241115_Box_1_CFC_Day_2_(Context_C)_9009,9,0,5391,0.0,179.7,179.73,C,9009,2,CFC
20241115_Box_1_CFC_Day_2_(Context_C)_9011,9,0,3075,0.0,102.5,102.53,C,9011,2,CFC
20241115_Box_1_CFC_Day_2_(Context_C)_9011,-1,3076,3085,102.53,102.83,0.33,C,9011,2,CFC
20241115_Box_1_CFC_Day_2_(Context_C)_9011,9,3086,5390,102.87,179.67,76.83,C,9011,2,CFC
20241115_Box_1_CFC_Day_2_(Context_C)_9013,9,0,5390,0.0,179.67,179.7,C,9013,2,CFC
20241115_Box_1_CFC_Day_2_(Context_C)_9015,9,0,3014,0.0,100.47,100.5,C,9015,2,CFC
20241115_Box_1_CFC_Day_2_(Context_C)_9015,-1,3015,3022,100.5,100.73,0.27,C,9015,2,CFC
20241115_Box_1_CFC_Day_2_(Context_C)_9015,9,3023,5391,100.77,179.7,78.97,C,9015,2,CFC
20241115_Box_2_CFC_Day_2_(Context_C)_9002,9,0,3025,0.0,100.83,100.87,C,9002,2,CFC
20241115_Box_2_CFC_Day_2_(Context_C)_9002,9,3028,3927,100.93,130.9,30.0,C,9002,2,CFC
20241115_Box_2_CFC_Day_2_(Context_C)_9002,9,3932,4313,131.07,143.77,12.73,C,9002,2,CFC
20241115_Box_2_CFC_Day_2_(Context_C)_9002,9,4315,5401,143.83,180.03,36.23,C,9002,2,CFC
20241115_Box_2_CFC_Day_2_(Context_C)_9004,9,0,1306,0.0,43.53,43.57,C,9004,2,CFC
20241115_Box_2_CFC_Day_2_(Context_C)_9004,9,1312,4295,43.73,143.17,99.47,C,9004,2,CFC
20241115_Box_2_CFC_Day_2_(Context_C)_9004,-1,4296,4306,143.2,143.53,0.37,C,9004,2,CFC
20241115_Box_2_CFC_Day_2_(Context_C)_9004,9,4307,5400,143.57,180.0,36.47,C,9004,2,CFC
20241115_Box_2_CFC_Day_2_(Context_C)_9006,9,0,5390,0.0,179.67,179.7,C,9006,2,CFC
20241115_Box_2_CFC_Day_2_(Context_C)_9008,9,0,555,0.0,18.5,18.53,C,9008,2,CFC
20241115_Box_2_CFC_Day_2_(Context_C)_9008,-1,556,565,18.53,18.83,0.33,C,9008,2,CFC
20241115_Box_2_CFC_Day_2_(Context_C)_9008,9,566,5391,18.87,179.7,160.87,C,9008,2,CFC
20241115_Box_2_CFC_Day_2_(Context_C)_9010,9,0,5397,0.0,179.9,179.93,C,9010,2,CFC
20241115_Box_2_CFC_Day_2_(Context_C)_9012,9,0,2974,0.0,99.13,99.17,C,9012,2,CFC
20241115_Box_2_CFC_Day_2_(Context_C)_9012,-1,2975,2982,99.17,99.4,0.27,C,9012,2,CFC
20241115_Box_2_CFC_Day_2_(Context_C)_9012,9,2983,4746,99.43,158.2,58.8,C,9012,2,CFC
20241115_Box_2_CFC_Day_2_(Context_C)_9012,-1,4747,4753,158.23,158.43,0.23,C,9012,2,CFC
20241115_Box_2_CFC_Day_2_(Context_C)_9012,9,4754,5391,158.47,179.7,21.27,C,9012,2,CFC
20241115_Box_2_CFC_Day_2_(Context_C)_9014,9,0,5402,0.0,180.07,180.1,C,9014,2,CFC
20241115_Box_2_CFC_Day_2_(Context_C)_9016,9,0,5390,0.0,179.67,179.7,C,9016,2,CFC
20241118_Box_1_CFD_Day_3_(Context_A)_9001,9,0,421,0.0,14.03,14.07,A,9001,3,CFD
20241118_Box_1_CFD_Day_3_(Context_A)_9001,-1,422,980,14.07,32.67,18.63,A,9001,3,CFD
20241118_Box_1_CFD_Day_3_(Context_A)_9001,9,981,1072,32.7,35.73,3.07,A,9001,3,CFD
20241118_Box_1_CFD_Day_3_(Context_A)_9001,-1,1073,1256,35.77,41.87,6.13,A,9001,3,CFD
20241118_Box_1_CFD_Day_3_(Context_A)_9001,9,1257,1304,41.9,43.47,1.6,A,9001,3,CFD
20241118_Box_1_CFD_Day_3_(Context_A)_9001,-1,1305,1317,43.5,43.9,0.43,A,9001,3,CFD
20241118_Box_1_CFD_Day_3_(Context_A)_9001,9,1318,1350,43.93,45.0,1.1,A,9001,3,CFD
20241118_Box_1_CFD_Day_3_(Context_A)_9001,-1,1356,2064,45.2,68.8,23.63,A,9001,3,CFD
20241118_Box_1_CFD_Day_3_(Context_A)_9001,9,2068,2171,68.93,72.37,3.47,A,9001,3,CFD
20241118_Box_1_CFD_Day_3_(Context_A)_9001,6,2172,2414,72.4,80.47,8.1,A,9001,3,CFD
20241118_Box_1_CFD_Day_3_(Context_A)_9001,9,2415,2509,80.5,83.63,3.17,A,9001,3,CFD
20241118_Box_1_CFD_Day_3_(Context_A)_9001,-1,2510,2553,83.67,85.1,1.47,A,9001,3,CFD
20241118_Box_1_CFD_Day_3_(Context_A)_9001,9,2554,2596,85.13,86.53,1.43,A,9001,3,CFD
20241118_Box_1_CFD_Day_3_(Context_A)_9001,-1,2597,2614,86.57,87.13,0.6,A,9001,3,CFD
20241118_Box_1_CFD_Day_3_(Context_A)_9001,9,2615,2710,87.17,90.33,3.2,A,9001,3,CFD
20241118_Box_1_CFD_Day_3_(Context_A)_9001,-1,2711,2718,90.37,90.6,0.27,A,9001,3,CFD
20241118_Box_1_CFD_Day_3_(Context_A)_9001,9,2719,2788,90.63,92.93,2.33,A,9001,3,CFD
20241118_Box_1_CFD_Day_3_(Context_A)_9001,6,2789,2801,92.97,93.37,0.43,A,9001,3,CFD
20241118_Box_1_CFD_Day_3_(Context_A)_9001,9,2802,3096,93.4,103.2,9.83,A,9001,3,CFD
20241118_Box_1_CFD_Day_3_(Context_A)_9001,6,3097,3115,103.23,103.83,0.63,A,9001,3,CFD
20241118_Box_1_CFD_Day_3_(Context_A)_9001,9,3116,3181,103.87,106.03,2.2,A,9001,3,CFD
20241118_Box_1_CFD_Day_3_(Context_A)_9001,6,3182,3565,106.07,118.83,12.8,A,9001,3,CFD
20241118_Box_1_CFD_Day_3_(Context_A)_9001,9,3566,3990,118.87,133.0,14.17,A,9001,3,CFD
20241118_Box_1_CFD_Day_3_(Context_A)_9001,-1,3991,3998,133.03,133.27,0.27,A,9001,3,CFD
20241118_Box_1_CFD_Day_3_(Context_A)_9001,9,3999,4197,133.3,139.9,6.63,A,9001,3,CFD
20241118_Box_1_CFD_Day_3_(Context_A)_9001,-1,4198,4231,139.93,141.03,1.13,A,9001,3,CFD
20241118_Box_1_CFD_Day_3_(Context_A)_9001,9,4232,4460,141.07,148.67,7.63,A,9001,3,CFD
20241118_Box_1_CFD_Day_3_(Context_A)_9001,-1,4461,4567,148.7,152.23,3.57,A,9001,3,CFD
20241118_Box_1_CFD_Day_3_(Context_A)_9001,9,4568,5613,152.27,187.1,34.87,A,9001,3,CFD
20241118_Box_1_CFD_Day_3_(Context_A)_9001,-1,5614,5635,187.13,187.83,0.73,A,9001,3,CFD
20241118_Box_1_CFD_Day_3_(Context_A)_9001,9,5636,5731,187.87,191.03,3.2,A,9001,3,CFD
20241118_Box_1_CFD_Day_3_(Context_A)_9001,9,5737,5782,191.23,192.73,1.53,A,9001,3,CFD
20241118_Box_1_CFD_Day_3_(Context_A)_9001,-1,5783,5814,192.77,193.8,1.07,A,9001,3,CFD
20241118_Box_1_CFD_Day_3_(Context_A)_9001,9,5815,6300,193.83,210.0,16.2,A,9001,3,CFD
20241118_Box_1_CFD_Day_3_(Context_A)_9003,9,0,6300,0.0,210.0,210.03,A,9003,3,CFD
20241118_Box_1_CFD_Day_3_(Context_A)_9005,9,0,719,0.0,23.97,24.0,A,9005,3,CFD
20241118_Box_1_CFD_Day_3_(Context_A)_9005,9,722,1766,24.07,58.87,34.83,A,9005,3,CFD
20241118_Box_1_CFD_Day_3_(Context_A)_9005,2,1767,1839,58.9,61.3,2.43,A,9005,3,CFD
20241118_Box_1_CFD_Day_3_(Context_A)_9005,9,1840,2179,61.33,72.63,11.33,A,9005,3,CFD
20241118_Box_1_CFD_Day_3_(Context_A)_9005,2,2180,2190,72.67,73.0,0.37,A,9005,3,CFD
20241118_Box_1_CFD_Day_3_(Context_A)_9005,9,2191,2752,73.03,91.73,18.73,A,9005,3,CFD
20241118_Box_1_CFD_Day_3_(Context_A)_9005,-1,2753,2768,91.77,92.27,0.53,A,9005,3,CFD
20241118_Box_1_CFD_Day_3_(Context_A)_9005,9,2769,4309,92.3,143.63,51.37,A,9005,3,CFD
20241118_Box_1_CFD_Day_3_(Context_A)_9005,-1,4310,4353,143.67,145.1,1.47,A,9005,3,CFD
20241118_Box_1_CFD_Day_3_(Context_A)_9005,9,4354,4397,145.13,146.57,1.47,A,9005,3,CFD
20241118_Box_1_CFD_Day_3_(Context_A)_9005,-1,4398,4470,146.6,149.0,2.43,A,9005,3,CFD
20241118_Box_1_CFD_Day_3_(Context_A)_9005,9,4471,5313,149.03,177.1,28.1,A,9005,3,CFD
20241118_Box_1_CFD_Day_3_(Context_A)_9005,-1,5314,5326,177.13,177.53,0.43,A,9005,3,CFD
20241118_Box_1_CFD_Day_3_(Context_A)_9005,9,5327,6301,177.57,210.03,32.5,A,9005,3,CFD
20241118_Box_1_CFD_Day_3_(Context_A)_9007,9,0,1191,0.0,39.7,39.73,A,9007,3,CFD
20241118_Box_1_CFD_Day_3_(Context_A)_9007,-1,1192,1226,39.73,40.87,1.17,A,9007,3,CFD
20241118_Box_1_CFD_Day_3_(Context_A)_9007,9,1227,2576,40.9,85.87,45.0,A,9007,3,CFD
20241118_Box_1_CFD_Day_3_(Context_A)_9007,-1,2577,2601,85.9,86.7,0.83,A,9007,3,CFD
20241118_Box_1_CFD_Day_3_(Context_A)_9007,9,2602,2686,86.73,89.53,2.83,A,9007,3,CFD
20241118_Box_1_CFD_Day_3_(Context_A)_9007,-1,2687,2709,89.57,90.3,0.77,A,9007,3,CFD
20241118_Box_1_CFD_Day_3_(Context_A)_9007,9,2710,5067,90.33,168.9,78.6,A,9007,3,CFD
20241118_Box_1_CFD_Day_3_(Context_A)_9007,-1,5068,5098,168.93,169.93,1.03,A,9007,3,CFD
20241118_Box_1_CFD_Day_3_(Context_A)_9007,9,5099,5163,169.97,172.1,2.17,A,9007,3,CFD
20241118_Box_1_CFD_Day_3_(Context_A)_9007,-1,5164,5170,172.13,172.33,0.23,A,9007,3,CFD
20241118_Box_1_CFD_Day_3_(Context_A)_9007,9,5173,6300,172.43,210.0,37.6,A,9007,3,CFD
20241118_Box_1_CFD_Day_3_(Context_A)_9009,9,0,533,0.0,17.77,17.8,A,9009,3,CFD
20241118_Box_1_CFD_Day_3_(Context_A)_9009,-1,534,577,17.8,19.23,1.47,A,9009,3,CFD
20241118_Box_1_CFD_Day_3_(Context_A)_9009,9,578,1110,19.27,37.0,17.77,A,9009,3,CFD
20241118_Box_1_CFD_Day_3_(Context_A)_9009,-1,1111,1148,37.03,38.27,1.27,A,9009,3,CFD
20241118_Box_1_CFD_Day_3_(Context_A)_9009,9,1149,1509,38.3,50.3,12.03,A,9009,3,CFD
20241118_Box_1_CFD_Day_3_(Context_A)_9009,-1,1510,1581,50.33,52.7,2.4,A,9009,3,CFD
20241118_Box_1_CFD_Day_3_(Context_A)_9009,9,1582,1747,52.73,58.23,5.53,A,9009,3,CFD
20241118_Box_1_CFD_Day_3_(Context_A)_9009,-1,1748,1846,58.27,61.53,3.3,A,9009,3,CFD
20241118_Box_1_CFD_Day_3_(Context_A)_9009,9,1847,2183,61.57,72.77,11.23,A,9009,3,CFD
20241118_Box_1_CFD_Day_3_(Context_A)_9009,-1,2184,2431,72.8,81.03,8.27,A,9009,3,CFD
20241118_Box_1_CFD_Day_3_(Context_A)_9009,9,2432,2614,81.07,87.13,6.1,A,9009,3,CFD
20241118_Box_1_CFD_Day_3_(Context_A)_9009,-1,2615,3061,87.17,102.03,14.9,A,9009,3,CFD
20241118_Box_1_CFD_Day_3_(Context_A)_9009,9,3062,3874,102.07,129.13,27.1,A,9009,3,CFD
20241118_Box_1_CFD_Day_3_(Context_A)_9009,-1,3875,3966,129.17,132.2,3.07,A,9009,3,CFD
20241118_Box_1_CFD_Day_3_(Context_A)_9009,9,3967,4336,132.23,144.53,12.33,A,9009,3,CFD
20241118_Box_1_CFD_Day_3_(Context_A)_9009,-1,4337,4351,144.57,145.03,0.5,A,9009,3,CFD
20241118_Box_1_CFD_Day_3_(Context_A)_9009,9,4352,4620,145.07,154.0,8.97,A,9009,3,CFD
20241118_Box_1_CFD_Day_3_(Context_A)_9009,5,4621,4659,154.03,155.3,1.3,A,9009,3,CFD
20241118_Box_1_CFD_Day_3_(Context_A)_9009,9,4660,4782,155.33,159.4,4.1,A,9009,3,CFD
20241118_Box_1_CFD_Day_3_(Context_A)_9009,-1,4783,4796,159.43,159.87,0.47,A,9009,3,CFD
20241118_Box_1_CFD_Day_3_(Context_A)_9009,9,4797,4861,159.9,162.03,2.17,A,9009,3,CFD
20241118_Box_1_CFD_Day_3_(Context_A)_9009,6,4862,4898,162.07,163.27,1.23,A,9009,3,CFD
20241118_Box_1_CFD_Day_3_(Context_A)_9009,-1,4899,4948,163.3,164.93,1.67,A,9009,3,CFD
20241118_Box_1_CFD_Day_3_(Context_A)_9009,9,4949,5084,164.97,169.47,4.53,A,9009,3,CFD
20241118_Box_1_CFD_Day_3_(Context_A)_9009,-1,5085,5400,169.5,180.0,10.53,A,9009,3,CFD
20241118_Box_1_CFD_Day_3_(Context_A)_9009,9,5401,5505,180.03,183.5,3.5,A,9009,3,CFD
20241118_Box_1_CFD_Day_3_(Context_A)_9009,-1,5506,5513,183.53,183.77,0.27,A,9009,3,CFD
20241118_Box_1_CFD_Day_3_(Context_A)_9009,9,5514,6153,183.8,205.1,21.33,A,9009,3,CFD
20241118_Box_1_CFD_Day_3_(Context_A)_9009,2,6154,6259,205.13,208.63,3.53,A,9009,3,CFD
20241118_Box_1_CFD_Day_3_(Context_A)_9009,9,6260,6296,208.67,209.87,1.23,A,9009,3,CFD
20241118_Box_1_CFD_Day_3_(Context_A)_9011,9,0,1084,0.0,36.13,36.17,A,9011,3,CFD
20241118_Box_1_CFD_Day_3_(Context_A)_9011,9,1086,2054,36.2,68.47,32.3,A,9011,3,CFD
20241118_Box_1_CFD_Day_3_(Context_A)_9011,-1,2055,2102,68.5,70.07,1.6,A,9011,3,CFD
20241118_Box_1_CFD_Day_3_(Context_A)_9011,9,2103,3364,70.1,112.13,42.07,A,9011,3,CFD
20241118_Box_1_CFD_Day_3_(Context_A)_9011,-1,3365,3582,112.17,119.4,7.27,A,9011,3,CFD
20241118_Box_1_CFD_Day_3_(Context_A)_9011,9,3583,4286,119.43,142.87,23.47,A,9011,3,CFD
20241118_Box_1_CFD_Day_3_(Context_A)_9011,0,4287,4521,142.9,150.7,7.83,A,9011,3,CFD
20241118_Box_1_CFD_Day_3_(Context_A)_9011,9,4522,4784,150.73,159.47,8.77,A,9011,3,CFD
20241118_Box_1_CFD_Day_3_(Context_A)_9011,-1,4785,4919,159.5,163.97,4.5,A,9011,3,CFD
20241118_Box_1_CFD_Day_3_(Context_A)_9011,9,4920,5460,164.0,182.0,18.03,A,9011,3,CFD
20241118_Box_1_CFD_Day_3_(Context_A)_9011,-1,5461,5467,182.03,182.23,0.23,A,9011,3,CFD
20241118_Box_1_CFD_Day_3_(Context_A)_9011,9,5468,6302,182.27,210.07,27.83,A,9011,3,CFD
20241118_Box_1_CFD_Day_3_(Context_A)_9013,9,0,413,0.0,13.77,13.8,A,9013,3,CFD
20241118_Box_1_CFD_Day_3_(Context_A)_9013,-1,414,577,13.8,19.23,5.47,A,9013,3,CFD
20241118_Box_1_CFD_Day_3_(Context_A)_9013,9,578,722,19.27,24.07,4.83,A,9013,3,CFD
20241118_Box_1_CFD_Day_3_(Context_A)_9013,-1,723,766,24.1,25.53,1.47,A,9013,3,CFD
20241118_Box_1_CFD_Day_3_(Context_A)_9013,9,767,798,25.57,26.6,1.07,A,9013,3,CFD
20241118_Box_1_CFD_Day_3_(Context_A)_9013,-1,799,1063,26.63,35.43,8.83,A,9013,3,CFD
20241118_Box_1_CFD_Day_3_(Context_A)_9013,9,1064,1123,35.47,37.43,2.0,A,9013,3,CFD
20241118_Box_1_CFD_Day_3_(Context_A)_9013,-1,1124,1196,37.47,39.87,2.43,A,9013,3,CFD
20241118_Box_1_CFD_Day_3_(Context_A)_9013,9,1197,1275,39.9,42.5,2.63,A,9013,3,CFD
20241118_Box_1_CFD_Day_3_(Context_A)_9013,-1,1276,1549,42.53,51.63,9.13,A,9013,3,CFD
20241118_Box_1_CFD_Day_3_(Context_A)_9013,9,1550,1763,51.67,58.77,7.13,A,9013,3,CFD
20241118_Box_1_CFD_Day_3_(Context_A)_9013,-1,1764,1829,58.8,60.97,2.2,A,9013,3,CFD
20241118_Box_1_CFD_Day_3_(Context_A)_9013,9,1830,1873,61.0,62.43,1.47,A,9013,3,CFD
20241118_Box_1_CFD_Day_3_(Context_A)_9013,-1,1874,1884,62.47,62.8,0.37,A,9013,3,CFD
20241118_Box_1_CFD_Day_3_(Context_A)_9013,9,1885,1996,62.83,66.53,3.73,A,9013,3,CFD
20241118_Box_1_CFD_Day_3_(Context_A)_9013,-1,1997,2013,66.57,67.1,0.57,A,9013,3,CFD
20241118_Box_1_CFD_Day_3_(Context_A)_9013,9,2014,2214,67.13,73.8,6.7,A,9013,3,CFD
20241118_Box_1_CFD_Day_3_(Context_A)_9013,-1,2215,2508,73.83,83.6,9.8,A,9013,3,CFD
20241118_Box_1_CFD_Day_3_(Context_A)_9013,9,2509,2646,83.63,88.2,4.6,A,9013,3,CFD
20241118_Box_1_CFD_Day_3_(Context_A)_9013,-1,2647,2773,88.23,92.43,4.23,A,9013,3,CFD
20241118_Box_1_CFD_Day_3_(Context_A)_9013,9,2774,2827,92.47,94.23,1.8,A,9013,3,CFD
20241118_Box_1_CFD_Day_3_(Context_A)_9013,-1,2828,2860,94.27,95.33,1.1,A,9013,3,CFD
20241118_Box_1_CFD_Day_3_(Context_A)_9013,9,2861,3055,95.37,101.83,6.5,A,9013,3,CFD
20241118_Box_1_CFD_Day_3_(Context_A)_9013,-1,3056,3184,101.87,106.13,4.3,A,9013,3,CFD
20241118_Box_1_CFD_Day_3_(Context_A)_9013,9,3185,3417,106.17,113.9,7.77,A,9013,3,CFD
20241118_Box_1_CFD_Day_3_(Context_A)_9013,-1,3418,3498,113.93,116.6,2.7,A,9013,3,CFD
20241118_Box_1_CFD_Day_3_(Context_A)_9013,9,3499,3589,116.63,119.63,3.03,A,9013,3,CFD
20241118_Box_1_CFD_Day_3_(Context_A)_9013,-1,3590,3634,119.67,121.13,1.5,A,9013,3,CFD
20241118_Box_1_CFD_Day_3_(Context_A)_9013,9,3635,3756,121.17,125.2,4.07,A,9013,3,CFD
20241118_Box_1_CFD_Day_3_(Context_A)_9013,-1,3757,3869,125.23,128.97,3.77,A,9013,3,CFD
20241118_Box_1_CFD_Day_3_(Context_A)_9013,9,3870,3928,129.0,130.93,1.97,A,9013,3,CFD
20241118_Box_1_CFD_Day_3_(Context_A)_9013,-1,3929,3953,130.97,131.77,0.83,A,9013,3,CFD
20241118_Box_1_CFD_Day_3_(Context_A)_9013,9,3954,4355,131.8,145.17,13.4,A,9013,3,CFD
20241118_Box_1_CFD_Day_3_(Context_A)_9013,2,4356,4397,145.2,146.57,1.4,A,9013,3,CFD
20241118_Box_1_CFD_Day_3_(Context_A)_9013,9,4398,4607,146.6,153.57,7.0,A,9013,3,CFD
20241118_Box_1_CFD_Day_3_(Context_A)_9013,-1,4608,4891,153.6,163.03,9.47,A,9013,3,CFD
20241118_Box_1_CFD_Day_3_(Context_A)_9013,9,4892,4938,163.07,164.6,1.57,A,9013,3,CFD
20241118_Box_1_CFD_Day_3_(Context_A)_9013,-1,4939,4946,164.63,164.87,0.27,A,9013,3,CFD
20241118_Box_1_CFD_Day_3_(Context_A)_9013,9,4947,5624,164.9,187.47,22.6,A,9013,3,CFD
20241118_Box_1_CFD_Day_3_(Context_A)_9013,7,5625,5839,187.5,194.63,7.17,A,9013,3,CFD
20241118_Box_1_CFD_Day_3_(Context_A)_9013,9,5840,5879,194.67,195.97,1.33,A,9013,3,CFD
20241118_Box_1_CFD_Day_3_(Context_A)_9013,7,5880,6300,196.0,210.0,14.03,A,9013,3,CFD
20241118_Box_1_CFD_Day_3_(Context_A)_9015,9,0,373,0.0,12.43,12.47,A,9015,3,CFD
20241118_Box_1_CFD_Day_3_(Context_A)_9015,-1,374,405,12.47,13.5,1.07,A,9015,3,CFD
20241118_Box_1_CFD_Day_3_(Context_A)_9015,9,406,614,13.53,20.47,6.97,A,9015,3,CFD
20241118_Box_1_CFD_Day_3_(Context_A)_9015,-1,615,766,20.5,25.53,5.07,A,9015,3,CFD
20241118_Box_1_CFD_Day_3_(Context_A)_9015,9,767,1764,25.57,58.8,33.27,A,9015,3,CFD
20241118_Box_1_CFD_Day_3_(Context_A)_9015,-1,1765,1877,58.83,62.57,3.77,A,9015,3,CFD
20241118_Box_1_CFD_Day_3_(Context_A)_9015,9,1878,1938,62.6,64.6,2.03,A,9015,3,CFD
20241118_Box_1_CFD_Day_3_(Context_A)_9015,-1,1939,1993,64.63,66.43,1.83,A,9015,3,CFD
20241118_Box_1_CFD_Day_3_(Context_A)_9015,9,1994,2041,66.47,68.03,1.6,A,9015,3,CFD
20241118_Box_1_CFD_Day_3_(Context_A)_9015,-1,2042,2056,68.07,68.53,0.5,A,9015,3,CFD
20241118_Box_1_CFD_Day_3_(Context_A)_9015,9,2057,2490,68.57,83.0,14.47,A,9015,3,CFD
20241118_Box_1_CFD_Day_3_(Context_A)_9015,-1,2491,2523,83.03,84.1,1.1,A,9015,3,CFD
20241118_Box_1_CFD_Day_3_(Context_A)_9015,9,2524,2730,84.13,91.0,6.9,A,9015,3,CFD
20241118_Box_1_CFD_Day_3_(Context_A)_9015,-1,2731,3225,91.03,107.5,16.5,A,9015,3,CFD
20241118_Box_1_CFD_Day_3_(Context_A)_9015,9,3226,3411,107.53,113.7,6.2,A,9015,3,CFD
20241118_Box_1_CFD_Day_3_(Context_A)_9015,-1,3412,3422,113.73,114.07,0.37,A,9015,3,CFD
20241118_Box_1_CFD_Day_3_(Context_A)_9015,9,3423,3944,114.1,131.47,17.4,A,9015,3,CFD
20241118_Box_1_CFD_Day_3_(Context_A)_9015,2,3945,3959,131.5,131.97,0.5,A,9015,3,CFD
20241118_Box_1_CFD_Day_3_(Context_A)_9015,9,3960,5527,132.0,184.23,52.27,A,9015,3,CFD
20241118_Box_1_CFD_Day_3_(Context_A)_9015,2,5528,5565,184.27,185.5,1.27,A,9015,3,CFD
20241118_Box_1_CFD_Day_3_(Context_A)_9015,9,5566,6300,185.53,210.0,24.5,A,9015,3,CFD
20241118_Box_1_CFD_Day_3_(Context_B)_9001,9,0,795,0.0,26.5,26.53,B,9001,3,CFD
20241118_Box_1_CFD_Day_3_(Context_B)_9001,2,796,979,26.53,32.63,6.13,B,9001,3,CFD
20241118_Box_1_CFD_Day_3_(Context_B)_9001,9,980,1495,32.67,49.83,17.2,B,9001,3,CFD
20241118_Box_1_CFD_Day_3_(Context_B)_9001,-1,1496,1503,49.87,50.1,0.27,B,9001,3,CFD
20241118_Box_1_CFD_Day_3_(Context_B)_9001,9,1504,2000,50.13,66.67,16.57,B,9001,3,CFD
20241118_Box_1_CFD_Day_3_(Context_B)_9001,-1,2001,2007,66.7,66.9,0.23,B,9001,3,CFD
20241118_Box_1_CFD_Day_3_(Context_B)_9001,9,2008,3235,66.93,107.83,40.93,B,9001,3,CFD
20241118_Box_1_CFD_Day_3_(Context_B)_9001,-1,3236,3303,107.87,110.1,2.27,B,9001,3,CFD
20241118_Box_1_CFD_Day_3_(Context_B)_9001,9,3304,3978,110.13,132.6,22.5,B,9001,3,CFD
20241118_Box_1_CFD_Day_3_(Context_B)_9001,-1,3979,4180,132.63,139.33,6.73,B,9001,3,CFD
20241118_Box_1_CFD_Day_3_(Context_B)_9001,9,4181,4979,139.37,165.97,26.63,B,9001,3,CFD
20241118_Box_1_CFD_Day_3_(Context_B)_9001,-1,4980,5095,166.0,169.83,3.87,B,9001,3,CFD
20241118_Box_1_CFD_Day_3_(Context_B)_9001,9,5096,5139,169.87,171.3,1.47,B,9001,3,CFD
20241118_Box_1_CFD_Day_3_(Context_B)_9001,-1,5140,5194,171.33,173.13,1.83,B,9001,3,CFD
20241118_Box_1_CFD_Day_3_(Context_B)_9001,9,5195,5616,173.17,187.2,14.07,B,9001,3,CFD
20241118_Box_1_CFD_Day_3_(Context_B)_9001,-1,5617,5629,187.23,187.63,0.43,B,9001,3,CFD
20241118_Box_1_CFD_Day_3_(Context_B)_9001,9,5630,5762,187.67,192.07,4.43,B,9001,3,CFD
20241118_Box_1_CFD_Day_3_(Context_B)_9001,-1,5763,5864,192.1,195.47,3.4,B,9001,3,CFD
20241118_Box_1_CFD_Day_3_(Context_B)_9003,9,0,1971,0.0,65.7,65.73,B,9003,3,CFD
20241118_Box_1_CFD_Day_3_(Context_B)_9003,-1,1972,2001,65.73,66.7,1.0,B,9003,3,CFD
20241118_Box_1_CFD_Day_3_(Context_B)_9003,9,2002,3194,66.73,106.47,39.77,B,9003,3,CFD
20241118_Box_1_CFD_Day_3_(Context_B)_9003,9,3197,3239,106.57,107.97,1.43,B,9003,3,CFD
20241118_Box_1_CFD_Day_3_(Context_B)_9003,-1,3240,3247,108.0,108.23,0.27,B,9003,3,CFD
20241118_Box_1_CFD_Day_3_(Context_B)_9003,9,3248,5390,108.27,179.67,71.43,B,9003,3,CFD
20241118_Box_1_CFD_Day_3_(Context_B)_9005,9,0,1597,0.0,53.23,53.27,B,9005,3,CFD
20241118_Box_1_CFD_Day_3_(Context_B)_9005,3,1598,1631,53.27,54.37,1.13,B,9005,3,CFD
20241118_Box_1_CFD_Day_3_(Context_B)_9005,9,1632,1724,54.4,57.47,3.1,B,9005,3,CFD
20241118_Box_1_CFD_Day_3_(Context_B)_9005,3,1725,1734,57.5,57.8,0.33,B,9005,3,CFD
20241118_Box_1_CFD_Day_3_(Context_B)_9005,9,1735,1835,57.83,61.17,3.37,B,9005,3,CFD
20241118_Box_1_CFD_Day_3_(Context_B)_9005,-1,1836,1866,61.2,62.2,1.03,B,9005,3,CFD
20241118_Box_1_CFD_Day_3_(Context_B)_9005,3,1867,1920,62.23,64.0,1.8,B,9005,3,CFD
20241118_Box_1_CFD_Day_3_(Context_B)_9005,-1,1921,2015,64.03,67.17,3.17,B,9005,3,CFD
20241118_Box_1_CFD_Day_3_(Context_B)_9005,9,2016,2386,67.2,79.53,12.37,B,9005,3,CFD
20241118_Box_1_CFD_Day_3_(Context_B)_9005,-1,2387,2406,79.57,80.2,0.67,B,9005,3,CFD
20241118_Box_1_CFD_Day_3_(Context_B)_9005,9,2407,2509,80.23,83.63,3.43,B,9005,3,CFD
20241118_Box_1_CFD_Day_3_(Context_B)_9005,-1,2510,2981,83.67,99.37,15.73,B,9005,3,CFD
20241118_Box_1_CFD_Day_3_(Context_B)_9005,9,2982,3821,99.4,127.37,28.0,B,9005,3,CFD
20241118_Box_1_CFD_Day_3_(Context_B)_9005,-1,3822,3881,127.4,129.37,2.0,B,9005,3,CFD
20241118_Box_1_CFD_Day_3_(Context_B)_9005,9,3882,3983,129.4,132.77,3.4,B,9005,3,CFD
20241118_Box_1_CFD_Day_3_(Context_B)_9005,-1,3984,4006,132.8,133.53,0.77,B,9005,3,CFD
20241118_Box_1_CFD_Day_3_(Context_B)_9005,9,4007,4122,133.57,137.4,3.87,B,9005,3,CFD
20241118_Box_1_CFD_Day_3_(Context_B)_9005,-1,4123,4179,137.43,139.3,1.9,B,9005,3,CFD
20241118_Box_1_CFD_Day_3_(Context_B)_9005,9,4180,4409,139.33,146.97,7.67,B,9005,3,CFD
20241118_Box_1_CFD_Day_3_(Context_B)_9005,-1,4410,4682,147.0,156.07,9.1,B,9005,3,CFD
20241118_Box_1_CFD_Day_3_(Context_B)_9005,9,4683,5391,156.1,179.7,23.63,B,9005,3,CFD
20241118_Box_1_CFD_Day_3_(Context_B)_9007,9,0,316,0.0,10.53,10.57,B,9007,3,CFD
20241118_Box_1_CFD_Day_3_(Context_B)_9007,-1,317,483,10.57,16.1,5.57,B,9007,3,CFD
20241118_Box_1_CFD_Day_3_(Context_B)_9007,9,484,589,16.13,19.63,3.53,B,9007,3,CFD
20241118_Box_1_CFD_Day_3_(Context_B)_9007,-1,590,634,19.67,21.13,1.5,B,9007,3,CFD
20241118_Box_1_CFD_Day_3_(Context_B)_9007,9,635,905,21.17,30.17,9.03,B,9007,3,CFD
20241118_Box_1_CFD_Day_3_(Context_B)_9007,-1,906,912,30.2,30.4,0.23,B,9007,3,CFD
20241118_Box_1_CFD_Day_3_(Context_B)_9007,9,913,1226,30.43,40.87,10.47,B,9007,3,CFD
20241118_Box_1_CFD_Day_3_(Context_B)_9007,-1,1227,1449,40.9,48.3,7.43,B,9007,3,CFD
20241118_Box_1_CFD_Day_3_(Context_B)_9007,9,1450,2010,48.33,67.0,18.7,B,9007,3,CFD
20241118_Box_1_CFD_Day_3_(Context_B)_9007,-1,2011,2186,67.03,72.87,5.87,B,9007,3,CFD
20241118_Box_1_CFD_Day_3_(Context_B)_9007,9,2187,2348,72.9,78.27,5.4,B,9007,3,CFD
20241118_Box_1_CFD_Day_3_(Context_B)_9007,-1,2349,2722,78.3,90.73,12.47,B,9007,3,CFD
20241118_Box_1_CFD_Day_3_(Context_B)_9007,9,2723,2755,90.77,91.83,1.1,B,9007,3,CFD
20241118_Box_1_CFD_Day_3_(Context_B)_9007,-1,2756,2945,91.87,98.17,6.33,B,9007,3,CFD
20241118_Box_1_CFD_Day_3_(Context_B)_9007,9,2946,3184,98.2,106.13,7.97,B,9007,3,CFD
20241118_Box_1_CFD_Day_3_(Context_B)_9007,-1,3185,3314,106.17,110.47,4.33,B,9007,3,CFD
20241118_Box_1_CFD_Day_3_(Context_B)_9007,2,3315,3536,110.5,117.87,7.4,B,9007,3,CFD
20241118_Box_1_CFD_Day_3_(Context_B)_9007,-1,3537,3570,117.9,119.0,1.13,B,9007,3,CFD
20241118_Box_1_CFD_Day_3_(Context_B)_9007,9,3571,3675,119.03,122.5,3.5,B,9007,3,CFD
20241118_Box_1_CFD_Day_3_(Context_B)_9007,-1,3676,3745,122.53,124.83,2.33,B,9007,3,CFD
20241118_Box_1_CFD_Day_3_(Context_B)_9007,9,3746,3844,124.87,128.13,3.3,B,9007,3,CFD
20241118_Box_1_CFD_Day_3_(Context_B)_9007,-1,3845,3893,128.17,129.77,1.63,B,9007,3,CFD
20241118_Box_1_CFD_Day_3_(Context_B)_9007,9,3894,3946,129.8,131.53,1.77,B,9007,3,CFD
20241118_Box_1_CFD_Day_3_(Context_B)_9007,-1,3947,3977,131.57,132.57,1.03,B,9007,3,CFD
20241118_Box_1_CFD_Day_3_(Context_B)_9007,9,3978,4016,132.6,133.87,1.3,B,9007,3,CFD
20241118_Box_1_CFD_Day_3_(Context_B)_9007,-1,4017,4030,133.9,134.33,0.47,B,9007,3,CFD
20241118_Box_1_CFD_Day_3_(Context_B)_9007,9,4031,4432,134.37,147.73,13.4,B,9007,3,CFD
20241118_Box_1_CFD_Day_3_(Context_B)_9007,-1,4433,4528,147.77,150.93,3.2,B,9007,3,CFD
20241118_Box_1_CFD_Day_3_(Context_B)_9007,9,4529,4653,150.97,155.1,4.17,B,9007,3,CFD
20241118_Box_1_CFD_Day_3_(Context_B)_9007,-1,4654,4682,155.13,156.07,0.97,B,9007,3,CFD
20241118_Box_1_CFD_Day_3_(Context_B)_9007,9,4683,4781,156.1,159.37,3.3,B,9007,3,CFD
20241118_Box_1_CFD_Day_3_(Context_B)_9007,-1,4782,4815,159.4,160.5,1.13,B,9007,3,CFD
20241118_Box_1_CFD_Day_3_(Context_B)_9007,2,4816,4852,160.53,161.73,1.23,B,9007,3,CFD
20241118_Box_1_CFD_Day_3_(Context_B)_9007,-1,4853,4867,161.77,162.23,0.5,B,9007,3,CFD
20241118_Box_1_CFD_Day_3_(Context_B)_9007,9,4868,4907,162.27,163.57,1.33,B,9007,3,CFD
20241118_Box_1_CFD_Day_3_(Context_B)_9007,-1,4908,5059,163.6,168.63,5.07,B,9007,3,CFD
20241118_Box_1_CFD_Day_3_(Context_B)_9007,2,5060,5099,168.67,169.97,1.33,B,9007,3,CFD
20241118_Box_1_CFD_Day_3_(Context_B)_9007,-1,5100,5390,170.0,179.67,9.7,B,9007,3,CFD
20241118_Box_1_CFD_Day_3_(Context_B)_9009,9,0,935,0.0,31.17,31.2,B,9009,3,CFD
20241118_Box_1_CFD_Day_3_(Context_B)_9009,-1,936,974,31.2,32.47,1.3,B,9009,3,CFD
20241118_Box_1_CFD_Day_3_(Context_B)_9009,9,975,1427,32.5,47.57,15.1,B,9009,3,CFD
20241118_Box_1_CFD_Day_3_(Context_B)_9009,-1,1428,1443,47.6,48.1,0.53,B,9009,3,CFD
20241118_Box_1_CFD_Day_3_(Context_B)_9009,9,1444,1676,48.13,55.87,7.77,B,9009,3,CFD
20241118_Box_1_CFD_Day_3_(Context_B)_9009,0,1677,1805,55.9,60.17,4.3,B,9009,3,CFD
20241118_Box_1_CFD_Day_3_(Context_B)_9009,9,1806,1924,60.2,64.13,3.97,B,9009,3,CFD
20241118_Box_1_CFD_Day_3_(Context_B)_9009,-1,1925,2335,64.17,77.83,13.7,B,9009,3,CFD
20241118_Box_1_CFD_Day_3_(Context_B)_9009,9,2336,2430,77.87,81.0,3.17,B,9009,3,CFD
20241118_Box_1_CFD_Day_3_(Context_B)_9009,-1,2431,3376,81.03,112.53,31.53,B,9009,3,CFD
20241118_Box_1_CFD_Day_3_(Context_B)_9009,9,3377,3556,112.57,118.53,6.0,B,9009,3,CFD
20241118_Box_1_CFD_Day_3_(Context_B)_9009,0,3557,3593,118.57,119.77,1.23,B,9009,3,CFD
20241118_Box_1_CFD_Day_3_(Context_B)_9009,9,3594,3754,119.8,125.13,5.37,B,9009,3,CFD
20241118_Box_1_CFD_Day_3_(Context_B)_9009,-1,3755,4223,125.17,140.77,15.63,B,9009,3,CFD
20241118_Box_1_CFD_Day_3_(Context_B)_9009,9,4224,4286,140.8,142.87,2.1,B,9009,3,CFD
20241118_Box_1_CFD_Day_3_(Context_B)_9009,-1,4287,4504,142.9,150.13,7.27,B,9009,3,CFD
20241118_Box_1_CFD_Day_3_(Context_B)_9009,9,4505,4689,150.17,156.3,6.17,B,9009,3,CFD
20241118_Box_1_CFD_Day_3_(Context_B)_9009,-1,4690,4738,156.33,157.93,1.63,B,9009,3,CFD
20241118_Box_1_CFD_Day_3_(Context_B)_9009,9,4739,5149,157.97,171.63,13.7,B,9009,3,CFD
20241118_Box_1_CFD_Day_3_(Context_B)_9009,-1,5150,5390,171.67,179.67,8.03,B,9009,3,CFD
20241118_Box_1_CFD_Day_3_(Context_B)_9011,9,0,2071,0.0,69.03,69.07,B,9011,3,CFD
20241118_Box_1_CFD_Day_3_(Context_B)_9011,-1,2072,2079,69.07,69.3,0.27,B,9011,3,CFD
20241118_Box_1_CFD_Day_3_(Context_B)_9011,9,2080,3077,69.33,102.57,33.27,B,9011,3,CFD
20241118_Box_1_CFD_Day_3_(Context_B)_9011,-1,3078,3086,102.6,102.87,0.3,B,9011,3,CFD
20241118_Box_1_CFD_Day_3_(Context_B)_9011,9,3087,4167,102.9,138.9,36.03,B,9011,3,CFD
20241118_Box_1_CFD_Day_3_(Context_B)_9011,-1,4168,4348,138.93,144.93,6.03,B,9011,3,CFD
20241118_Box_1_CFD_Day_3_(Context_B)_9011,9,4349,4491,144.97,149.7,4.77,B,9011,3,CFD
20241118_Box_1_CFD_Day_3_(Context_B)_9011,-1,4492,4516,149.73,150.53,0.83,B,9011,3,CFD
20241118_Box_1_CFD_Day_3_(Context_B)_9011,9,4517,5390,150.57,179.67,29.13,B,9011,3,CFD
20241118_Box_1_CFD_Day_3_(Context_B)_9013,9,0,1802,0.0,60.07,60.1,B,9013,3,CFD
20241118_Box_1_CFD_Day_3_(Context_B)_9013,-1,1803,2173,60.1,72.43,12.37,B,9013,3,CFD
20241118_Box_1_CFD_Day_3_(Context_B)_9013,9,2174,2203,72.47,73.43,1.0,B,9013,3,CFD
20241118_Box_1_CFD_Day_3_(Context_B)_9013,-1,2204,2239,73.47,74.63,1.2,B,9013,3,CFD
20241118_Box_1_CFD_Day_3_(Context_B)_9013,9,2240,2300,74.67,76.67,2.03,B,9013,3,CFD
20241118_Box_1_CFD_Day_3_(Context_B)_9013,-1,2301,2542,76.7,84.73,8.07,B,9013,3,CFD
20241118_Box_1_CFD_Day_3_(Context_B)_9013,9,2543,2602,84.77,86.73,2.0,B,9013,3,CFD
20241118_Box_1_CFD_Day_3_(Context_B)_9013,-1,2603,2641,86.77,88.03,1.3,B,9013,3,CFD
20241118_Box_1_CFD_Day_3_(Context_B)_9013,9,2642,2839,88.07,94.63,6.6,B,9013,3,CFD
20241118_Box_1_CFD_Day_3_(Context_B)_9013,-1,2840,3193,94.67,106.43,11.8,B,9013,3,CFD
20241118_Box_1_CFD_Day_3_(Context_B)_9013,9,3194,3258,106.47,108.6,2.17,B,9013,3,CFD
20241118_Box_1_CFD_Day_3_(Context_B)_9013,-1,3259,3362,108.63,112.07,3.47,B,9013,3,CFD
20241118_Box_1_CFD_Day_3_(Context_B)_9013,9,3363,3510,112.1,117.0,4.93,B,9013,3,CFD
20241118_Box_1_CFD_Day_3_(Context_B)_9013,-1,3511,3543,117.03,118.1,1.1,B,9013,3,CFD
20241118_Box_1_CFD_Day_3_(Context_B)_9013,9,3544,3607,118.13,120.23,2.13,B,9013,3,CFD
20241118_Box_1_CFD_Day_3_(Context_B)_9013,-1,3608,3654,120.27,121.8,1.57,B,9013,3,CFD
20241118_Box_1_CFD_Day_3_(Context_B)_9013,9,3655,3790,121.83,126.33,4.53,B,9013,3,CFD
20241118_Box_1_CFD_Day_3_(Context_B)_9013,-1,3791,4238,126.37,141.27,14.93,B,9013,3,CFD
20241118_Box_1_CFD_Day_3_(Context_B)_9013,9,4239,4551,141.3,151.7,10.43,B,9013,3,CFD
20241118_Box_1_CFD_Day_3_(Context_B)_9013,-1,4552,4564,151.73,152.13,0.43,B,9013,3,CFD
20241118_Box_1_CFD_Day_3_(Context_B)_9013,9,4565,4889,152.17,162.97,10.83,B,9013,3,CFD
20241118_Box_1_CFD_Day_3_(Context_B)_9013,2,4890,5221,163.0,174.03,11.07,B,9013,3,CFD
20241118_Box_1_CFD_Day_3_(Context_B)_9013,9,5222,5343,174.07,178.1,4.07,B,9013,3,CFD
20241118_Box_1_CFD_Day_3_(Context_B)_9013,2,5344,5390,178.13,179.67,1.57,B,9013,3,CFD
20241118_Box_1_CFD_Day_3_(Context_B)_9015,9,0,472,0.0,15.73,15.77,B,9015,3,CFD
20241118_Box_1_CFD_Day_3_(Context_B)_9015,-1,473,478,15.77,15.93,0.2,B,9015,3,CFD
20241118_Box_1_CFD_Day_3_(Context_B)_9015,9,479,1071,15.97,35.7,19.77,B,9015,3,CFD
20241118_Box_1_CFD_Day_3_(Context_B)_9015,-1,1072,1172,35.73,39.07,3.37,B,9015,3,CFD
20241118_Box_1_CFD_Day_3_(Context_B)_9015,9,1173,1480,39.1,49.33,10.27,B,9015,3,CFD
20241118_Box_1_CFD_Day_3_(Context_B)_9015,-1,1484,1513,49.47,50.43,1.0,B,9015,3,CFD
20241118_Box_1_CFD_Day_3_(Context_B)_9015,9,1514,1773,50.47,59.1,8.67,B,9015,3,CFD
20241118_Box_1_CFD_Day_3_(Context_B)_9015,-1,1774,1835,59.13,61.17,2.07,B,9015,3,CFD
20241118_Box_1_CFD_Day_3_(Context_B)_9015,9,1836,1885,61.2,62.83,1.67,B,9015,3,CFD
20241118_Box_1_CFD_Day_3_(Context_B)_9015,-1,1886,1940,62.87,64.67,1.83,B,9015,3,CFD
20241118_Box_1_CFD_Day_3_(Context_B)_9015,9,1941,2011,64.7,67.03,2.37,B,9015,3,CFD
20241118_Box_1_CFD_Day_3_(Context_B)_9015,2,2012,2038,67.07,67.93,0.9,B,9015,3,CFD
20241118_Box_1_CFD_Day_3_(Context_B)_9015,9,2039,2348,67.97,78.27,10.33,B,9015,3,CFD
20241118_Box_1_CFD_Day_3_(Context_B)_9015,-1,2349,2371,78.3,79.03,0.77,B,9015,3,CFD
20241118_Box_1_CFD_Day_3_(Context_B)_9015,2,2372,2402,79.07,80.07,1.03,B,9015,3,CFD
20241118_Box_1_CFD_Day_3_(Context_B)_9015,9,2403,2552,80.1,85.07,5.0,B,9015,3,CFD
20241118_Box_1_CFD_Day_3_(Context_B)_9015,-1,2553,2578,85.1,85.93,0.87,B,9015,3,CFD
20241118_Box_1_CFD_Day_3_(Context_B)_9015,9,2579,2742,85.97,91.4,5.47,B,9015,3,CFD
20241118_Box_1_CFD_Day_3_(Context_B)_9015,1,2743,2760,91.43,92.0,0.6,B,9015,3,CFD
20241118_Box_1_CFD_Day_3_(Context_B)_9015,9,2761,2851,92.03,95.03,3.03,B,9015,3,CFD
20241118_Box_1_CFD_Day_3_(Context_B)_9015,1,2852,2864,95.07,95.47,0.43,B,9015,3,CFD
20241118_Box_1_CFD_Day_3_(Context_B)_9015,9,2865,3092,95.5,103.07,7.6,B,9015,3,CFD
20241118_Box_1_CFD_Day_3_(Context_B)_9015,3,3093,3119,103.1,103.97,0.9,B,9015,3,CFD
20241118_Box_1_CFD_Day_3_(Context_B)_9015,9,3120,3153,104.0,105.1,1.13,B,9015,3,CFD
20241118_Box_1_CFD_Day_3_(Context_B)_9015,-1,3154,3174,105.13,105.8,0.7,B,9015,3,CFD
20241118_Box_1_CFD_Day_3_(Context_B)_9015,9,3175,3211,105.83,107.03,1.23,B,9015,3,CFD
20241118_Box_1_CFD_Day_3_(Context_B)_9015,-1,3212,3256,107.07,108.53,1.5,B,9015,3,CFD
20241118_Box_1_CFD_Day_3_(Context_B)_9015,9,3257,3452,108.57,115.07,6.53,B,9015,3,CFD
20241118_Box_1_CFD_Day_3_(Context_B)_9015,-1,3453,3482,115.1,116.07,1.0,B,9015,3,CFD
20241118_Box_1_CFD_Day_3_(Context_B)_9015,9,3483,3671,116.1,122.37,6.3,B,9015,3,CFD
20241118_Box_1_CFD_Day_3_(Context_B)_9015,-1,3672,3679,122.4,122.63,0.27,B,9015,3,CFD
20241118_Box_1_CFD_Day_3_(Context_B)_9015,9,3680,3984,122.67,132.8,10.17,B,9015,3,CFD
20241118_Box_1_CFD_Day_3_(Context_B)_9015,3,3985,4296,132.83,143.2,10.4,B,9015,3,CFD
20241118_Box_1_CFD_Day_3_(Context_B)_9015,9,4297,4449,143.23,148.3,5.1,B,9015,3,CFD
20241118_Box_1_CFD_Day_3_(Context_B)_9015,-1,4450,4458,148.33,148.6,0.3,B,9015,3,CFD
20241118_Box_1_CFD_Day_3_(Context_B)_9015,9,4459,5132,148.63,171.07,22.47,B,9015,3,CFD
20241118_Box_1_CFD_Day_3_(Context_B)_9015,1,5133,5147,171.1,171.57,0.5,B,9015,3,CFD
20241118_Box_1_CFD_Day_3_(Context_B)_9015,9,5148,5390,171.6,179.67,8.1,B,9015,3,CFD
20241118_Box_2_CFD_Day_3_(Context_A)_9002,9,0,267,0.0,8.9,8.93,A,9002,3,CFD
20241118_Box_2_CFD_Day_3_(Context_A)_9002,-1,268,278,8.93,9.27,0.37,A,9002,3,CFD
20241118_Box_2_CFD_Day_3_(Context_A)_9002,9,279,309,9.3,10.3,1.03,A,9002,3,CFD
20241118_Box_2_CFD_Day_3_(Context_A)_9002,-1,310,359,10.33,11.97,1.67,A,9002,3,CFD
20241118_Box_2_CFD_Day_3_(Context_A)_9002,9,360,791,12.0,26.37,14.4,A,9002,3,CFD
20241118_Box_2_CFD_Day_3_(Context_A)_9002,-1,792,807,26.4,26.9,0.53,A,9002,3,CFD
20241118_Box_2_CFD_Day_3_(Context_A)_9002,9,808,886,26.93,29.53,2.63,A,9002,3,CFD
20241118_Box_2_CFD_Day_3_(Context_A)_9002,-1,887,895,29.57,29.83,0.3,A,9002,3,CFD
20241118_Box_2_CFD_Day_3_(Context_A)_9002,9,896,1295,29.87,43.17,13.33,A,9002,3,CFD
20241118_Box_2_CFD_Day_3_(Context_A)_9002,-1,1296,1749,43.2,58.3,15.13,A,9002,3,CFD
20241118_Box_2_CFD_Day_3_(Context_A)_9002,9,1750,1797,58.33,59.9,1.6,A,9002,3,CFD
20241118_Box_2_CFD_Day_3_(Context_A)_9002,-1,1798,2230,59.93,74.33,14.43,A,9002,3,CFD
20241118_Box_2_CFD_Day_3_(Context_A)_9002,9,2231,2421,74.37,80.7,6.37,A,9002,3,CFD
20241118_Box_2_CFD_Day_3_(Context_A)_9002,-1,2422,3304,80.73,110.13,29.43,A,9002,3,CFD
20241118_Box_2_CFD_Day_3_(Context_A)_9002,9,3305,3379,110.17,112.63,2.5,A,9002,3,CFD
20241118_Box_2_CFD_Day_3_(Context_A)_9002,-1,3380,3484,112.67,116.13,3.5,A,9002,3,CFD
20241118_Box_2_CFD_Day_3_(Context_A)_9002,9,3485,3653,116.17,121.77,5.63,A,9002,3,CFD
20241118_Box_2_CFD_Day_3_(Context_A)_9002,-1,3654,3683,121.8,122.77,1.0,A,9002,3,CFD
20241118_Box_2_CFD_Day_3_(Context_A)_9002,9,3684,3777,122.8,125.9,3.13,A,9002,3,CFD
20241118_Box_2_CFD_Day_3_(Context_A)_9002,-1,3778,3852,125.93,128.4,2.5,A,9002,3,CFD
20241118_Box_2_CFD_Day_3_(Context_A)_9002,9,3853,3968,128.43,132.27,3.87,A,9002,3,CFD
20241118_Box_2_CFD_Day_3_(Context_A)_9002,-1,3969,4159,132.3,138.63,6.37,A,9002,3,CFD
20241118_Box_2_CFD_Day_3_(Context_A)_9002,9,4160,4228,138.67,140.93,2.3,A,9002,3,CFD
20241118_Box_2_CFD_Day_3_(Context_A)_9002,-1,4229,4414,140.97,147.13,6.2,A,9002,3,CFD
20241118_Box_2_CFD_Day_3_(Context_A)_9002,9,4415,5038,147.17,167.93,20.8,A,9002,3,CFD
20241118_Box_2_CFD_Day_3_(Context_A)_9002,6,5039,5050,167.97,168.33,0.4,A,9002,3,CFD
20241118_Box_2_CFD_Day_3_(Context_A)_9002,9,5051,5129,168.37,170.97,2.63,A,9002,3,CFD
20241118_Box_2_CFD_Day_3_(Context_A)_9002,6,5130,5250,171.0,175.0,4.03,A,9002,3,CFD
20241118_Box_2_CFD_Day_3_(Context_A)_9002,9,5251,5294,175.03,176.47,1.47,A,9002,3,CFD
20241118_Box_2_CFD_Day_3_(Context_A)_9002,6,5295,5401,176.5,180.03,3.57,A,9002,3,CFD
20241118_Box_2_CFD_Day_3_(Context_A)_9002,9,5402,5565,180.07,185.5,5.47,A,9002,3,CFD
20241118_Box_2_CFD_Day_3_(Context_A)_9002,-1,5566,5573,185.53,185.77,0.27,A,9002,3,CFD
20241118_Box_2_CFD_Day_3_(Context_A)_9002,9,5574,6302,185.8,210.07,24.3,A,9002,3,CFD
20241118_Box_2_CFD_Day_3_(Context_A)_9004,9,0,370,0.0,12.33,12.37,A,9004,3,CFD
20241118_Box_2_CFD_Day_3_(Context_A)_9004,-1,371,384,12.37,12.8,0.47,A,9004,3,CFD
20241118_Box_2_CFD_Day_3_(Context_A)_9004,9,385,515,12.83,17.17,4.37,A,9004,3,CFD
20241118_Box_2_CFD_Day_3_(Context_A)_9004,-1,516,546,17.2,18.2,1.03,A,9004,3,CFD
20241118_Box_2_CFD_Day_3_(Context_A)_9004,9,547,620,18.23,20.67,2.47,A,9004,3,CFD
20241118_Box_2_CFD_Day_3_(Context_A)_9004,-1,621,652,20.7,21.73,1.07,A,9004,3,CFD
20241118_Box_2_CFD_Day_3_(Context_A)_9004,9,653,849,21.77,28.3,6.57,A,9004,3,CFD
20241118_Box_2_CFD_Day_3_(Context_A)_9004,-1,850,859,28.33,28.63,0.33,A,9004,3,CFD
20241118_Box_2_CFD_Day_3_(Context_A)_9004,9,860,1552,28.67,51.73,23.1,A,9004,3,CFD
20241118_Box_2_CFD_Day_3_(Context_A)_9004,2,1553,1597,51.77,53.23,1.5,A,9004,3,CFD
20241118_Box_2_CFD_Day_3_(Context_A)_9004,9,1598,2021,53.27,67.37,14.13,A,9004,3,CFD
20241118_Box_2_CFD_Day_3_(Context_A)_9004,2,2022,2062,67.4,68.73,1.37,A,9004,3,CFD
20241118_Box_2_CFD_Day_3_(Context_A)_9004,9,2063,2140,68.77,71.33,2.6,A,9004,3,CFD
20241118_Box_2_CFD_Day_3_(Context_A)_9004,1,2141,2171,71.37,72.37,1.03,A,9004,3,CFD
20241118_Box_2_CFD_Day_3_(Context_A)_9004,9,2172,2260,72.4,75.33,2.97,A,9004,3,CFD
20241118_Box_2_CFD_Day_3_(Context_A)_9004,1,2261,2298,75.37,76.6,1.27,A,9004,3,CFD
20241118_Box_2_CFD_Day_3_(Context_A)_9004,9,2299,3269,76.63,108.97,32.37,A,9004,3,CFD
20241118_Box_2_CFD_Day_3_(Context_A)_9004,-1,3270,3284,109.0,109.47,0.5,A,9004,3,CFD
20241118_Box_2_CFD_Day_3_(Context_A)_9004,9,3285,3419,109.5,113.97,4.5,A,9004,3,CFD
20241118_Box_2_CFD_Day_3_(Context_A)_9004,-1,3420,3464,114.0,115.47,1.5,A,9004,3,CFD
20241118_Box_2_CFD_Day_3_(Context_A)_9004,4,3465,3489,115.5,116.3,0.83,A,9004,3,CFD
20241118_Box_2_CFD_Day_3_(Context_A)_9004,-1,3490,3586,116.33,119.53,3.23,A,9004,3,CFD
20241118_Box_2_CFD_Day_3_(Context_A)_9004,9,3587,3782,119.57,126.07,6.53,A,9004,3,CFD
20241118_Box_2_CFD_Day_3_(Context_A)_9004,-1,3783,3796,126.1,126.53,0.47,A,9004,3,CFD
20241118_Box_2_CFD_Day_3_(Context_A)_9004,9,3797,4597,126.57,153.23,26.7,A,9004,3,CFD
20241118_Box_2_CFD_Day_3_(Context_A)_9004,2,4598,4650,153.27,155.0,1.77,A,9004,3,CFD
20241118_Box_2_CFD_Day_3_(Context_A)_9004,9,4651,5276,155.03,175.87,20.87,A,9004,3,CFD
20241118_Box_2_CFD_Day_3_(Context_A)_9004,9,5282,6302,176.07,210.07,34.03,A,9004,3,CFD
20241118_Box_2_CFD_Day_3_(Context_A)_9006,9,0,6300,0.0,210.0,210.03,A,9006,3,CFD
20241118_Box_2_CFD_Day_3_(Context_B)_9014,9,0,1813,0.0,60.43,60.47,B,9014,3,CFD
20241118_Box_2_CFD_Day_3_(Context_B)_9014,1,1814,1821,60.47,60.7,0.27,B,9014,3,CFD
20241118_Box_2_CFD_Day_3_(Context_B)_9014,9,1822,3069,60.73,102.3,41.6,B,9014,3,CFD
20241118_Box_2_CFD_Day_3_(Context_B)_9014,-1,3070,3215,102.33,107.17,4.87,B,9014,3,CFD
20241118_Box_2_CFD_Day_3_(Context_B)_9014,9,3216,3271,107.2,109.03,1.87,B,9014,3,CFD
20241118_Box_2_CFD_Day_3_(Context_B)_9014,-1,3272,3337,109.07,111.23,2.2,B,9014,3,CFD
20241118_Box_2_CFD_Day_3_(Context_B)_9014,9,3338,3388,111.27,112.93,1.7,B,9014,3,CFD
20241118_Box_2_CFD_Day_3_(Context_B)_9014,-1,3389,3406,112.97,113.53,0.6,B,9014,3,CFD
20241118_Box_2_CFD_Day_3_(Context_B)_9014,9,3407,4008,113.57,133.6,20.07,B,9014,3,CFD
20241118_Box_2_CFD_Day_3_(Context_B)_9014,0,4009,4030,133.63,134.33,0.73,B,9014,3,CFD
20241118_Box_2_CFD_Day_3_(Context_B)_9014,9,4031,4440,134.37,148.0,13.67,B,9014,3,CFD
20241118_Box_2_CFD_Day_3_(Context_B)_9014,0,4441,4448,148.03,148.27,0.27,B,9014,3,CFD
20241118_Box_2_CFD_Day_3_(Context_B)_9014,9,4449,5391,148.3,179.7,31.43,B,9014,3,CFD
20241118_Box_2_CFD_Day_3_(Context_B)_9016,9,0,2327,0.0,77.57,77.6,B,9016,3,CFD
20241118_Box_2_CFD_Day_3_(Context_B)_9016,-1,2328,2376,77.6,79.2,1.63,B,9016,3,CFD
20241118_Box_2_CFD_Day_3_(Context_B)_9016,9,2377,2464,79.23,82.13,2.93,B,9016,3,CFD
20241118_Box_2_CFD_Day_3_(Context_B)_9016,-1,2465,2500,82.17,83.33,1.2,B,9016,3,CFD
20241118_Box_2_CFD_Day_3_(Context_B)_9016,9,2501,2691,83.37,89.7,6.37,B,9016,3,CFD
20241118_Box_2_CFD_Day_3_(Context_B)_9016,-1,2692,2701,89.73,90.03,0.33,B,9016,3,CFD
20241118_Box_2_CFD_Day_3_(Context_B)_9016,9,2702,3126,90.07,104.2,14.17,B,9016,3,CFD
20241118_Box_2_CFD_Day_3_(Context_B)_9016,-1,3127,3179,104.23,105.97,1.77,B,9016,3,CFD
20241118_Box_2_CFD_Day_3_(Context_B)_9016,9,3180,3388,106.0,112.93,6.97,B,9016,3,CFD
20241118_Box_2_CFD_Day_3_(Context_B)_9016,0,3389,3414,112.97,113.8,0.87,B,9016,3,CFD
20241118_Box_2_CFD_Day_3_(Context_B)_9016,9,3415,3444,113.83,114.8,1.0,B,9016,3,CFD
20241118_Box_2_CFD_Day_3_(Context_B)_9016,0,3445,3452,114.83,115.07,0.27,B,9016,3,CFD
20241118_Box_2_CFD_Day_3_(Context_B)_9016,9,3453,3508,115.1,116.93,1.87,B,9016,3,CFD
20241118_Box_2_CFD_Day_3_(Context_B)_9016,0,3509,3627,116.97,120.9,3.97,B,9016,3,CFD
20241118_Box_2_CFD_Day_3_(Context_B)_9016,9,3628,5295,120.93,176.5,55.6,B,9016,3,CFD
20241118_Box_2_CFD_Day_3_(Context_B)_9016,0,5296,5305,176.53,176.83,0.33,B,9016,3,CFD
20241118_Box_2_CFD_Day_3_(Context_B)_9016,9,5306,5391,176.87,179.7,2.87,B,9016,3,CFD
20241119_Box_1_CFD_Day_4_(Context_A)_9001,9,0,208,0.0,6.93,6.97,A,9001,4,CFD
20241119_Box_1_CFD_Day_4_(Context_A)_9001,-1,209,489,6.97,16.3,9.37,A,9001,4,CFD
20241119_Box_1_CFD_Day_4_(Context_A)_9001,9,490,685,16.33,22.83,6.53,A,9001,4,CFD
20241119_Box_1_CFD_Day_4_(Context_A)_9001,-1,686,870,22.87,29.0,6.17,A,9001,4,CFD
20241119_Box_1_CFD_Day_4_(Context_A)_9001,9,871,941,29.03,31.37,2.37,A,9001,4,CFD
20241119_Box_1_CFD_Day_4_(Context_A)_9001,5,942,1161,31.4,38.7,7.33,A,9001,4,CFD
20241119_Box_1_CFD_Day_4_(Context_A)_9001,9,1162,1221,38.73,40.7,2.0,A,9001,4,CFD
20241119_Box_1_CFD_Day_4_(Context_A)_9001,-1,1222,1322,40.73,44.07,3.37,A,9001,4,CFD
20241119_Box_1_CFD_Day_4_(Context_A)_9001,9,1323,1401,44.1,46.7,2.63,A,9001,4,CFD
20241119_Box_1_CFD_Day_4_(Context_A)_9001,5,1402,1673,46.73,55.77,9.07,A,9001,4,CFD
20241119_Box_1_CFD_Day_4_(Context_A)_9001,9,1674,1862,55.8,62.07,6.3,A,9001,4,CFD
20241119_Box_1_CFD_Day_4_(Context_A)_9001,5,1863,2053,62.1,68.43,6.37,A,9001,4,CFD
20241119_Box_1_CFD_Day_4_(Context_A)_9001,9,2054,2097,68.47,69.9,1.47,A,9001,4,CFD
20241119_Box_1_CFD_Day_4_(Context_A)_9001,-1,2098,2339,69.93,77.97,8.07,A,9001,4,CFD
20241119_Box_1_CFD_Day_4_(Context_A)_9001,9,2340,2398,78.0,79.93,1.97,A,9001,4,CFD
20241119_Box_1_CFD_Day_4_(Context_A)_9001,5,2399,2409,79.97,80.3,0.37,A,9001,4,CFD
20241119_Box_1_CFD_Day_4_(Context_A)_9001,9,2410,2450,80.33,81.67,1.37,A,9001,4,CFD
20241119_Box_1_CFD_Day_4_(Context_A)_9001,-1,2451,2802,81.7,93.4,11.73,A,9001,4,CFD
20241119_Box_1_CFD_Day_4_(Context_A)_9001,9,2803,2862,93.43,95.4,2.0,A,9001,4,CFD
20241119_Box_1_CFD_Day_4_(Context_A)_9001,5,2863,3264,95.43,108.8,13.4,A,9001,4,CFD
20241119_Box_1_CFD_Day_4_(Context_A)_9001,-1,3265,3272,108.83,109.07,0.27,A,9001,4,CFD
20241119_Box_1_CFD_Day_4_(Context_A)_9001,9,3273,3756,109.1,125.2,16.13,A,9001,4,CFD
20241119_Box_1_CFD_Day_4_(Context_A)_9001,-1,3757,4270,125.23,142.33,17.13,A,9001,4,CFD
20241119_Box_1_CFD_Day_4_(Context_A)_9001,9,4271,4472,142.37,149.07,6.73,A,9001,4,CFD
20241119_Box_1_CFD_Day_4_(Context_A)_9001,-1,4473,4603,149.1,153.43,4.37,A,9001,4,CFD
20241119_Box_1_CFD_Day_4_(Context_A)_9001,9,4604,4695,153.47,156.5,3.07,A,9001,4,CFD
20241119_Box_1_CFD_Day_4_(Context_A)_9001,-1,4696,4757,156.53,158.57,2.07,A,9001,4,CFD
20241119_Box_1_CFD_Day_4_(Context_A)_9001,9,4758,5358,158.6,178.6,20.03,A,9001,4,CFD
20241119_Box_1_CFD_Day_4_(Context_A)_9001,-1,5359,5387,178.63,179.57,0.97,A,9001,4,CFD
20241119_Box_1_CFD_Day_4_(Context_A)_9001,9,5388,6301,179.6,210.03,30.47,A,9001,4,CFD
20241119_Box_1_CFD_Day_4_(Context_A)_9003,9,0,1820,0.0,60.67,60.7,A,9003,4,CFD
20241119_Box_1_CFD_Day_4_(Context_A)_9003,-1,1821,1903,60.7,63.43,2.77,A,9003,4,CFD
20241119_Box_1_CFD_Day_4_(Context_A)_9003,9,1904,6301,63.47,210.03,146.6,A,9003,4,CFD
20241119_Box_1_CFD_Day_4_(Context_A)_9005,9,0,715,0.0,23.83,23.87,A,9005,4,CFD
20241119_Box_1_CFD_Day_4_(Context_A)_9005,2,716,838,23.87,27.93,4.1,A,9005,4,CFD
20241119_Box_1_CFD_Day_4_(Context_A)_9005,9,839,981,27.97,32.7,4.77,A,9005,4,CFD
20241119_Box_1_CFD_Day_4_(Context_A)_9005,2,982,1026,32.73,34.2,1.5,A,9005,4,CFD
20241119_Box_1_CFD_Day_4_(Context_A)_9005,9,1027,1058,34.23,35.27,1.07,A,9005,4,CFD
20241119_Box_1_CFD_Day_4_(Context_A)_9005,2,1059,1165,35.3,38.83,3.57,A,9005,4,CFD
20241119_Box_1_CFD_Day_4_(Context_A)_9005,9,1166,1347,38.87,44.9,6.07,A,9005,4,CFD
20241119_Box_1_CFD_Day_4_(Context_A)_9005,-1,1348,1619,44.93,53.97,9.07,A,9005,4,CFD
20241119_Box_1_CFD_Day_4_(Context_A)_9005,9,1620,1707,54.0,56.9,2.93,A,9005,4,CFD
20241119_Box_1_CFD_Day_4_(Context_A)_9005,-1,1708,1742,56.93,58.07,1.17,A,9005,4,CFD
20241119_Box_1_CFD_Day_4_(Context_A)_9005,9,1743,1799,58.1,59.97,1.9,A,9005,4,CFD
20241119_Box_1_CFD_Day_4_(Context_A)_9005,-1,1800,1837,60.0,61.23,1.27,A,9005,4,CFD
20241119_Box_1_CFD_Day_4_(Context_A)_9005,9,1838,2202,61.27,73.4,12.17,A,9005,4,CFD
20241119_Box_1_CFD_Day_4_(Context_A)_9005,-1,2203,2339,73.43,77.97,4.57,A,9005,4,CFD
20241119_Box_1_CFD_Day_4_(Context_A)_9005,9,2340,2431,78.0,81.03,3.07,A,9005,4,CFD
20241119_Box_1_CFD_Day_4_(Context_A)_9005,-1,2432,2496,81.07,83.2,2.17,A,9005,4,CFD
20241119_Box_1_CFD_Day_4_(Context_A)_9005,9,2497,2574,83.23,85.8,2.6,A,9005,4,CFD
20241119_Box_1_CFD_Day_4_(Context_A)_9005,2,2575,2617,85.83,87.23,1.43,A,9005,4,CFD
20241119_Box_1_CFD_Day_4_(Context_A)_9005,9,2618,3132,87.27,104.4,17.17,A,9005,4,CFD
20241119_Box_1_CFD_Day_4_(Context_A)_9005,-1,3133,3317,104.43,110.57,6.17,A,9005,4,CFD
20241119_Box_1_CFD_Day_4_(Context_A)_9005,9,3318,3489,110.6,116.3,5.73,A,9005,4,CFD
20241119_Box_1_CFD_Day_4_(Context_A)_9005,-1,3490,3879,116.33,129.3,13.0,A,9005,4,CFD
20241119_Box_1_CFD_Day_4_(Context_A)_9005,9,3880,4044,129.33,134.8,5.5,A,9005,4,CFD
20241119_Box_1_CFD_Day_4_(Context_A)_9005,0,4045,4269,134.83,142.3,7.5,A,9005,4,CFD
20241119_Box_1_CFD_Day_4_(Context_A)_9005,9,4270,5359,142.33,178.63,36.33,A,9005,4,CFD
20241119_Box_1_CFD_Day_4_(Context_A)_9005,-1,5360,5381,178.67,179.37,0.73,A,9005,4,CFD
20241119_Box_1_CFD_Day_4_(Context_A)_9005,9,5382,6301,179.4,210.03,30.67,A,9005,4,CFD
20241119_Box_1_CFD_Day_4_(Context_A)_9007,7,0,313,0.0,10.43,10.47,A,9007,4,CFD
20241119_Box_1_CFD_Day_4_(Context_A)_9007,9,314,328,10.47,10.93,0.5,A,9007,4,CFD
20241119_Box_1_CFD_Day_4_(Context_A)_9007,7,329,866,10.97,28.87,17.93,A,9007,4,CFD
20241119_Box_1_CFD_Day_4_(Context_A)_9007,9,867,987,28.9,32.9,4.03,A,9007,4,CFD
20241119_Box_1_CFD_Day_4_(Context_A)_9007,7,988,1585,32.93,52.83,19.93,A,9007,4,CFD
20241119_Box_1_CFD_Day_4_(Context_A)_9007,-1,1586,1620,52.87,54.0,1.17,A,9007,4,CFD
20241119_Box_1_CFD_Day_4_(Context_A)_9007,7,1621,1713,54.03,57.1,3.1,A,9007,4,CFD
20241119_Box_1_CFD_Day_4_(Context_A)_9007,-1,1714,1751,57.13,58.37,1.27,A,9007,4,CFD
20241119_Box_1_CFD_Day_4_(Context_A)_9007,7,1752,1914,58.4,63.8,5.43,A,9007,4,CFD
20241119_Box_1_CFD_Day_4_(Context_A)_9007,-1,1915,1922,63.83,64.07,0.27,A,9007,4,CFD
20241119_Box_1_CFD_Day_4_(Context_A)_9007,7,1923,2472,64.1,82.4,18.33,A,9007,4,CFD
20241119_Box_1_CFD_Day_4_(Context_A)_9007,-1,2473,2493,82.43,83.1,0.7,A,9007,4,CFD
20241119_Box_1_CFD_Day_4_(Context_A)_9007,7,2494,5378,83.13,179.27,96.17,A,9007,4,CFD
20241119_Box_1_CFD_Day_4_(Context_A)_9007,9,5379,5556,179.3,185.2,5.93,A,9007,4,CFD
20241119_Box_1_CFD_Day_4_(Context_A)_9007,-1,5559,6302,185.3,210.07,24.8,A,9007,4,CFD
20241119_Box_1_CFD_Day_4_(Context_A)_9009,9,0,6266,0.0,208.87,208.9,A,9009,4,CFD
20241119_Box_1_CFD_Day_4_(Context_A)_9009,-1,6267,6278,208.9,209.27,0.4,A,9009,4,CFD
20241119_Box_1_CFD_Day_4_(Context_A)_9009,9,6279,6301,209.3,210.03,0.77,A,9009,4,CFD
20241119_Box_1_CFD_Day_4_(Context_A)_9011,9,0,958,0.0,31.93,31.97,A,9011,4,CFD
20241119_Box_1_CFD_Day_4_(Context_A)_9011,-1,959,1224,31.97,40.8,8.87,A,9011,4,CFD
20241119_Box_1_CFD_Day_4_(Context_A)_9011,9,1225,1429,40.83,47.63,6.83,A,9011,4,CFD
20241119_Box_1_CFD_Day_4_(Context_A)_9011,-1,1430,1487,47.67,49.57,1.93,A,9011,4,CFD
20241119_Box_1_CFD_Day_4_(Context_A)_9011,9,1488,1526,49.6,50.87,1.3,A,9011,4,CFD
20241119_Box_1_CFD_Day_4_(Context_A)_9011,-1,1527,1557,50.9,51.9,1.03,A,9011,4,CFD
20241119_Box_1_CFD_Day_4_(Context_A)_9011,9,1558,1587,51.93,52.9,1.0,A,9011,4,CFD
20241119_Box_1_CFD_Day_4_(Context_A)_9011,-1,1588,1800,52.93,60.0,7.1,A,9011,4,CFD
20241119_Box_1_CFD_Day_4_(Context_A)_9011,9,1801,1830,60.03,61.0,1.0,A,9011,4,CFD
20241119_Box_1_CFD_Day_4_(Context_A)_9011,-1,1833,1850,61.1,61.67,0.6,A,9011,4,CFD
20241119_Box_1_CFD_Day_4_(Context_A)_9011,5,1851,1865,61.7,62.17,0.5,A,9011,4,CFD
20241119_Box_1_CFD_Day_4_(Context_A)_9011,9,1866,2220,62.2,74.0,11.83,A,9011,4,CFD
20241119_Box_1_CFD_Day_4_(Context_A)_9011,-1,2221,2433,74.03,81.1,7.1,A,9011,4,CFD
20241119_Box_1_CFD_Day_4_(Context_A)_9011,9,2434,2479,81.13,82.63,1.53,A,9011,4,CFD
20241119_Box_1_CFD_Day_4_(Context_A)_9011,-1,2480,2519,82.67,83.97,1.33,A,9011,4,CFD
20241119_Box_1_CFD_Day_4_(Context_A)_9011,9,2520,2585,84.0,86.17,2.2,A,9011,4,CFD
20241119_Box_1_CFD_Day_4_(Context_A)_9011,-1,2586,2613,86.2,87.1,0.93,A,9011,4,CFD
20241119_Box_1_CFD_Day_4_(Context_A)_9011,9,2614,5062,87.13,168.73,81.63,A,9011,4,CFD
20241119_Box_1_CFD_Day_4_(Context_A)_9011,-1,5063,5079,168.77,169.3,0.57,A,9011,4,CFD
20241119_Box_1_CFD_Day_4_(Context_A)_9011,-1,5081,5088,169.37,169.6,0.27,A,9011,4,CFD
20241119_Box_1_CFD_Day_4_(Context_A)_9011,9,5089,6300,169.63,210.0,40.4,A,9011,4,CFD
20241119_Box_1_CFD_Day_4_(Context_A)_9013,9,0,3030,0.0,101.0,101.03,A,9013,4,CFD
20241119_Box_1_CFD_Day_4_(Context_A)_9013,-1,3031,3059,101.03,101.97,0.97,A,9013,4,CFD
20241119_Box_1_CFD_Day_4_(Context_A)_9013,9,3060,3272,102.0,109.07,7.1,A,9013,4,CFD
20241119_Box_1_CFD_Day_4_(Context_A)_9013,-1,3273,3292,109.1,109.73,0.67,A,9013,4,CFD
20241119_Box_1_CFD_Day_4_(Context_A)_9013,9,3293,3404,109.77,113.47,3.73,A,9013,4,CFD
20241119_Box_1_CFD_Day_4_(Context_A)_9013,-1,3405,3423,113.5,114.1,0.63,A,9013,4,CFD
20241119_Box_1_CFD_Day_4_(Context_A)_9013,9,3424,3510,114.13,117.0,2.9,A,9013,4,CFD
20241119_Box_1_CFD_Day_4_(Context_A)_9013,-1,3511,3626,117.03,120.87,3.87,A,9013,4,CFD
20241119_Box_1_CFD_Day_4_(Context_A)_9013,9,3627,3993,120.9,133.1,12.23,A,9013,4,CFD
20241119_Box_1_CFD_Day_4_(Context_A)_9013,-1,3994,4022,133.13,134.07,0.97,A,9013,4,CFD
20241119_Box_1_CFD_Day_4_(Context_A)_9013,9,4023,4445,134.1,148.17,14.1,A,9013,4,CFD
20241119_Box_1_CFD_Day_4_(Context_A)_9013,9,4447,4607,148.23,153.57,5.37,A,9013,4,CFD
20241119_Box_1_CFD_Day_4_(Context_A)_9013,9,4613,5371,153.77,179.03,25.3,A,9013,4,CFD
20241119_Box_1_CFD_Day_4_(Context_A)_9013,-1,5372,5379,179.07,179.3,0.27,A,9013,4,CFD
20241119_Box_1_CFD_Day_4_(Context_A)_9013,9,5380,6301,179.33,210.03,30.73,A,9013,4,CFD
20241119_Box_1_CFD_Day_4_(Context_A)_9015,9,0,6301,0.0,210.03,210.07,A,9015,4,CFD
20241119_Box_1_CFD_Day_4_(Context_B)_9001,9,0,1653,0.0,55.1,55.13,B,9001,4,CFD
20241119_Box_1_CFD_Day_4_(Context_B)_9001,-1,1654,1663,55.13,55.43,0.33,B,9001,4,CFD
20241119_Box_1_CFD_Day_4_(Context_B)_9001,9,1664,3997,55.47,133.23,77.8,B,9001,4,CFD
20241119_Box_1_CFD_Day_4_(Context_B)_9001,-1,3998,4011,133.27,133.7,0.47,B,9001,4,CFD
20241119_Box_1_CFD_Day_4_(Context_B)_9001,-1,4017,4067,133.9,135.57,1.7,B,9001,4,CFD
20241119_Box_1_CFD_Day_4_(Context_B)_9001,9,4068,5390,135.6,179.67,44.1,B,9001,4,CFD
20241119_Box_1_CFD_Day_4_(Context_B)_9003,9,0,5390,0.0,179.67,179.7,B,9003,4,CFD
20241119_Box_1_CFD_Day_4_(Context_B)_9005,9,0,1499,0.0,49.97,50.0,B,9005,4,CFD
20241119_Box_1_CFD_Day_4_(Context_B)_9005,-1,1500,1505,50.0,50.17,0.2,B,9005,4,CFD
20241119_Box_1_CFD_Day_4_(Context_B)_9005,9,1506,5390,50.2,179.67,129.5,B,9005,4,CFD
20241119_Box_1_CFD_Day_4_(Context_B)_9007,9,0,3958,0.0,131.93,131.97,B,9007,4,CFD
20241119_Box_1_CFD_Day_4_(Context_B)_9007,-1,3959,3966,131.97,132.2,0.27,B,9007,4,CFD
20241119_Box_1_CFD_Day_4_(Context_B)_9007,9,3967,3984,132.23,132.8,0.6,B,9007,4,CFD
20241119_Box_1_CFD_Day_4_(Context_B)_9007,-1,3985,3995,132.83,133.17,0.37,B,9007,4,CFD
20241119_Box_1_CFD_Day_4_(Context_B)_9007,9,3996,5391,133.2,179.7,46.53,B,9007,4,CFD
20241119_Box_1_CFD_Day_4_(Context_B)_9009,9,0,29,0.0,0.97,1.0,B,9009,4,CFD
20241119_Box_1_CFD_Day_4_(Context_B)_9009,-1,30,234,1.0,7.8,6.83,B,9009,4,CFD
20241119_Box_1_CFD_Day_4_(Context_B)_9009,9,235,455,7.83,15.17,7.37,B,9009,4,CFD
20241119_Box_1_CFD_Day_4_(Context_B)_9009,1,456,1727,15.2,57.57,42.4,B,9009,4,CFD
20241119_Box_1_CFD_Day_4_(Context_B)_9009,2,1728,2235,57.6,74.5,16.93,B,9009,4,CFD
20241119_Box_1_CFD_Day_4_(Context_B)_9009,9,2236,2377,74.53,79.23,4.73,B,9009,4,CFD
20241119_Box_1_CFD_Day_4_(Context_B)_9009,1,2378,4256,79.27,141.87,62.63,B,9009,4,CFD
20241119_Box_1_CFD_Day_4_(Context_B)_9009,9,4257,4289,141.9,142.97,1.1,B,9009,4,CFD
20241119_Box_1_CFD_Day_4_(Context_B)_9009,1,4290,4318,143.0,143.93,0.97,B,9009,4,CFD
20241119_Box_1_CFD_Day_4_(Context_B)_9009,9,4319,4382,143.97,146.07,2.13,B,9009,4,CFD
20241119_Box_1_CFD_Day_4_(Context_B)_9009,1,4383,4889,146.1,162.97,16.9,B,9009,4,CFD
20241119_Box_1_CFD_Day_4_(Context_B)_9009,2,4890,5391,163.0,179.7,16.73,B,9009,4,CFD
20241119_Box_1_CFD_Day_4_(Context_B)_9011,9,0,5390,0.0,179.67,179.7,B,9011,4,CFD
20241119_Box_1_CFD_Day_4_(Context_B)_9013,9,0,2164,0.0,72.13,72.17,B,9013,4,CFD
20241119_Box_1_CFD_Day_4_(Context_B)_9013,-1,2165,2229,72.17,74.3,2.17,B,9013,4,CFD
20241119_Box_1_CFD_Day_4_(Context_B)_9013,9,2230,5390,74.33,179.67,105.37,B,9013,4,CFD
20241119_Box_1_CFD_Day_4_(Context_B)_9015,9,0,277,0.0,9.23,9.27,B,9015,4,CFD
20241119_Box_1_CFD_Day_4_(Context_B)_9015,9,280,5391,9.33,179.7,170.4,B,9015,4,CFD
20241119_Box_2_CFD_Day_4_(Context_A)_9002,9,0,6301,0.0,210.03,210.07,A,9002,4,CFD
20241119_Box_2_CFD_Day_4_(Context_A)_9004,9,0,6300,0.0,210.0,210.03,A,9004,4,CFD
20241119_Box_2_CFD_Day_4_(Context_A)_9006,9,0,5855,0.0,195.17,195.2,A,9006,4,CFD
20241119_Box_2_CFD_Day_4_(Context_A)_9006,-1,5856,5866,195.2,195.53,0.37,A,9006,4,CFD
20241119_Box_2_CFD_Day_4_(Context_A)_9006,9,5867,6301,195.57,210.03,14.5,A,9006,4,CFD
20241119_Box_2_CFD_Day_4_(Context_A)_9008,9,0,252,0.0,8.4,8.43,A,9008,4,CFD
20241119_Box_2_CFD_Day_4_(Context_A)_9008,-1,253,352,8.43,11.73,3.33,A,9008,4,CFD
20241119_Box_2_CFD_Day_4_(Context_A)_9008,9,353,809,11.77,26.97,15.23,A,9008,4,CFD
20241119_Box_2_CFD_Day_4_(Context_A)_9008,-1,810,825,27.0,27.5,0.53,A,9008,4,CFD
20241119_Box_2_CFD_Day_4_(Context_A)_9008,9,826,1045,27.53,34.83,7.33,A,9008,4,CFD
20241119_Box_2_CFD_Day_4_(Context_A)_9008,-1,1046,1080,34.87,36.0,1.17,A,9008,4,CFD
20241119_Box_2_CFD_Day_4_(Context_A)_9008,9,1081,1164,36.03,38.8,2.8,A,9008,4,CFD
20241119_Box_2_CFD_Day_4_(Context_A)_9008,-1,1165,1264,38.83,42.13,3.33,A,9008,4,CFD
20241119_Box_2_CFD_Day_4_(Context_A)_9008,9,1265,1442,42.17,48.07,5.93,A,9008,4,CFD
20241119_Box_2_CFD_Day_4_(Context_A)_9008,-1,1443,2017,48.1,67.23,19.17,A,9008,4,CFD
20241119_Box_2_CFD_Day_4_(Context_A)_9008,9,2018,2241,67.27,74.7,7.47,A,9008,4,CFD
20241119_Box_2_CFD_Day_4_(Context_A)_9008,-1,2242,3085,74.73,102.83,28.13,A,9008,4,CFD
20241119_Box_2_CFD_Day_4_(Context_A)_9008,9,3086,3248,102.87,108.27,5.43,A,9008,4,CFD
20241119_Box_2_CFD_Day_4_(Context_A)_9008,-1,3249,3578,108.3,119.27,11.0,A,9008,4,CFD
20241119_Box_2_CFD_Day_4_(Context_A)_9008,9,3579,3627,119.3,120.9,1.63,A,9008,4,CFD
20241119_Box_2_CFD_Day_4_(Context_A)_9008,-1,3628,3638,120.93,121.27,0.37,A,9008,4,CFD
20241119_Box_2_CFD_Day_4_(Context_A)_9008,9,3639,3648,121.3,121.6,0.33,A,9008,4,CFD
20241119_Box_2_CFD_Day_4_(Context_A)_9008,-1,3649,4688,121.63,156.27,34.67,A,9008,4,CFD
20241119_Box_2_CFD_Day_4_(Context_A)_9008,9,4689,4765,156.3,158.83,2.57,A,9008,4,CFD
20241119_Box_2_CFD_Day_4_(Context_A)_9008,3,4766,5000,158.87,166.67,7.83,A,9008,4,CFD
20241119_Box_2_CFD_Day_4_(Context_A)_9008,9,5001,5499,166.7,183.3,16.63,A,9008,4,CFD
20241119_Box_2_CFD_Day_4_(Context_A)_9008,-1,5500,6300,183.33,210.0,26.7,A,9008,4,CFD
20241119_Box_2_CFD_Day_4_(Context_A)_9010,9,0,1100,0.0,36.67,36.7,A,9010,4,CFD
20241119_Box_2_CFD_Day_4_(Context_A)_9010,9,1103,2095,36.77,69.83,33.1,A,9010,4,CFD
20241119_Box_2_CFD_Day_4_(Context_A)_9010,-1,2096,2104,69.87,70.13,0.3,A,9010,4,CFD
20241119_Box_2_CFD_Day_4_(Context_A)_9010,9,2105,3661,70.17,122.03,51.9,A,9010,4,CFD
20241119_Box_2_CFD_Day_4_(Context_A)_9010,-1,3662,3669,122.07,122.3,0.27,A,9010,4,CFD
20241119_Box_2_CFD_Day_4_(Context_A)_9010,9,3670,6300,122.33,210.0,87.7,A,9010,4,CFD
20241119_Box_2_CFD_Day_4_(Context_A)_9012,9,0,111,0.0,3.7,3.73,A,9012,4,CFD
20241119_Box_2_CFD_Day_4_(Context_A)_9012,-1,112,120,3.73,4.0,0.3,A,9012,4,CFD
20241119_Box_2_CFD_Day_4_(Context_A)_9012,9,121,374,4.03,12.47,8.47,A,9012,4,CFD
20241119_Box_2_CFD_Day_4_(Context_A)_9012,-1,375,418,12.5,13.93,1.47,A,9012,4,CFD
20241119_Box_2_CFD_Day_4_(Context_A)_9012,9,419,542,13.97,18.07,4.13,A,9012,4,CFD
20241119_Box_2_CFD_Day_4_(Context_A)_9012,-1,543,566,18.1,18.87,0.8,A,9012,4,CFD
20241119_Box_2_CFD_Day_4_(Context_A)_9012,9,567,685,18.9,22.83,3.97,A,9012,4,CFD
20241119_Box_2_CFD_Day_4_(Context_A)_9012,-1,686,712,22.87,23.73,0.9,A,9012,4,CFD
20241119_Box_2_CFD_Day_4_(Context_A)_9012,9,713,786,23.77,26.2,2.47,A,9012,4,CFD
20241119_Box_2_CFD_Day_4_(Context_A)_9012,-1,787,793,26.23,26.43,0.23,A,9012,4,CFD
20241119_Box_2_CFD_Day_4_(Context_A)_9012,9,794,871,26.47,29.03,2.6,A,9012,4,CFD
20241119_Box_2_CFD_Day_4_(Context_A)_9012,-1,872,893,29.07,29.77,0.73,A,9012,4,CFD
20241119_Box_2_CFD_Day_4_(Context_A)_9012,9,894,948,29.8,31.6,1.83,A,9012,4,CFD
20241119_Box_2_CFD_Day_4_(Context_A)_9012,-1,949,980,31.63,32.67,1.07,A,9012,4,CFD
20241119_Box_2_CFD_Day_4_(Context_A)_9012,9,981,1111,32.7,37.03,4.37,A,9012,4,CFD
20241119_Box_2_CFD_Day_4_(Context_A)_9012,-1,1112,1133,37.07,37.77,0.73,A,9012,4,CFD
20241119_Box_2_CFD_Day_4_(Context_A)_9012,9,1134,1342,37.8,44.73,6.97,A,9012,4,CFD
20241119_Box_2_CFD_Day_4_(Context_A)_9012,-1,1343,1368,44.77,45.6,0.87,A,9012,4,CFD
20241119_Box_2_CFD_Day_4_(Context_A)_9012,9,1369,1519,45.63,50.63,5.03,A,9012,4,CFD
20241119_Box_2_CFD_Day_4_(Context_A)_9012,-1,1520,1542,50.67,51.4,0.77,A,9012,4,CFD
20241119_Box_2_CFD_Day_4_(Context_A)_9012,9,1543,1712,51.43,57.07,5.67,A,9012,4,CFD
20241119_Box_2_CFD_Day_4_(Context_A)_9012,-1,1713,1724,57.1,57.47,0.4,A,9012,4,CFD
20241119_Box_2_CFD_Day_4_(Context_A)_9012,9,1725,1909,57.5,63.63,6.17,A,9012,4,CFD
20241119_Box_2_CFD_Day_4_(Context_A)_9012,-1,1910,1976,63.67,65.87,2.23,A,9012,4,CFD
20241119_Box_2_CFD_Day_4_(Context_A)_9012,9,1977,2071,65.9,69.03,3.17,A,9012,4,CFD
20241119_Box_2_CFD_Day_4_(Context_A)_9012,-1,2072,2094,69.07,69.8,0.77,A,9012,4,CFD
20241119_Box_2_CFD_Day_4_(Context_A)_9012,9,2095,2190,69.83,73.0,3.2,A,9012,4,CFD
20241119_Box_2_CFD_Day_4_(Context_A)_9012,-1,2191,2279,73.03,75.97,2.97,A,9012,4,CFD
20241119_Box_2_CFD_Day_4_(Context_A)_9012,9,2280,2459,76.0,81.97,6.0,A,9012,4,CFD
20241119_Box_2_CFD_Day_4_(Context_A)_9012,-1,2460,2478,82.0,82.6,0.63,A,9012,4,CFD
20241119_Box_2_CFD_Day_4_(Context_A)_9012,9,2479,2502,82.63,83.4,0.8,A,9012,4,CFD
20241119_Box_2_CFD_Day_4_(Context_A)_9012,-1,2503,2700,83.43,90.0,6.6,A,9012,4,CFD
20241119_Box_2_CFD_Day_4_(Context_A)_9012,9,2701,2743,90.03,91.43,1.43,A,9012,4,CFD
20241119_Box_2_CFD_Day_4_(Context_A)_9012,-1,2744,2751,91.47,91.7,0.27,A,9012,4,CFD
20241119_Box_2_CFD_Day_4_(Context_A)_9012,9,2752,2792,91.73,93.07,1.37,A,9012,4,CFD
20241119_Box_2_CFD_Day_4_(Context_A)_9012,-1,2793,2880,93.1,96.0,2.93,A,9012,4,CFD
20241119_Box_2_CFD_Day_4_(Context_A)_9012,9,2881,2971,96.03,99.03,3.03,A,9012,4,CFD
20241119_Box_2_CFD_Day_4_(Context_A)_9012,-1,2972,3269,99.07,108.97,9.93,A,9012,4,CFD
20241119_Box_2_CFD_Day_4_(Context_A)_9012,9,3270,3317,109.0,110.57,1.6,A,9012,4,CFD
20241119_Box_2_CFD_Day_4_(Context_A)_9012,-1,3318,3335,110.6,111.17,0.6,A,9012,4,CFD
20241119_Box_2_CFD_Day_4_(Context_A)_9012,9,3336,3391,111.2,113.03,1.87,A,9012,4,CFD
20241119_Box_2_CFD_Day_4_(Context_A)_9012,-1,3392,3470,113.07,115.67,2.63,A,9012,4,CFD
20241119_Box_2_CFD_Day_4_(Context_A)_9012,9,3471,3503,115.7,116.77,1.1,A,9012,4,CFD
20241119_Box_2_CFD_Day_4_(Context_A)_9012,-1,3504,3925,116.8,130.83,14.07,A,9012,4,CFD
20241119_Box_2_CFD_Day_4_(Context_A)_9012,9,3926,3954,130.87,131.8,0.97,A,9012,4,CFD
20241119_Box_2_CFD_Day_4_(Context_A)_9012,-1,3955,4888,131.83,162.93,31.13,A,9012,4,CFD
20241119_Box_2_CFD_Day_4_(Context_A)_9012,9,4889,4938,162.97,164.6,1.67,A,9012,4,CFD
20241119_Box_2_CFD_Day_4_(Context_A)_9012,-1,4939,4947,164.63,164.9,0.3,A,9012,4,CFD
20241119_Box_2_CFD_Day_4_(Context_A)_9012,9,4948,4961,164.93,165.37,0.47,A,9012,4,CFD
20241119_Box_2_CFD_Day_4_(Context_A)_9012,-1,4962,5268,165.4,175.6,10.23,A,9012,4,CFD
20241119_Box_2_CFD_Day_4_(Context_A)_9012,9,5269,5281,175.63,176.03,0.43,A,9012,4,CFD
20241119_Box_2_CFD_Day_4_(Context_A)_9012,-1,5282,5396,176.07,179.87,3.83,A,9012,4,CFD
20241119_Box_2_CFD_Day_4_(Context_A)_9012,9,5397,6301,179.9,210.03,30.17,A,9012,4,CFD
20241119_Box_2_CFD_Day_4_(Context_A)_9014,9,0,1960,0.0,65.33,65.37,A,9014,4,CFD
20241119_Box_2_CFD_Day_4_(Context_A)_9014,-1,1961,1985,65.37,66.17,0.83,A,9014,4,CFD
20241119_Box_2_CFD_Day_4_(Context_A)_9014,9,1986,2486,66.2,82.87,16.7,A,9014,4,CFD
20241119_Box_2_CFD_Day_4_(Context_A)_9014,9,2490,2661,83.0,88.7,5.73,A,9014,4,CFD
20241119_Box_2_CFD_Day_4_(Context_A)_9014,-1,2662,2669,88.73,88.97,0.27,A,9014,4,CFD
20241119_Box_2_CFD_Day_4_(Context_A)_9014,9,2670,2724,89.0,90.8,1.83,A,9014,4,CFD
20241119_Box_2_CFD_Day_4_(Context_A)_9014,-1,2725,2732,90.83,91.07,0.27,A,9014,4,CFD
20241119_Box_2_CFD_Day_4_(Context_A)_9014,9,2733,4109,91.1,136.97,45.9,A,9014,4,CFD
20241119_Box_2_CFD_Day_4_(Context_A)_9014,-1,4110,4124,137.0,137.47,0.5,A,9014,4,CFD
20241119_Box_2_CFD_Day_4_(Context_A)_9014,9,4125,5293,137.5,176.43,38.97,A,9014,4,CFD
20241119_Box_2_CFD_Day_4_(Context_A)_9014,-1,5294,5314,176.47,177.13,0.7,A,9014,4,CFD
20241119_Box_2_CFD_Day_4_(Context_A)_9014,9,5315,5549,177.17,184.97,7.83,A,9014,4,CFD
20241119_Box_2_CFD_Day_4_(Context_A)_9014,-1,5550,5818,185.0,193.93,8.97,A,9014,4,CFD
20241119_Box_2_CFD_Day_4_(Context_A)_9014,9,5819,5851,193.97,195.03,1.1,A,9014,4,CFD
20241119_Box_2_CFD_Day_4_(Context_A)_9014,-1,5852,5892,195.07,196.4,1.37,A,9014,4,CFD
20241119_Box_2_CFD_Day_4_(Context_A)_9014,9,5893,5904,196.43,196.8,0.4,A,9014,4,CFD
20241119_Box_2_CFD_Day_4_(Context_A)_9014,-1,5905,5945,196.83,198.17,1.37,A,9014,4,CFD
20241119_Box_2_CFD_Day_4_(Context_A)_9014,9,5946,5967,198.2,198.9,0.73,A,9014,4,CFD
20241119_Box_2_CFD_Day_4_(Context_A)_9014,-1,5968,6019,198.93,200.63,1.73,A,9014,4,CFD
20241119_Box_2_CFD_Day_4_(Context_A)_9014,9,6020,6282,200.67,209.4,8.77,A,9014,4,CFD
20241119_Box_2_CFD_Day_4_(Context_A)_9014,-1,6283,6300,209.43,210.0,0.6,A,9014,4,CFD
20241119_Box_2_CFD_Day_4_(Context_A)_9016,9,0,524,0.0,17.47,17.5,A,9016,4,CFD
20241119_Box_2_CFD_Day_4_(Context_A)_9016,1,525,533,17.5,17.77,0.3,A,9016,4,CFD
20241119_Box_2_CFD_Day_4_(Context_A)_9016,9,534,850,17.8,28.33,10.57,A,9016,4,CFD
20241119_Box_2_CFD_Day_4_(Context_A)_9016,-1,851,892,28.37,29.73,1.4,A,9016,4,CFD
20241119_Box_2_CFD_Day_4_(Context_A)_9016,9,893,943,29.77,31.43,1.7,A,9016,4,CFD
20241119_Box_2_CFD_Day_4_(Context_A)_9016,-1,944,966,31.47,32.2,0.77,A,9016,4,CFD
20241119_Box_2_CFD_Day_4_(Context_A)_9016,9,967,1015,32.23,33.83,1.63,A,9016,4,CFD
20241119_Box_2_CFD_Day_4_(Context_A)_9016,-1,1016,1051,33.87,35.03,1.2,A,9016,4,CFD
20241119_Box_2_CFD_Day_4_(Context_A)_9016,2,1052,1079,35.07,35.97,0.93,A,9016,4,CFD
20241119_Box_2_CFD_Day_4_(Context_A)_9016,9,1080,1226,36.0,40.87,4.9,A,9016,4,CFD
20241119_Box_2_CFD_Day_4_(Context_A)_9016,-1,1227,1251,40.9,41.7,0.83,A,9016,4,CFD
20241119_Box_2_CFD_Day_4_(Context_A)_9016,9,1252,1396,41.73,46.53,4.83,A,9016,4,CFD
20241119_Box_2_CFD_Day_4_(Context_A)_9016,-1,1397,1455,46.57,48.5,1.97,A,9016,4,CFD
20241119_Box_2_CFD_Day_4_(Context_A)_9016,9,1456,1657,48.53,55.23,6.73,A,9016,4,CFD
20241119_Box_2_CFD_Day_4_(Context_A)_9016,-1,1659,1842,55.3,61.4,6.13,A,9016,4,CFD
20241119_Box_2_CFD_Day_4_(Context_A)_9016,9,1843,1974,61.43,65.8,4.4,A,9016,4,CFD
20241119_Box_2_CFD_Day_4_(Context_A)_9016,-1,1975,2046,65.83,68.2,2.4,A,9016,4,CFD
20241119_Box_2_CFD_Day_4_(Context_A)_9016,9,2047,2313,68.23,77.1,8.9,A,9016,4,CFD
20241119_Box_2_CFD_Day_4_(Context_A)_9016,-1,2314,2371,77.13,79.03,1.93,A,9016,4,CFD
20241119_Box_2_CFD_Day_4_(Context_A)_9016,9,2372,2549,79.07,84.97,5.93,A,9016,4,CFD
20241119_Box_2_CFD_Day_4_(Context_A)_9016,2,2550,2573,85.0,85.77,0.8,A,9016,4,CFD
20241119_Box_2_CFD_Day_4_(Context_A)_9016,9,2574,2670,85.8,89.0,3.23,A,9016,4,CFD
20241119_Box_2_CFD_Day_4_(Context_A)_9016,-1,2671,2704,89.03,90.13,1.13,A,9016,4,CFD
20241119_Box_2_CFD_Day_4_(Context_A)_9016,9,2705,2829,90.17,94.3,4.17,A,9016,4,CFD
20241119_Box_2_CFD_Day_4_(Context_A)_9016,-1,2830,2925,94.33,97.5,3.2,A,9016,4,CFD
20241119_Box_2_CFD_Day_4_(Context_A)_9016,9,2926,3130,97.53,104.33,6.83,A,9016,4,CFD
20241119_Box_2_CFD_Day_4_(Context_A)_9016,-1,3131,3408,104.37,113.6,9.27,A,9016,4,CFD
20241119_Box_2_CFD_Day_4_(Context_A)_9016,9,3409,3554,113.63,118.47,4.87,A,9016,4,CFD
20241119_Box_2_CFD_Day_4_(Context_A)_9016,-1,3555,3564,118.5,118.8,0.33,A,9016,4,CFD
20241119_Box_2_CFD_Day_4_(Context_A)_9016,9,3565,3755,118.83,125.17,6.37,A,9016,4,CFD
20241119_Box_2_CFD_Day_4_(Context_A)_9016,-1,3756,3765,125.2,125.5,0.33,A,9016,4,CFD
20241119_Box_2_CFD_Day_4_(Context_A)_9016,9,3766,5314,125.53,177.13,51.63,A,9016,4,CFD
20241119_Box_2_CFD_Day_4_(Context_A)_9016,0,5315,5341,177.17,178.03,0.9,A,9016,4,CFD
20241119_Box_2_CFD_Day_4_(Context_A)_9016,9,5342,6254,178.07,208.47,30.43,A,9016,4,CFD
20241119_Box_2_CFD_Day_4_(Context_A)_9016,-1,6255,6291,208.5,209.7,1.23,A,9016,4,CFD
20241119_Box_2_CFD_Day_4_(Context_A)_9016,9,6292,6300,209.73,210.0,0.3,A,9016,4,CFD
20241119_Box_2_CFD_Day_4_(Context_B)_9002,9,0,215,0.0,7.17,7.2,B,9002,4,CFD
20241119_Box_2_CFD_Day_4_(Context_B)_9002,-1,216,225,7.2,7.5,0.33,B,9002,4,CFD
20241119_Box_2_CFD_Day_4_(Context_B)_9002,9,226,706,7.53,23.53,16.03,B,9002,4,CFD
20241119_Box_2_CFD_Day_4_(Context_B)_9002,-1,707,768,23.57,25.6,2.07,B,9002,4,CFD
20241119_Box_2_CFD_Day_4_(Context_B)_9002,9,769,1036,25.63,34.53,8.93,B,9002,4,CFD
20241119_Box_2_CFD_Day_4_(Context_B)_9002,-1,1037,1045,34.57,34.83,0.3,B,9002,4,CFD
20241119_Box_2_CFD_Day_4_(Context_B)_9002,9,1046,1098,34.87,36.6,1.77,B,9002,4,CFD
20241119_Box_2_CFD_Day_4_(Context_B)_9002,-1,1099,1115,36.63,37.17,0.57,B,9002,4,CFD
20241119_Box_2_CFD_Day_4_(Context_B)_9002,9,1116,1516,37.2,50.53,13.37,B,9002,4,CFD
20241119_Box_2_CFD_Day_4_(Context_B)_9002,-1,1517,1621,50.57,54.03,3.5,B,9002,4,CFD
20241119_Box_2_CFD_Day_4_(Context_B)_9002,9,1622,1806,54.07,60.2,6.17,B,9002,4,CFD
20241119_Box_2_CFD_Day_4_(Context_B)_9002,-1,1807,1814,60.23,60.47,0.27,B,9002,4,CFD
20241119_Box_2_CFD_Day_4_(Context_B)_9002,9,1815,1831,60.5,61.03,0.57,B,9002,4,CFD
20241119_Box_2_CFD_Day_4_(Context_B)_9002,-1,1832,1859,61.07,61.97,0.93,B,9002,4,CFD
20241119_Box_2_CFD_Day_4_(Context_B)_9002,9,1860,2056,62.0,68.53,6.57,B,9002,4,CFD
20241119_Box_2_CFD_Day_4_(Context_B)_9002,-1,2057,2764,68.57,92.13,23.6,B,9002,4,CFD
20241119_Box_2_CFD_Day_4_(Context_B)_9002,9,2765,2904,92.17,96.8,4.67,B,9002,4,CFD
20241119_Box_2_CFD_Day_4_(Context_B)_9002,-1,2905,3260,96.83,108.67,11.87,B,9002,4,CFD
20241119_Box_2_CFD_Day_4_(Context_B)_9002,9,3261,3459,108.7,115.3,6.63,B,9002,4,CFD
20241119_Box_2_CFD_Day_4_(Context_B)_9002,-1,3460,5030,115.33,167.67,52.37,B,9002,4,CFD
20241119_Box_2_CFD_Day_4_(Context_B)_9002,9,5035,5390,167.83,179.67,11.87,B,9002,4,CFD
20241119_Box_2_CFD_Day_4_(Context_B)_9004,9,0,1153,0.0,38.43,38.47,B,9004,4,CFD
20241119_Box_2_CFD_Day_4_(Context_B)_9004,-1,1154,1171,38.47,39.03,0.6,B,9004,4,CFD
20241119_Box_2_CFD_Day_4_(Context_B)_9004,9,1172,1203,39.07,40.1,1.07,B,9004,4,CFD
20241119_Box_2_CFD_Day_4_(Context_B)_9004,-1,1204,1210,40.13,40.33,0.23,B,9004,4,CFD
20241119_Box_2_CFD_Day_4_(Context_B)_9004,9,1211,2366,40.37,78.87,38.53,B,9004,4,CFD
20241119_Box_2_CFD_Day_4_(Context_B)_9004,-1,2367,2424,78.9,80.8,1.93,B,9004,4,CFD
20241119_Box_2_CFD_Day_4_(Context_B)_9004,9,2425,2464,80.83,82.13,1.33,B,9004,4,CFD
20241119_Box_2_CFD_Day_4_(Context_B)_9004,-1,2465,2488,82.17,82.93,0.8,B,9004,4,CFD
20241119_Box_2_CFD_Day_4_(Context_B)_9004,9,2489,3270,82.97,109.0,26.07,B,9004,4,CFD
20241119_Box_2_CFD_Day_4_(Context_B)_9004,-1,3271,3279,109.03,109.3,0.3,B,9004,4,CFD
20241119_Box_2_CFD_Day_4_(Context_B)_9004,9,3280,3522,109.33,117.4,8.1,B,9004,4,CFD
20241119_Box_2_CFD_Day_4_(Context_B)_9004,9,3527,5390,117.57,179.67,62.13,B,9004,4,CFD
20241119_Box_2_CFD_Day_4_(Context_B)_9006,9,0,709,0.0,23.63,23.67,B,9006,4,CFD
20241119_Box_2_CFD_Day_4_(Context_B)_9006,-1,710,771,23.67,25.7,2.07,B,9006,4,CFD
20241119_Box_2_CFD_Day_4_(Context_B)_9006,9,772,912,25.73,30.4,4.7,B,9006,4,CFD
20241119_Box_2_CFD_Day_4_(Context_B)_9006,-1,913,920,30.43,30.67,0.27,B,9006,4,CFD
20241119_Box_2_CFD_Day_4_(Context_B)_9006,9,921,1207,30.7,40.23,9.57,B,9006,4,CFD
20241119_Box_2_CFD_Day_4_(Context_B)_9006,-1,1208,1223,40.27,40.77,0.53,B,9006,4,CFD
20241119_Box_2_CFD_Day_4_(Context_B)_9006,9,1224,1236,40.8,41.2,0.43,B,9006,4,CFD
20241119_Box_2_CFD_Day_4_(Context_B)_9006,-1,1237,1423,41.23,47.43,6.23,B,9006,4,CFD
20241119_Box_2_CFD_Day_4_(Context_B)_9006,9,1424,1568,47.47,52.27,4.83,B,9006,4,CFD
20241119_Box_2_CFD_Day_4_(Context_B)_9006,-1,1569,1798,52.3,59.93,7.67,B,9006,4,CFD
20241119_Box_2_CFD_Day_4_(Context_B)_9006,9,1799,1887,59.97,62.9,2.97,B,9006,4,CFD
20241119_Box_2_CFD_Day_4_(Context_B)_9006,-1,1888,2109,62.93,70.3,7.4,B,9006,4,CFD
20241119_Box_2_CFD_Day_4_(Context_B)_9006,9,2110,2245,70.33,74.83,4.53,B,9006,4,CFD
20241119_Box_2_CFD_Day_4_(Context_B)_9006,-1,2246,2260,74.87,75.33,0.5,B,9006,4,CFD
20241119_Box_2_CFD_Day_4_(Context_B)_9006,9,2261,2610,75.37,87.0,11.67,B,9006,4,CFD
20241119_Box_2_CFD_Day_4_(Context_B)_9006,-1,2611,5390,87.03,179.67,92.67,B,9006,4,CFD
20241119_Box_2_CFD_Day_4_(Context_B)_9008,9,0,4463,0.0,148.77,148.8,B,9008,4,CFD
20241119_Box_2_CFD_Day_4_(Context_B)_9008,-1,4464,4736,148.8,157.87,9.1,B,9008,4,CFD
20241119_Box_2_CFD_Day_4_(Context_B)_9008,9,4737,4746,157.9,158.2,0.33,B,9008,4,CFD
20241119_Box_2_CFD_Day_4_(Context_B)_9008,-1,4747,4851,158.23,161.7,3.5,B,9008,4,CFD
20241119_Box_2_CFD_Day_4_(Context_B)_9008,9,4852,4940,161.73,164.67,2.97,B,9008,4,CFD
20241119_Box_2_CFD_Day_4_(Context_B)_9008,-1,4941,4948,164.7,164.93,0.27,B,9008,4,CFD
20241119_Box_2_CFD_Day_4_(Context_B)_9008,9,4949,5390,164.97,179.67,14.73,B,9008,4,CFD
20241119_Box_2_CFD_Day_4_(Context_B)_9010,9,0,60,0.0,2.0,2.03,B,9010,4,CFD
20241119_Box_2_CFD_Day_4_(Context_B)_9010,-1,61,88,2.03,2.93,0.93,B,9010,4,CFD
20241119_Box_2_CFD_Day_4_(Context_B)_9010,9,89,1046,2.97,34.87,31.93,B,9010,4,CFD
20241119_Box_2_CFD_Day_4_(Context_B)_9010,-1,1047,1110,34.9,37.0,2.13,B,9010,4,CFD
20241119_Box_2_CFD_Day_4_(Context_B)_9010,9,1111,1181,37.03,39.37,2.37,B,9010,4,CFD
20241119_Box_2_CFD_Day_4_(Context_B)_9010,-1,1182,1286,39.4,42.87,3.5,B,9010,4,CFD
20241119_Box_2_CFD_Day_4_(Context_B)_9010,9,1287,1442,42.9,48.07,5.2,B,9010,4,CFD
20241119_Box_2_CFD_Day_4_(Context_B)_9010,-1,1443,1462,48.1,48.73,0.67,B,9010,4,CFD
20241119_Box_2_CFD_Day_4_(Context_B)_9010,9,1463,1768,48.77,58.93,10.2,B,9010,4,CFD
20241119_Box_2_CFD_Day_4_(Context_B)_9010,-1,1769,1984,58.97,66.13,7.2,B,9010,4,CFD
20241119_Box_2_CFD_Day_4_(Context_B)_9010,9,1985,2133,66.17,71.1,4.97,B,9010,4,CFD
20241119_Box_2_CFD_Day_4_(Context_B)_9010,-1,2134,2420,71.13,80.67,9.57,B,9010,4,CFD
20241119_Box_2_CFD_Day_4_(Context_B)_9010,9,2421,2517,80.7,83.9,3.23,B,9010,4,CFD
20241119_Box_2_CFD_Day_4_(Context_B)_9010,-1,2518,2562,83.93,85.4,1.5,B,9010,4,CFD
20241119_Box_2_CFD_Day_4_(Context_B)_9010,9,2563,2733,85.43,91.1,5.7,B,9010,4,CFD
20241119_Box_2_CFD_Day_4_(Context_B)_9010,-1,2734,2969,91.13,98.97,7.87,B,9010,4,CFD
20241119_Box_2_CFD_Day_4_(Context_B)_9010,9,2970,3028,99.0,100.93,1.97,B,9010,4,CFD
20241119_Box_2_CFD_Day_4_(Context_B)_9010,-1,3029,3043,100.97,101.43,0.5,B,9010,4,CFD
20241119_Box_2_CFD_Day_4_(Context_B)_9010,9,3044,3077,101.47,102.57,1.13,B,9010,4,CFD
20241119_Box_2_CFD_Day_4_(Context_B)_9010,-1,3078,3085,102.6,102.83,0.27,B,9010,4,CFD
20241119_Box_2_CFD_Day_4_(Context_B)_9010,9,3086,3118,102.87,103.93,1.1,B,9010,4,CFD
20241119_Box_2_CFD_Day_4_(Context_B)_9010,-1,3119,3179,103.97,105.97,2.03,B,9010,4,CFD
20241119_Box_2_CFD_Day_4_(Context_B)_9010,9,3180,3531,106.0,117.7,11.73,B,9010,4,CFD
20241119_Box_2_CFD_Day_4_(Context_B)_9010,-1,3532,3562,117.73,118.73,1.03,B,9010,4,CFD
20241119_Box_2_CFD_Day_4_(Context_B)_9010,-1,3568,4060,118.93,135.33,16.43,B,9010,4,CFD
20241119_Box_2_CFD_Day_4_(Context_B)_9010,9,4061,4093,135.37,136.43,1.1,B,9010,4,CFD
20241119_Box_2_CFD_Day_4_(Context_B)_9010,-1,4094,4487,136.47,149.57,13.13,B,9010,4,CFD
20241119_Box_2_CFD_Day_4_(Context_B)_9010,9,4488,4575,149.6,152.5,2.93,B,9010,4,CFD
20241119_Box_2_CFD_Day_4_(Context_B)_9010,-1,4576,4618,152.53,153.93,1.43,B,9010,4,CFD
20241119_Box_2_CFD_Day_4_(Context_B)_9010,9,4619,4763,153.97,158.77,4.83,B,9010,4,CFD
20241119_Box_2_CFD_Day_4_(Context_B)_9010,-1,4764,4986,158.8,166.2,7.43,B,9010,4,CFD
20241119_Box_2_CFD_Day_4_(Context_B)_9010,9,4987,5011,166.23,167.03,0.83,B,9010,4,CFD
20241119_Box_2_CFD_Day_4_(Context_B)_9010,-1,5012,5390,167.07,179.67,12.63,B,9010,4,CFD
20241119_Box_2_CFD_Day_4_(Context_B)_9012,9,0,1320,0.0,44.0,44.03,B,9012,4,CFD
20241119_Box_2_CFD_Day_4_(Context_B)_9012,-1,1321,1331,44.03,44.37,0.37,B,9012,4,CFD
20241119_Box_2_CFD_Day_4_(Context_B)_9012,9,1332,2380,44.4,79.33,34.97,B,9012,4,CFD
20241119_Box_2_CFD_Day_4_(Context_B)_9012,-1,2381,2395,79.37,79.83,0.5,B,9012,4,CFD
20241119_Box_2_CFD_Day_4_(Context_B)_9012,9,2396,2432,79.87,81.07,1.23,B,9012,4,CFD
20241119_Box_2_CFD_Day_4_(Context_B)_9012,-1,2433,2454,81.1,81.8,0.73,B,9012,4,CFD
20241119_Box_2_CFD_Day_4_(Context_B)_9012,9,2455,2814,81.83,93.8,12.0,B,9012,4,CFD
20241119_Box_2_CFD_Day_4_(Context_B)_9012,-1,2815,2835,93.83,94.5,0.7,B,9012,4,CFD
20241119_Box_2_CFD_Day_4_(Context_B)_9012,9,2836,3001,94.53,100.03,5.53,B,9012,4,CFD
20241119_Box_2_CFD_Day_4_(Context_B)_9012,-1,3002,3044,100.07,101.47,1.43,B,9012,4,CFD
20241119_Box_2_CFD_Day_4_(Context_B)_9012,9,3045,3226,101.5,107.53,6.07,B,9012,4,CFD
20241119_Box_2_CFD_Day_4_(Context_B)_9012,-1,3227,3250,107.57,108.33,0.8,B,9012,4,CFD
20241119_Box_2_CFD_Day_4_(Context_B)_9012,9,3251,3317,108.37,110.57,2.23,B,9012,4,CFD
20241119_Box_2_CFD_Day_4_(Context_B)_9012,-1,3318,3420,110.6,114.0,3.43,B,9012,4,CFD
20241119_Box_2_CFD_Day_4_(Context_B)_9012,9,3421,3455,114.03,115.17,1.17,B,9012,4,CFD
20241119_Box_2_CFD_Day_4_(Context_B)_9012,-1,3456,3565,115.2,118.83,3.67,B,9012,4,CFD
20241119_Box_2_CFD_Day_4_(Context_B)_9012,9,3566,3689,118.87,122.97,4.13,B,9012,4,CFD
20241119_Box_2_CFD_Day_4_(Context_B)_9012,-1,3690,3979,123.0,132.63,9.67,B,9012,4,CFD
20241119_Box_2_CFD_Day_4_(Context_B)_9012,9,3980,4015,132.67,133.83,1.2,B,9012,4,CFD
20241119_Box_2_CFD_Day_4_(Context_B)_9012,-1,4016,4289,133.87,142.97,9.13,B,9012,4,CFD
20241119_Box_2_CFD_Day_4_(Context_B)_9012,9,4290,4351,143.0,145.03,2.07,B,9012,4,CFD
20241119_Box_2_CFD_Day_4_(Context_B)_9012,-1,4352,4739,145.07,157.97,12.93,B,9012,4,CFD
20241119_Box_2_CFD_Day_4_(Context_B)_9012,9,4740,4752,158.0,158.4,0.43,B,9012,4,CFD
20241119_Box_2_CFD_Day_4_(Context_B)_9012,-1,4753,5012,158.43,167.07,8.67,B,9012,4,CFD
20241119_Box_2_CFD_Day_4_(Context_B)_9012,9,5013,5391,167.1,179.7,12.63,B,9012,4,CFD
20241119_Box_2_CFD_Day_4_(Context_B)_9014,9,0,3216,0.0,107.2,107.23,B,9014,4,CFD
20241119_Box_2_CFD_Day_4_(Context_B)_9014,-1,3217,3256,107.23,108.53,1.33,B,9014,4,CFD
20241119_Box_2_CFD_Day_4_(Context_B)_9014,9,3257,4646,108.57,154.87,46.33,B,9014,4,CFD
20241119_Box_2_CFD_Day_4_(Context_B)_9014,9,4649,4654,154.97,155.13,0.2,B,9014,4,CFD
20241119_Box_2_CFD_Day_4_(Context_B)_9014,-1,4655,4669,155.17,155.63,0.5,B,9014,4,CFD
20241119_Box_2_CFD_Day_4_(Context_B)_9014,9,4670,5390,155.67,179.67,24.03,B,9014,4,CFD
20241119_Box_2_CFD_Day_4_(Context_B)_9016,9,2,1049,0.07,34.97,34.93,B,9016,4,CFD
20241119_Box_2_CFD_Day_4_(Context_B)_9016,-1,1050,1069,35.0,35.63,0.67,B,9016,4,CFD
20241119_Box_2_CFD_Day_4_(Context_B)_9016,9,1070,1771,35.67,59.03,23.4,B,9016,4,CFD
20241119_Box_2_CFD_Day_4_(Context_B)_9016,3,1772,1807,59.07,60.23,1.2,B,9016,4,CFD
20241119_Box_2_CFD_Day_4_(Context_B)_9016,9,1808,2693,60.27,89.77,29.53,B,9016,4,CFD
20241119_Box_2_CFD_Day_4_(Context_B)_9016,-1,2694,2699,89.8,89.97,0.2,B,9016,4,CFD
20241119_Box_2_CFD_Day_4_(Context_B)_9016,9,2700,2902,90.0,96.73,6.77,B,9016,4,CFD
20241119_Box_2_CFD_Day_4_(Context_B)_9016,5,2903,2913,96.77,97.1,0.37,B,9016,4,CFD
20241119_Box_2_CFD_Day_4_(Context_B)_9016,9,2914,2994,97.13,99.8,2.7,B,9016,4,CFD
20241119_Box_2_CFD_Day_4_(Context_B)_9016,-1,2995,3077,99.83,102.57,2.77,B,9016,4,CFD
20241119_Box_2_CFD_Day_4_(Context_B)_9016,9,3078,3211,102.6,107.03,4.47,B,9016,4,CFD
20241119_Box_2_CFD_Day_4_(Context_B)_9016,-1,3212,3422,107.07,114.07,7.03,B,9016,4,CFD
20241119_Box_2_CFD_Day_4_(Context_B)_9016,9,3423,3484,114.1,116.13,2.07,B,9016,4,CFD
20241119_Box_2_CFD_Day_4_(Context_B)_9016,-1,3485,3539,116.17,117.97,1.83,B,9016,4,CFD
20241119_Box_2_CFD_Day_4_(Context_B)_9016,9,3540,3873,118.0,129.1,11.13,B,9016,4,CFD
20241119_Box_2_CFD_Day_4_(Context_B)_9016,-1,3874,3900,129.13,130.0,0.9,B,9016,4,CFD
20241119_Box_2_CFD_Day_4_(Context_B)_9016,9,3901,3945,130.03,131.5,1.5,B,9016,4,CFD
20241119_Box_2_CFD_Day_4_(Context_B)_9016,-1,3946,4136,131.53,137.87,6.37,B,9016,4,CFD
20241119_Box_2_CFD_Day_4_(Context_B)_9016,9,4137,4210,137.9,140.33,2.47,B,9016,4,CFD
20241119_Box_2_CFD_Day_4_(Context_B)_9016,-1,4211,4298,140.37,143.27,2.93,B,9016,4,CFD
20241119_Box_2_CFD_Day_4_(Context_B)_9016,9,4299,4350,143.3,145.0,1.73,B,9016,4,CFD
20241119_Box_2_CFD_Day_4_(Context_B)_9016,-1,4351,4423,145.03,147.43,2.43,B,9016,4,CFD
20241119_Box_2_CFD_Day_4_(Context_B)_9016,9,4424,4469,147.47,148.97,1.53,B,9016,4,CFD
20241119_Box_2_CFD_Day_4_(Context_B)_9016,-1,4470,4550,149.0,151.67,2.7,B,9016,4,CFD
20241119_Box_2_CFD_Day_4_(Context_B)_9016,9,4551,4625,151.7,154.17,2.5,B,9016,4,CFD
20241119_Box_2_CFD_Day_4_(Context_B)_9016,-1,4626,4644,154.2,154.8,0.63,B,9016,4,CFD
20241119_Box_2_CFD_Day_4_(Context_B)_9016,9,4645,4826,154.83,160.87,6.07,B,9016,4,CFD
20241119_Box_2_CFD_Day_4_(Context_B)_9016,-1,4827,4899,160.9,163.3,2.43,B,9016,4,CFD
20241119_Box_2_CFD_Day_4_(Context_B)_9016,9,4900,5021,163.33,167.37,4.07,B,9016,4,CFD
20241119_Box_2_CFD_Day_4_(Context_B)_9016,-1,5022,5071,167.4,169.03,1.67,B,9016,4,CFD
20241119_Box_2_CFD_Day_4_(Context_B)_9016,9,5072,5102,169.07,170.07,1.03,B,9016,4,CFD
20241119_Box_2_CFD_Day_4_(Context_B)_9016,-1,5103,5116,170.1,170.53,0.47,B,9016,4,CFD
20241119_Box_2_CFD_Day_4_(Context_B)_9016,9,5117,5390,170.57,179.67,9.13,B,9016,4,CFD
20241120_Box_1_CFD_Day_5_(Context_A)_9001,9,0,6300,0.0,210.0,210.03,A,9001,5,CFD
20241120_Box_1_CFD_Day_5_(Context_A)_9003,9,0,4798,0.0,159.93,159.97,A,9003,5,CFD
20241120_Box_1_CFD_Day_5_(Context_A)_9003,-1,4799,4853,159.97,161.77,1.83,A,9003,5,CFD
20241120_Box_1_CFD_Day_5_(Context_A)_9003,9,4854,6302,161.8,210.07,48.3,A,9003,5,CFD
20241120_Box_1_CFD_Day_5_(Context_A)_9005,9,0,2065,0.0,68.83,68.87,A,9005,5,CFD
20241120_Box_1_CFD_Day_5_(Context_A)_9005,7,2066,2091,68.87,69.7,0.87,A,9005,5,CFD
20241120_Box_1_CFD_Day_5_(Context_A)_9005,9,2092,2143,69.73,71.43,1.73,A,9005,5,CFD
20241120_Box_1_CFD_Day_5_(Context_A)_9005,-1,2144,2153,71.47,71.77,0.33,A,9005,5,CFD
20241120_Box_1_CFD_Day_5_(Context_A)_9005,9,2154,3373,71.8,112.43,40.67,A,9005,5,CFD
20241120_Box_1_CFD_Day_5_(Context_A)_9005,9,3379,6301,112.63,210.03,97.43,A,9005,5,CFD
20241120_Box_1_CFD_Day_5_(Context_A)_9007,9,0,1662,0.0,55.4,55.43,A,9007,5,CFD
20241120_Box_1_CFD_Day_5_(Context_A)_9007,-1,1663,1680,55.43,56.0,0.6,A,9007,5,CFD
20241120_Box_1_CFD_Day_5_(Context_A)_9007,9,1681,2143,56.03,71.43,15.43,A,9007,5,CFD
20241120_Box_1_CFD_Day_5_(Context_A)_9007,-1,2144,2156,71.47,71.87,0.43,A,9007,5,CFD
20241120_Box_1_CFD_Day_5_(Context_A)_9007,9,2157,2194,71.9,73.13,1.27,A,9007,5,CFD
20241120_Box_1_CFD_Day_5_(Context_A)_9007,-1,2195,2261,73.17,75.37,2.23,A,9007,5,CFD
20241120_Box_1_CFD_Day_5_(Context_A)_9007,9,2262,2367,75.4,78.9,3.53,A,9007,5,CFD
20241120_Box_1_CFD_Day_5_(Context_A)_9007,-1,2368,2653,78.93,88.43,9.53,A,9007,5,CFD
20241120_Box_1_CFD_Day_5_(Context_A)_9007,9,2654,2671,88.47,89.03,0.6,A,9007,5,CFD
20241120_Box_1_CFD_Day_5_(Context_A)_9007,-1,2672,3523,89.07,117.43,28.4,A,9007,5,CFD
20241120_Box_1_CFD_Day_5_(Context_A)_9007,9,3524,6300,117.47,210.0,92.57,A,9007,5,CFD
20241120_Box_1_CFD_Day_5_(Context_A)_9009,9,0,29,0.0,0.97,1.0,A,9009,5,CFD
20241120_Box_1_CFD_Day_5_(Context_A)_9009,-1,30,1502,1.0,50.07,49.1,A,9009,5,CFD
20241120_Box_1_CFD_Day_5_(Context_A)_9009,9,1503,3118,50.1,103.93,53.87,A,9009,5,CFD
20241120_Box_1_CFD_Day_5_(Context_A)_9009,-1,3119,3165,103.97,105.5,1.57,A,9009,5,CFD
20241120_Box_1_CFD_Day_5_(Context_A)_9009,9,3166,3912,105.53,130.4,24.9,A,9009,5,CFD
20241120_Box_1_CFD_Day_5_(Context_A)_9009,-1,3913,3927,130.43,130.9,0.5,A,9009,5,CFD
20241120_Box_1_CFD_Day_5_(Context_A)_9009,9,3928,4178,130.93,139.27,8.37,A,9009,5,CFD
20241120_Box_1_CFD_Day_5_(Context_A)_9009,-1,4179,4353,139.3,145.1,5.83,A,9009,5,CFD
20241120_Box_1_CFD_Day_5_(Context_A)_9009,9,4354,5223,145.13,174.1,29.0,A,9009,5,CFD
20241120_Box_1_CFD_Day_5_(Context_A)_9009,-1,5224,5233,174.13,174.43,0.33,A,9009,5,CFD
20241120_Box_1_CFD_Day_5_(Context_A)_9009,9,5234,5328,174.47,177.6,3.17,A,9009,5,CFD
20241120_Box_1_CFD_Day_5_(Context_A)_9009,-1,5329,5385,177.63,179.5,1.9,A,9009,5,CFD
20241120_Box_1_CFD_Day_5_(Context_A)_9009,9,5386,6301,179.53,210.03,30.53,A,9009,5,CFD
20241120_Box_1_CFD_Day_5_(Context_A)_9013,9,0,94,0.0,3.13,3.17,A,9013,5,CFD
20241120_Box_1_CFD_Day_5_(Context_A)_9013,2,95,193,3.17,6.43,3.3,A,9013,5,CFD
20241120_Box_1_CFD_Day_5_(Context_A)_9013,9,194,725,6.47,24.17,17.73,A,9013,5,CFD
20241120_Box_1_CFD_Day_5_(Context_A)_9013,-1,726,790,24.2,26.33,2.17,A,9013,5,CFD
20241120_Box_1_CFD_Day_5_(Context_A)_9013,9,791,923,26.37,30.77,4.43,A,9013,5,CFD
20241120_Box_1_CFD_Day_5_(Context_A)_9013,9,926,958,30.87,31.93,1.1,A,9013,5,CFD
20241120_Box_1_CFD_Day_5_(Context_A)_9013,-1,959,1074,31.97,35.8,3.87,A,9013,5,CFD
20241120_Box_1_CFD_Day_5_(Context_A)_9013,9,1075,1164,35.83,38.8,3.0,A,9013,5,CFD
20241120_Box_1_CFD_Day_5_(Context_A)_9013,-1,1165,1273,38.83,42.43,3.63,A,9013,5,CFD
20241120_Box_1_CFD_Day_5_(Context_A)_9013,9,1274,1389,42.47,46.3,3.87,A,9013,5,CFD
20241120_Box_1_CFD_Day_5_(Context_A)_9013,-1,1390,1464,46.33,48.8,2.5,A,9013,5,CFD
20241120_Box_1_CFD_Day_5_(Context_A)_9013,9,1465,1605,48.83,53.5,4.7,A,9013,5,CFD
20241120_Box_1_CFD_Day_5_(Context_A)_9013,-1,1606,1627,53.53,54.23,0.73,A,9013,5,CFD
20241120_Box_1_CFD_Day_5_(Context_A)_9013,9,1628,1666,54.27,55.53,1.3,A,9013,5,CFD
20241120_Box_1_CFD_Day_5_(Context_A)_9013,3,1667,1681,55.57,56.03,0.5,A,9013,5,CFD
20241120_Box_1_CFD_Day_5_(Context_A)_9013,9,1682,1942,56.07,64.73,8.7,A,9013,5,CFD
20241120_Box_1_CFD_Day_5_(Context_A)_9013,-1,1943,1979,64.77,65.97,1.23,A,9013,5,CFD
20241120_Box_1_CFD_Day_5_(Context_A)_9013,9,1980,2354,66.0,78.47,12.5,A,9013,5,CFD
20241120_Box_1_CFD_Day_5_(Context_A)_9013,3,2355,2528,78.5,84.27,5.8,A,9013,5,CFD
20241120_Box_1_CFD_Day_5_(Context_A)_9013,9,2529,2704,84.3,90.13,5.87,A,9013,5,CFD
20241120_Box_1_CFD_Day_5_(Context_A)_9013,3,2705,2820,90.17,94.0,3.87,A,9013,5,CFD
20241120_Box_1_CFD_Day_5_(Context_A)_9013,9,2821,3127,94.03,104.23,10.23,A,9013,5,CFD
20241120_Box_1_CFD_Day_5_(Context_A)_9013,-1,3128,3141,104.27,104.7,0.47,A,9013,5,CFD
20241120_Box_1_CFD_Day_5_(Context_A)_9013,9,3142,3161,104.73,105.37,0.67,A,9013,5,CFD
20241120_Box_1_CFD_Day_5_(Context_A)_9013,-1,3162,3528,105.4,117.6,12.23,A,9013,5,CFD
20241120_Box_1_CFD_Day_5_(Context_A)_9013,9,3529,3710,117.63,123.67,6.07,A,9013,5,CFD
20241120_Box_1_CFD_Day_5_(Context_A)_9013,-1,3711,4097,123.7,136.57,12.9,A,9013,5,CFD
20241120_Box_1_CFD_Day_5_(Context_A)_9013,9,4098,4714,136.6,157.13,20.57,A,9013,5,CFD
20241120_Box_1_CFD_Day_5_(Context_A)_9013,-1,4715,4800,157.17,160.0,2.87,A,9013,5,CFD
20241120_Box_1_CFD_Day_5_(Context_A)_9013,9,4801,5131,160.03,171.03,11.03,A,9013,5,CFD
20241120_Box_1_CFD_Day_5_(Context_A)_9013,-1,5132,5166,171.07,172.2,1.17,A,9013,5,CFD
20241120_Box_1_CFD_Day_5_(Context_A)_9013,9,5167,5210,172.23,173.67,1.47,A,9013,5,CFD
20241120_Box_1_CFD_Day_5_(Context_A)_9013,-1,5211,5278,173.7,175.93,2.27,A,9013,5,CFD
20241120_Box_1_CFD_Day_5_(Context_A)_9013,9,5279,5491,175.97,183.03,7.1,A,9013,5,CFD
20241120_Box_1_CFD_Day_5_(Context_A)_9013,-1,5492,5515,183.07,183.83,0.8,A,9013,5,CFD
20241120_Box_1_CFD_Day_5_(Context_A)_9013,9,5516,5869,183.87,195.63,11.8,A,9013,5,CFD
20241120_Box_1_CFD_Day_5_(Context_A)_9013,-1,5870,5877,195.67,195.9,0.27,A,9013,5,CFD
20241120_Box_1_CFD_Day_5_(Context_A)_9013,9,5878,6301,195.93,210.03,14.13,A,9013,5,CFD
20241120_Box_1_CFD_Day_5_(Context_A)_9015,9,0,4250,0.0,141.67,141.7,A,9015,5,CFD
20241120_Box_1_CFD_Day_5_(Context_A)_9015,-1,4251,4257,141.7,141.9,0.23,A,9015,5,CFD
20241120_Box_1_CFD_Day_5_(Context_A)_9015,9,4258,5732,141.93,191.07,49.17,A,9015,5,CFD
20241120_Box_1_CFD_Day_5_(Context_A)_9015,9,5736,6301,191.2,210.03,18.87,A,9015,5,CFD
20241120_Box_1_CFD_Day_5_(Context_B)_9001,9,0,3133,0.0,104.43,104.47,B,9001,5,CFD
20241120_Box_1_CFD_Day_5_(Context_B)_9001,-1,3134,3620,104.47,120.67,16.23,B,9001,5,CFD
20241120_Box_1_CFD_Day_5_(Context_B)_9001,9,3621,3744,120.7,124.8,4.13,B,9001,5,CFD
20241120_Box_1_CFD_Day_5_(Context_B)_9001,-1,3745,3755,124.83,125.17,0.37,B,9001,5,CFD
20241120_Box_1_CFD_Day_5_(Context_B)_9001,9,3756,3801,125.2,126.7,1.53,B,9001,5,CFD
20241120_Box_1_CFD_Day_5_(Context_B)_9001,-1,3802,4009,126.73,133.63,6.93,B,9001,5,CFD
20241120_Box_1_CFD_Day_5_(Context_B)_9001,9,4010,4024,133.67,134.13,0.5,B,9001,5,CFD
20241120_Box_1_CFD_Day_5_(Context_B)_9001,-1,4025,4143,134.17,138.1,3.97,B,9001,5,CFD
20241120_Box_1_CFD_Day_5_(Context_B)_9001,9,4144,4731,138.13,157.7,19.6,B,9001,5,CFD
20241120_Box_1_CFD_Day_5_(Context_B)_9001,5,4732,4744,157.73,158.13,0.43,B,9001,5,CFD
20241120_Box_1_CFD_Day_5_(Context_B)_9001,9,4745,5390,158.17,179.67,21.53,B,9001,5,CFD
20241120_Box_1_CFD_Day_5_(Context_B)_9003,9,0,5390,0.0,179.67,179.7,B,9003,5,CFD
20241120_Box_1_CFD_Day_5_(Context_B)_9005,9,0,1411,0.0,47.03,47.07,B,9005,5,CFD
20241120_Box_1_CFD_Day_5_(Context_B)_9005,2,1412,1469,47.07,48.97,1.93,B,9005,5,CFD
20241120_Box_1_CFD_Day_5_(Context_B)_9005,9,1470,4635,49.0,154.5,105.53,B,9005,5,CFD
20241120_Box_1_CFD_Day_5_(Context_B)_9005,2,4636,5237,154.53,174.57,20.07,B,9005,5,CFD
20241120_Box_1_CFD_Day_5_(Context_B)_9005,9,5238,5367,174.6,178.9,4.33,B,9005,5,CFD
20241120_Box_1_CFD_Day_5_(Context_B)_9005,2,5368,5390,178.93,179.67,0.77,B,9005,5,CFD
20241120_Box_1_CFD_Day_5_(Context_B)_9007,9,0,451,0.0,15.03,15.07,B,9007,5,CFD
20241120_Box_1_CFD_Day_5_(Context_B)_9007,-1,452,474,15.07,15.8,0.77,B,9007,5,CFD
20241120_Box_1_CFD_Day_5_(Context_B)_9007,9,475,952,15.83,31.73,15.93,B,9007,5,CFD
20241120_Box_1_CFD_Day_5_(Context_B)_9007,-1,953,1016,31.77,33.87,2.13,B,9007,5,CFD
20241120_Box_1_CFD_Day_5_(Context_B)_9007,9,1017,1079,33.9,35.97,2.1,B,9007,5,CFD
20241120_Box_1_CFD_Day_5_(Context_B)_9007,-1,1080,1236,36.0,41.2,5.23,B,9007,5,CFD
20241120_Box_1_CFD_Day_5_(Context_B)_9007,9,1237,1743,41.23,58.1,16.9,B,9007,5,CFD
20241120_Box_1_CFD_Day_5_(Context_B)_9007,3,1744,1772,58.13,59.07,0.97,B,9007,5,CFD
20241120_Box_1_CFD_Day_5_(Context_B)_9007,9,1773,1804,59.1,60.13,1.07,B,9007,5,CFD
20241120_Box_1_CFD_Day_5_(Context_B)_9007,3,1805,1857,60.17,61.9,1.77,B,9007,5,CFD
20241120_Box_1_CFD_Day_5_(Context_B)_9007,9,1858,1914,61.93,63.8,1.9,B,9007,5,CFD
20241120_Box_1_CFD_Day_5_(Context_B)_9007,3,1915,1927,63.83,64.23,0.43,B,9007,5,CFD
20241120_Box_1_CFD_Day_5_(Context_B)_9007,9,1928,1959,64.27,65.3,1.07,B,9007,5,CFD
20241120_Box_1_CFD_Day_5_(Context_B)_9007,3,1960,2377,65.33,79.23,13.93,B,9007,5,CFD
20241120_Box_1_CFD_Day_5_(Context_B)_9007,9,2378,2535,79.27,84.5,5.27,B,9007,5,CFD
20241120_Box_1_CFD_Day_5_(Context_B)_9007,3,2536,2773,84.53,92.43,7.93,B,9007,5,CFD
20241120_Box_1_CFD_Day_5_(Context_B)_9007,9,2774,2930,92.47,97.67,5.23,B,9007,5,CFD
20241120_Box_1_CFD_Day_5_(Context_B)_9007,3,2931,3191,97.7,106.37,8.7,B,9007,5,CFD
20241120_Box_1_CFD_Day_5_(Context_B)_9007,9,3192,3325,106.4,110.83,4.47,B,9007,5,CFD
20241120_Box_1_CFD_Day_5_(Context_B)_9007,3,3326,3335,110.87,111.17,0.33,B,9007,5,CFD
20241120_Box_1_CFD_Day_5_(Context_B)_9007,9,3336,3492,111.2,116.4,5.23,B,9007,5,CFD
20241120_Box_1_CFD_Day_5_(Context_B)_9007,3,3493,3629,116.43,120.97,4.57,B,9007,5,CFD
20241120_Box_1_CFD_Day_5_(Context_B)_9007,9,3630,3690,121.0,123.0,2.03,B,9007,5,CFD
20241120_Box_1_CFD_Day_5_(Context_B)_9007,3,3691,3977,123.03,132.57,9.57,B,9007,5,CFD
20241120_Box_1_CFD_Day_5_(Context_B)_9007,9,3978,4021,132.6,134.03,1.47,B,9007,5,CFD
20241120_Box_1_CFD_Day_5_(Context_B)_9007,-1,4022,4036,134.07,134.53,0.5,B,9007,5,CFD
20241120_Box_1_CFD_Day_5_(Context_B)_9007,9,4037,4591,134.57,153.03,18.5,B,9007,5,CFD
20241120_Box_1_CFD_Day_5_(Context_B)_9007,-1,4592,4611,153.07,153.7,0.67,B,9007,5,CFD
20241120_Box_1_CFD_Day_5_(Context_B)_9007,9,4612,5391,153.73,179.7,26.0,B,9007,5,CFD
20241120_Box_1_CFD_Day_5_(Context_B)_9009,9,0,3753,0.0,125.1,125.13,B,9009,5,CFD
20241120_Box_1_CFD_Day_5_(Context_B)_9009,-1,3754,3845,125.13,128.17,3.07,B,9009,5,CFD
20241120_Box_1_CFD_Day_5_(Context_B)_9009,9,3846,3865,128.2,128.83,0.67,B,9009,5,CFD
20241120_Box_1_CFD_Day_5_(Context_B)_9009,-1,3866,4246,128.87,141.53,12.7,B,9009,5,CFD
20241120_Box_1_CFD_Day_5_(Context_B)_9009,9,4247,4306,141.57,143.53,2.0,B,9009,5,CFD
20241120_Box_1_CFD_Day_5_(Context_B)_9009,-1,4307,5241,143.57,174.7,31.17,B,9009,5,CFD
20241120_Box_1_CFD_Day_5_(Context_B)_9009,9,5242,5256,174.73,175.2,0.5,B,9009,5,CFD
20241120_Box_1_CFD_Day_5_(Context_B)_9009,-1,5257,5280,175.23,176.0,0.8,B,9009,5,CFD
20241120_Box_1_CFD_Day_5_(Context_B)_9009,9,5281,5390,176.03,179.67,3.67,B,9009,5,CFD
20241120_Box_1_CFD_Day_5_(Context_B)_9011,9,0,837,0.0,27.9,27.93,B,9011,5,CFD
20241120_Box_1_CFD_Day_5_(Context_B)_9011,-1,838,851,27.93,28.37,0.47,B,9011,5,CFD
20241120_Box_1_CFD_Day_5_(Context_B)_9011,9,852,4135,28.4,137.83,109.47,B,9011,5,CFD
20241120_Box_1_CFD_Day_5_(Context_B)_9011,-1,4136,4301,137.87,143.37,5.53,B,9011,5,CFD
20241120_Box_1_CFD_Day_5_(Context_B)_9011,9,4302,4439,143.4,147.97,4.6,B,9011,5,CFD
20241120_Box_1_CFD_Day_5_(Context_B)_9011,-1,4440,4654,148.0,155.13,7.17,B,9011,5,CFD
20241120_Box_1_CFD_Day_5_(Context_B)_9011,9,4655,4890,155.17,163.0,7.87,B,9011,5,CFD
20241120_Box_1_CFD_Day_5_(Context_B)_9011,-1,4891,4925,163.03,164.17,1.17,B,9011,5,CFD
20241120_Box_1_CFD_Day_5_(Context_B)_9011,9,4926,4958,164.2,165.27,1.1,B,9011,5,CFD
20241120_Box_1_CFD_Day_5_(Context_B)_9011,-1,4959,5096,165.3,169.87,4.6,B,9011,5,CFD
20241120_Box_1_CFD_Day_5_(Context_B)_9011,9,5097,5391,169.9,179.7,9.83,B,9011,5,CFD
20241120_Box_1_CFD_Day_5_(Context_B)_9013,9,0,525,0.0,17.5,17.53,B,9013,5,CFD
20241120_Box_1_CFD_Day_5_(Context_B)_9013,6,526,581,17.53,19.37,1.87,B,9013,5,CFD
20241120_Box_1_CFD_Day_5_(Context_B)_9013,9,582,733,19.4,24.43,5.07,B,9013,5,CFD
20241120_Box_1_CFD_Day_5_(Context_B)_9013,6,734,896,24.47,29.87,5.43,B,9013,5,CFD
20241120_Box_1_CFD_Day_5_(Context_B)_9013,9,897,955,29.9,31.83,1.97,B,9013,5,CFD
20241120_Box_1_CFD_Day_5_(Context_B)_9013,6,956,1121,31.87,37.37,5.53,B,9013,5,CFD
20241120_Box_1_CFD_Day_5_(Context_B)_9013,9,1122,1237,37.4,41.23,3.87,B,9013,5,CFD
20241120_Box_1_CFD_Day_5_(Context_B)_9013,-1,1238,1759,41.27,58.63,17.4,B,9013,5,CFD
20241120_Box_1_CFD_Day_5_(Context_B)_9013,9,1760,2027,58.67,67.57,8.93,B,9013,5,CFD
20241120_Box_1_CFD_Day_5_(Context_B)_9013,-1,2028,2398,67.6,79.93,12.37,B,9013,5,CFD
20241120_Box_1_CFD_Day_5_(Context_B)_9013,9,2399,2491,79.97,83.03,3.1,B,9013,5,CFD
20241120_Box_1_CFD_Day_5_(Context_B)_9013,-1,2492,2520,83.07,84.0,0.97,B,9013,5,CFD
20241120_Box_1_CFD_Day_5_(Context_B)_9013,9,2521,2625,84.03,87.5,3.5,B,9013,5,CFD
20241120_Box_1_CFD_Day_5_(Context_B)_9013,-1,2626,2639,87.53,87.97,0.47,B,9013,5,CFD
20241120_Box_1_CFD_Day_5_(Context_B)_9013,9,2640,3365,88.0,112.17,24.2,B,9013,5,CFD
20241120_Box_1_CFD_Day_5_(Context_B)_9013,-1,3366,3427,112.2,114.23,2.07,B,9013,5,CFD
20241120_Box_1_CFD_Day_5_(Context_B)_9013,9,3431,3726,114.37,124.2,9.87,B,9013,5,CFD
20241120_Box_1_CFD_Day_5_(Context_B)_9013,-1,3727,3959,124.23,131.97,7.77,B,9013,5,CFD
20241120_Box_1_CFD_Day_5_(Context_B)_9013,9,3960,4045,132.0,134.83,2.87,B,9013,5,CFD
20241120_Box_1_CFD_Day_5_(Context_B)_9013,5,4046,4431,134.87,147.7,12.87,B,9013,5,CFD
20241120_Box_1_CFD_Day_5_(Context_B)_9013,9,4432,5390,147.73,179.67,31.97,B,9013,5,CFD
20241120_Box_1_CFD_Day_5_(Context_B)_9015,9,0,29,0.0,0.97,1.0,B,9015,5,CFD
20241120_Box_1_CFD_Day_5_(Context_B)_9015,-1,30,54,1.0,1.8,0.83,B,9015,5,CFD
20241120_Box_1_CFD_Day_5_(Context_B)_9015,9,55,67,1.83,2.23,0.43,B,9015,5,CFD
20241120_Box_1_CFD_Day_5_(Context_B)_9015,-1,68,130,2.27,4.33,2.1,B,9015,5,CFD
20241120_Box_1_CFD_Day_5_(Context_B)_9015,2,131,197,4.37,6.57,2.23,B,9015,5,CFD
20241120_Box_1_CFD_Day_5_(Context_B)_9015,1,198,249,6.6,8.3,1.73,B,9015,5,CFD
20241120_Box_1_CFD_Day_5_(Context_B)_9015,2,250,322,8.33,10.73,2.43,B,9015,5,CFD
20241120_Box_1_CFD_Day_5_(Context_B)_9015,1,323,433,10.77,14.43,3.7,B,9015,5,CFD
20241120_Box_1_CFD_Day_5_(Context_B)_9015,2,434,463,14.47,15.43,1.0,B,9015,5,CFD
20241120_Box_1_CFD_Day_5_(Context_B)_9015,1,464,513,15.47,17.1,1.67,B,9015,5,CFD
20241120_Box_1_CFD_Day_5_(Context_B)_9015,-1,514,523,17.13,17.43,0.33,B,9015,5,CFD
20241120_Box_1_CFD_Day_5_(Context_B)_9015,9,524,596,17.47,19.87,2.43,B,9015,5,CFD
20241120_Box_1_CFD_Day_5_(Context_B)_9015,-1,597,766,19.9,25.53,5.67,B,9015,5,CFD
20241120_Box_1_CFD_Day_5_(Context_B)_9015,9,767,776,25.57,25.87,0.33,B,9015,5,CFD
20241120_Box_1_CFD_Day_5_(Context_B)_9015,-1,777,816,25.9,27.2,1.33,B,9015,5,CFD
20241120_Box_1_CFD_Day_5_(Context_B)_9015,1,817,924,27.23,30.8,3.6,B,9015,5,CFD
20241120_Box_1_CFD_Day_5_(Context_B)_9015,2,925,958,30.83,31.93,1.13,B,9015,5,CFD
20241120_Box_1_CFD_Day_5_(Context_B)_9015,-1,959,1329,31.97,44.3,12.37,B,9015,5,CFD
20241120_Box_1_CFD_Day_5_(Context_B)_9015,2,1330,1352,44.33,45.07,0.77,B,9015,5,CFD
20241120_Box_1_CFD_Day_5_(Context_B)_9015,-1,1353,1405,45.1,46.83,1.77,B,9015,5,CFD
20241120_Box_1_CFD_Day_5_(Context_B)_9015,9,1406,1515,46.87,50.5,3.67,B,9015,5,CFD
20241120_Box_1_CFD_Day_5_(Context_B)_9015,1,1516,1541,50.53,51.37,0.87,B,9015,5,CFD
20241120_Box_1_CFD_Day_5_(Context_B)_9015,9,1542,1650,51.4,55.0,3.63,B,9015,5,CFD
20241120_Box_1_CFD_Day_5_(Context_B)_9015,1,1651,1707,55.03,56.9,1.9,B,9015,5,CFD
20241120_Box_1_CFD_Day_5_(Context_B)_9015,9,1708,1729,56.93,57.63,0.73,B,9015,5,CFD
20241120_Box_1_CFD_Day_5_(Context_B)_9015,-1,1730,1749,57.67,58.3,0.67,B,9015,5,CFD
20241120_Box_1_CFD_Day_5_(Context_B)_9015,9,1750,2064,58.33,68.8,10.5,B,9015,5,CFD
20241120_Box_1_CFD_Day_5_(Context_B)_9015,1,2065,2285,68.83,76.17,7.37,B,9015,5,CFD
20241120_Box_1_CFD_Day_5_(Context_B)_9015,9,2286,3131,76.2,104.37,28.2,B,9015,5,CFD
20241120_Box_1_CFD_Day_5_(Context_B)_9015,1,3132,4406,104.4,146.87,42.5,B,9015,5,CFD
20241120_Box_1_CFD_Day_5_(Context_B)_9015,9,4407,5167,146.9,172.23,25.37,B,9015,5,CFD
20241120_Box_1_CFD_Day_5_(Context_B)_9015,-1,5168,5390,172.27,179.67,7.43,B,9015,5,CFD
20241120_Box_2_CFD_Day_5_(Context_A)_9002,9,0,164,0.0,5.47,5.5,A,9002,5,CFD
20241120_Box_2_CFD_Day_5_(Context_A)_9002,-1,165,587,5.5,19.57,14.1,A,9002,5,CFD
20241120_Box_2_CFD_Day_5_(Context_A)_9002,9,588,745,19.6,24.83,5.27,A,9002,5,CFD
20241120_Box_2_CFD_Day_5_(Context_A)_9002,-1,746,1420,24.87,47.33,22.5,A,9002,5,CFD
20241120_Box_2_CFD_Day_5_(Context_A)_9002,9,1421,1520,47.37,50.67,3.33,A,9002,5,CFD
20241120_Box_2_CFD_Day_5_(Context_A)_9002,-1,1521,1640,50.7,54.67,4.0,A,9002,5,CFD
20241120_Box_2_CFD_Day_5_(Context_A)_9002,9,1641,1795,54.7,59.83,5.17,A,9002,5,CFD
20241120_Box_2_CFD_Day_5_(Context_A)_9002,-1,1796,3409,59.87,113.63,53.8,A,9002,5,CFD
20241120_Box_2_CFD_Day_5_(Context_A)_9002,9,3410,3555,113.67,118.5,4.87,A,9002,5,CFD
20241120_Box_2_CFD_Day_5_(Context_A)_9002,-1,3556,5270,118.53,175.67,57.17,A,9002,5,CFD
20241120_Box_2_CFD_Day_5_(Context_A)_9002,9,5271,5371,175.7,179.03,3.37,A,9002,5,CFD
20241120_Box_2_CFD_Day_5_(Context_A)_9002,-1,5372,5401,179.07,180.03,1.0,A,9002,5,CFD
20241120_Box_2_CFD_Day_5_(Context_A)_9002,9,5402,5661,180.07,188.7,8.67,A,9002,5,CFD
20241120_Box_2_CFD_Day_5_(Context_A)_9002,9,5667,5792,188.9,193.07,4.2,A,9002,5,CFD
20241120_Box_2_CFD_Day_5_(Context_A)_9002,-1,5793,6301,193.1,210.03,16.97,A,9002,5,CFD
20241120_Box_2_CFD_Day_5_(Context_A)_9004,9,0,213,0.0,7.1,7.13,A,9004,5,CFD
20241120_Box_2_CFD_Day_5_(Context_A)_9004,1,214,244,7.13,8.13,1.03,A,9004,5,CFD
20241120_Box_2_CFD_Day_5_(Context_A)_9004,9,245,1080,8.17,36.0,27.87,A,9004,5,CFD
20241120_Box_2_CFD_Day_5_(Context_A)_9004,-1,1081,1608,36.03,53.6,17.6,A,9004,5,CFD
20241120_Box_2_CFD_Day_5_(Context_A)_9004,9,1609,1646,53.63,54.87,1.27,A,9004,5,CFD
20241120_Box_2_CFD_Day_5_(Context_A)_9004,-1,1647,1892,54.9,63.07,8.2,A,9004,5,CFD
20241120_Box_2_CFD_Day_5_(Context_A)_9004,9,1893,1981,63.1,66.03,2.97,A,9004,5,CFD
20241120_Box_2_CFD_Day_5_(Context_A)_9004,-1,1982,3170,66.07,105.67,39.63,A,9004,5,CFD
20241120_Box_2_CFD_Day_5_(Context_A)_9004,9,3171,3385,105.7,112.83,7.17,A,9004,5,CFD
20241120_Box_2_CFD_Day_5_(Context_A)_9004,-1,3386,3460,112.87,115.33,2.5,A,9004,5,CFD
20241120_Box_2_CFD_Day_5_(Context_A)_9004,9,3461,3516,115.37,117.2,1.87,A,9004,5,CFD
20241120_Box_2_CFD_Day_5_(Context_A)_9004,-1,3517,3809,117.23,126.97,9.77,A,9004,5,CFD
20241120_Box_2_CFD_Day_5_(Context_A)_9004,9,3810,3846,127.0,128.2,1.23,A,9004,5,CFD
20241120_Box_2_CFD_Day_5_(Context_A)_9004,-1,3847,4102,128.23,136.73,8.53,A,9004,5,CFD
20241120_Box_2_CFD_Day_5_(Context_A)_9004,9,4103,4196,136.77,139.87,3.13,A,9004,5,CFD
20241120_Box_2_CFD_Day_5_(Context_A)_9004,-1,4197,4439,139.9,147.97,8.1,A,9004,5,CFD
20241120_Box_2_CFD_Day_5_(Context_A)_9004,9,4440,4761,148.0,158.7,10.73,A,9004,5,CFD
20241120_Box_2_CFD_Day_5_(Context_A)_9004,-1,4762,4930,158.73,164.33,5.63,A,9004,5,CFD
20241120_Box_2_CFD_Day_5_(Context_A)_9004,9,4931,5063,164.37,168.77,4.43,A,9004,5,CFD
20241120_Box_2_CFD_Day_5_(Context_A)_9004,-1,5064,5391,168.8,179.7,10.93,A,9004,5,CFD
20241120_Box_2_CFD_Day_5_(Context_A)_9004,9,5392,5485,179.73,182.83,3.13,A,9004,5,CFD
20241120_Box_2_CFD_Day_5_(Context_A)_9004,-1,5486,5515,182.87,183.83,1.0,A,9004,5,CFD
20241120_Box_2_CFD_Day_5_(Context_A)_9004,9,5516,5707,183.87,190.23,6.4,A,9004,5,CFD
20241120_Box_2_CFD_Day_5_(Context_A)_9004,-1,5708,5750,190.27,191.67,1.43,A,9004,5,CFD
20241120_Box_2_CFD_Day_5_(Context_A)_9004,9,5751,5889,191.7,196.3,4.63,A,9004,5,CFD
20241120_Box_2_CFD_Day_5_(Context_A)_9004,-1,5890,6043,196.33,201.43,5.13,A,9004,5,CFD
20241120_Box_2_CFD_Day_5_(Context_A)_9004,9,6044,6171,201.47,205.7,4.27,A,9004,5,CFD
20241120_Box_2_CFD_Day_5_(Context_A)_9004,-1,6172,6300,205.73,210.0,4.3,A,9004,5,CFD
20241120_Box_2_CFD_Day_5_(Context_A)_9006,9,0,2788,0.0,92.93,92.97,A,9006,5,CFD
20241120_Box_2_CFD_Day_5_(Context_A)_9006,7,2789,2803,92.97,93.43,0.5,A,9006,5,CFD
20241120_Box_2_CFD_Day_5_(Context_A)_9006,9,2804,4117,93.47,137.23,43.8,A,9006,5,CFD
20241120_Box_2_CFD_Day_5_(Context_A)_9006,-1,4118,4136,137.27,137.87,0.63,A,9006,5,CFD
20241120_Box_2_CFD_Day_5_(Context_A)_9006,9,4137,6300,137.9,210.0,72.13,A,9006,5,CFD
20241120_Box_2_CFD_Day_5_(Context_A)_9008,9,0,1260,0.0,42.0,42.03,A,9008,5,CFD
20241120_Box_2_CFD_Day_5_(Context_A)_9008,9,1264,6105,42.13,203.5,161.4,A,9008,5,CFD
20241120_Box_2_CFD_Day_5_(Context_A)_9008,9,6110,6301,203.67,210.03,6.4,A,9008,5,CFD
20241120_Box_2_CFD_Day_5_(Context_A)_9010,9,0,6300,0.0,210.0,210.03,A,9010,5,CFD
20241120_Box_2_CFD_Day_5_(Context_A)_9012,9,0,249,0.0,8.3,8.33,A,9012,5,CFD
20241120_Box_2_CFD_Day_5_(Context_A)_9012,-1,250,257,8.33,8.57,0.27,A,9012,5,CFD
20241120_Box_2_CFD_Day_5_(Context_A)_9012,9,258,630,8.6,21.0,12.43,A,9012,5,CFD
20241120_Box_2_CFD_Day_5_(Context_A)_9012,-1,631,650,21.03,21.67,0.67,A,9012,5,CFD
20241120_Box_2_CFD_Day_5_(Context_A)_9012,9,651,879,21.7,29.3,7.63,A,9012,5,CFD
20241120_Box_2_CFD_Day_5_(Context_A)_9012,-1,880,919,29.33,30.63,1.33,A,9012,5,CFD
20241120_Box_2_CFD_Day_5_(Context_A)_9012,9,920,1022,30.67,34.07,3.43,A,9012,5,CFD
20241120_Box_2_CFD_Day_5_(Context_A)_9012,-1,1023,1057,34.1,35.23,1.17,A,9012,5,CFD
20241120_Box_2_CFD_Day_5_(Context_A)_9012,9,1058,1210,35.27,40.33,5.1,A,9012,5,CFD
20241120_Box_2_CFD_Day_5_(Context_A)_9012,-1,1211,1510,40.37,50.33,10.0,A,9012,5,CFD
20241120_Box_2_CFD_Day_5_(Context_A)_9012,9,1511,1546,50.37,51.53,1.2,A,9012,5,CFD
20241120_Box_2_CFD_Day_5_(Context_A)_9012,-1,1547,1590,51.57,53.0,1.47,A,9012,5,CFD
20241120_Box_2_CFD_Day_5_(Context_A)_9012,9,1591,1673,53.03,55.77,2.77,A,9012,5,CFD
20241120_Box_2_CFD_Day_5_(Context_A)_9012,-1,1674,2356,55.8,78.53,22.77,A,9012,5,CFD
20241120_Box_2_CFD_Day_5_(Context_A)_9012,9,2357,2387,78.57,79.57,1.03,A,9012,5,CFD
20241120_Box_2_CFD_Day_5_(Context_A)_9012,-1,2388,2857,79.6,95.23,15.67,A,9012,5,CFD
20241120_Box_2_CFD_Day_5_(Context_A)_9012,9,2858,6300,95.27,210.0,114.77,A,9012,5,CFD
20241120_Box_2_CFD_Day_5_(Context_A)_9014,9,0,476,0.0,15.87,15.9,A,9014,5,CFD
20241120_Box_2_CFD_Day_5_(Context_A)_9014,9,480,516,16.0,17.2,1.23,A,9014,5,CFD
20241120_Box_2_CFD_Day_5_(Context_A)_9014,-1,517,529,17.23,17.63,0.43,A,9014,5,CFD
20241120_Box_2_CFD_Day_5_(Context_A)_9014,9,530,6299,17.67,209.97,192.33,A,9014,5,CFD
20241120_Box_2_CFD_Day_5_(Context_A)_9016,9,0,597,0.0,19.9,19.93,A,9016,5,CFD
20241120_Box_2_CFD_Day_5_(Context_A)_9016,0,598,613,19.93,20.43,0.53,A,9016,5,CFD
20241120_Box_2_CFD_Day_5_(Context_A)_9016,9,614,710,20.47,23.67,3.23,A,9016,5,CFD
20241120_Box_2_CFD_Day_5_(Context_A)_9016,-1,711,845,23.7,28.17,4.5,A,9016,5,CFD
20241120_Box_2_CFD_Day_5_(Context_A)_9016,9,846,908,28.2,30.27,2.1,A,9016,5,CFD
20241120_Box_2_CFD_Day_5_(Context_A)_9016,-1,909,1177,30.3,39.23,8.97,A,9016,5,CFD
20241120_Box_2_CFD_Day_5_(Context_A)_9016,9,1178,1432,39.27,47.73,8.5,A,9016,5,CFD
20241120_Box_2_CFD_Day_5_(Context_A)_9016,0,1433,1951,47.77,65.03,17.3,A,9016,5,CFD
20241120_Box_2_CFD_Day_5_(Context_A)_9016,9,1952,2198,65.07,73.27,8.23,A,9016,5,CFD
20241120_Box_2_CFD_Day_5_(Context_A)_9016,-1,2199,2317,73.3,77.23,3.97,A,9016,5,CFD
20241120_Box_2_CFD_Day_5_(Context_A)_9016,9,2318,2347,77.27,78.23,1.0,A,9016,5,CFD
20241120_Box_2_CFD_Day_5_(Context_A)_9016,-1,2348,2433,78.27,81.1,2.87,A,9016,5,CFD
20241120_Box_2_CFD_Day_5_(Context_A)_9016,9,2434,6300,81.13,210.0,128.9,A,9016,5,CFD
20241120_Box_2_CFD_Day_5_(Context_B)_9002,9,0,386,0.0,12.87,12.9,B,9002,5,CFD
20241120_Box_2_CFD_Day_5_(Context_B)_9002,9,392,738,13.07,24.6,11.57,B,9002,5,CFD
20241120_Box_2_CFD_Day_5_(Context_B)_9002,-1,739,745,24.63,24.83,0.23,B,9002,5,CFD
20241120_Box_2_CFD_Day_5_(Context_B)_9002,9,746,1115,24.87,37.17,12.33,B,9002,5,CFD
20241120_Box_2_CFD_Day_5_(Context_B)_9002,-1,1116,1201,37.2,40.03,2.87,B,9002,5,CFD
20241120_Box_2_CFD_Day_5_(Context_B)_9002,9,1202,1769,40.07,58.97,18.93,B,9002,5,CFD
20241120_Box_2_CFD_Day_5_(Context_B)_9002,-1,1770,1805,59.0,60.17,1.2,B,9002,5,CFD
20241120_Box_2_CFD_Day_5_(Context_B)_9002,9,1806,2483,60.2,82.77,22.6,B,9002,5,CFD
20241120_Box_2_CFD_Day_5_(Context_B)_9002,-1,2484,2518,82.8,83.93,1.17,B,9002,5,CFD
20241120_Box_2_CFD_Day_5_(Context_B)_9002,9,2519,2617,83.97,87.23,3.3,B,9002,5,CFD
20241120_Box_2_CFD_Day_5_(Context_B)_9002,-1,2618,2637,87.27,87.9,0.67,B,9002,5,CFD
20241120_Box_2_CFD_Day_5_(Context_B)_9002,9,2638,5390,87.93,179.67,91.77,B,9002,5,CFD
20241120_Box_2_CFD_Day_5_(Context_B)_9004,9,0,470,0.0,15.67,15.7,B,9004,5,CFD
20241120_Box_2_CFD_Day_5_(Context_B)_9004,9,475,866,15.83,28.87,13.07,B,9004,5,CFD
20241120_Box_2_CFD_Day_5_(Context_B)_9004,-1,881,893,29.37,29.77,0.43,B,9004,5,CFD
20241120_Box_2_CFD_Day_5_(Context_B)_9004,9,894,5391,29.8,179.7,149.93,B,9004,5,CFD
20241120_Box_2_CFD_Day_5_(Context_B)_9006,9,0,5390,0.0,179.67,179.7,B,9006,5,CFD
20241120_Box_2_CFD_Day_5_(Context_B)_9008,9,0,913,0.0,30.43,30.47,B,9008,5,CFD
20241120_Box_2_CFD_Day_5_(Context_B)_9008,-1,914,939,30.47,31.3,0.87,B,9008,5,CFD
20241120_Box_2_CFD_Day_5_(Context_B)_9008,9,940,956,31.33,31.87,0.57,B,9008,5,CFD
20241120_Box_2_CFD_Day_5_(Context_B)_9008,-1,957,1000,31.9,33.33,1.47,B,9008,5,CFD
20241120_Box_2_CFD_Day_5_(Context_B)_9008,9,1001,1055,33.37,35.17,1.83,B,9008,5,CFD
20241120_Box_2_CFD_Day_5_(Context_B)_9008,-1,1056,1073,35.2,35.77,0.6,B,9008,5,CFD
20241120_Box_2_CFD_Day_5_(Context_B)_9008,9,1074,1426,35.8,47.53,11.77,B,9008,5,CFD
20241120_Box_2_CFD_Day_5_(Context_B)_9008,-1,1429,1464,47.63,48.8,1.2,B,9008,5,CFD
20241120_Box_2_CFD_Day_5_(Context_B)_9008,9,1465,1937,48.83,64.57,15.77,B,9008,5,CFD
20241120_Box_2_CFD_Day_5_(Context_B)_9008,-1,1938,2027,64.6,67.57,3.0,B,9008,5,CFD
20241120_Box_2_CFD_Day_5_(Context_B)_9008,9,2028,2828,67.6,94.27,26.7,B,9008,5,CFD
20241120_Box_2_CFD_Day_5_(Context_B)_9008,-1,2829,2836,94.3,94.53,0.27,B,9008,5,CFD
20241120_Box_2_CFD_Day_5_(Context_B)_9008,9,2837,3022,94.57,100.73,6.2,B,9008,5,CFD
20241120_Box_2_CFD_Day_5_(Context_B)_9008,-1,3023,3062,100.77,102.07,1.33,B,9008,5,CFD
20241120_Box_2_CFD_Day_5_(Context_B)_9008,9,3063,3344,102.1,111.47,9.4,B,9008,5,CFD
20241120_Box_2_CFD_Day_5_(Context_B)_9008,-1,3345,3415,111.5,113.83,2.37,B,9008,5,CFD
20241120_Box_2_CFD_Day_5_(Context_B)_9008,9,3416,3510,113.87,117.0,3.17,B,9008,5,CFD
20241120_Box_2_CFD_Day_5_(Context_B)_9008,-1,3511,3850,117.03,128.33,11.33,B,9008,5,CFD
20241120_Box_2_CFD_Day_5_(Context_B)_9008,9,3851,3959,128.37,131.97,3.63,B,9008,5,CFD
20241120_Box_2_CFD_Day_5_(Context_B)_9008,-1,3960,4024,132.0,134.13,2.17,B,9008,5,CFD
20241120_Box_2_CFD_Day_5_(Context_B)_9008,9,4025,4076,134.17,135.87,1.73,B,9008,5,CFD
20241120_Box_2_CFD_Day_5_(Context_B)_9008,-1,4077,4145,135.9,138.17,2.3,B,9008,5,CFD
20241120_Box_2_CFD_Day_5_(Context_B)_9008,9,4146,4229,138.2,140.97,2.8,B,9008,5,CFD
20241120_Box_2_CFD_Day_5_(Context_B)_9008,-1,4230,4409,141.0,146.97,6.0,B,9008,5,CFD
20241120_Box_2_CFD_Day_5_(Context_B)_9008,9,4410,4506,147.0,150.2,3.23,B,9008,5,CFD
20241120_Box_2_CFD_Day_5_(Context_B)_9008,-1,4507,4538,150.23,151.27,1.07,B,9008,5,CFD
20241120_Box_2_CFD_Day_5_(Context_B)_9008,9,4539,4598,151.3,153.27,2.0,B,9008,5,CFD
20241120_Box_2_CFD_Day_5_(Context_B)_9008,-1,4599,4979,153.3,165.97,12.7,B,9008,5,CFD
20241120_Box_2_CFD_Day_5_(Context_B)_9008,9,4980,5391,166.0,179.7,13.73,B,9008,5,CFD
20241120_Box_2_CFD_Day_5_(Context_B)_9010,9,0,5390,0.0,179.67,179.7,B,9010,5,CFD
20241120_Box_2_CFD_Day_5_(Context_B)_9012,9,0,5391,0.0,179.7,179.73,B,9012,5,CFD
20241120_Box_2_CFD_Day_5_(Context_B)_9014,9,0,340,0.0,11.33,11.37,B,9014,5,CFD
20241120_Box_2_CFD_Day_5_(Context_B)_9014,8,341,361,11.37,12.03,0.7,B,9014,5,CFD
20241120_Box_2_CFD_Day_5_(Context_B)_9014,9,362,5390,12.07,179.67,167.63,B,9014,5,CFD
20241120_Box_2_CFD_Day_5_(Context_B)_9016,9,0,216,0.0,7.2,7.23,B,9016,5,CFD
20241120_Box_2_CFD_Day_5_(Context_B)_9016,9,222,253,7.4,8.43,1.07,B,9016,5,CFD
20241120_Box_2_CFD_Day_5_(Context_B)_9016,-1,254,266,8.47,8.87,0.43,B,9016,5,CFD
20241120_Box_2_CFD_Day_5_(Context_B)_9016,9,267,273,8.9,9.1,0.23,B,9016,5,CFD
20241120_Box_2_CFD_Day_5_(Context_B)_9016,-1,274,282,9.13,9.4,0.3,B,9016,5,CFD
20241120_Box_2_CFD_Day_5_(Context_B)_9016,9,288,411,9.6,13.7,4.13,B,9016,5,CFD
20241120_Box_2_CFD_Day_5_(Context_B)_9016,-1,412,421,13.73,14.03,0.33,B,9016,5,CFD
20241120_Box_2_CFD_Day_5_(Context_B)_9016,9,422,580,14.07,19.33,5.3,B,9016,5,CFD
20241120_Box_2_CFD_Day_5_(Context_B)_9016,-1,581,587,19.37,19.57,0.23,B,9016,5,CFD
20241120_Box_2_CFD_Day_5_(Context_B)_9016,9,592,1116,19.73,37.2,17.5,B,9016,5,CFD
20241120_Box_2_CFD_Day_5_(Context_B)_9016,8,1117,1128,37.23,37.6,0.4,B,9016,5,CFD
20241120_Box_2_CFD_Day_5_(Context_B)_9016,9,1129,1150,37.63,38.33,0.73,B,9016,5,CFD
20241120_Box_2_CFD_Day_5_(Context_B)_9016,8,1151,1519,38.37,50.63,12.3,B,9016,5,CFD
20241120_Box_2_CFD_Day_5_(Context_B)_9016,8,1521,2102,50.7,70.07,19.4,B,9016,5,CFD
20241120_Box_2_CFD_Day_5_(Context_B)_9016,9,2103,2221,70.1,74.03,3.97,B,9016,5,CFD
20241120_Box_2_CFD_Day_5_(Context_B)_9016,8,2222,2879,74.07,95.97,21.93,B,9016,5,CFD
20241120_Box_2_CFD_Day_5_(Context_B)_9016,9,2880,2912,96.0,97.07,1.1,B,9016,5,CFD
20241120_Box_2_CFD_Day_5_(Context_B)_9016,8,2913,3801,97.1,126.7,29.63,B,9016,5,CFD
20241120_Box_2_CFD_Day_5_(Context_B)_9016,9,3802,3911,126.73,130.37,3.67,B,9016,5,CFD
20241120_Box_2_CFD_Day_5_(Context_B)_9016,8,3912,3921,130.4,130.7,0.33,B,9016,5,CFD
20241120_Box_2_CFD_Day_5_(Context_B)_9016,9,3922,4009,130.73,133.63,2.93,B,9016,5,CFD
20241120_Box_2_CFD_Day_5_(Context_B)_9016,8,4010,4874,133.67,162.47,28.83,B,9016,5,CFD
20241120_Box_2_CFD_Day_5_(Context_B)_9016,9,4875,4887,162.5,162.9,0.43,B,9016,5,CFD
20241120_Box_2_CFD_Day_5_(Context_B)_9016,9,4893,5041,163.1,168.03,4.97,B,9016,5,CFD
20241120_Box_2_CFD_Day_5_(Context_B)_9016,8,5042,5059,168.07,168.63,0.6,B,9016,5,CFD
20241120_Box_2_CFD_Day_5_(Context_B)_9016,9,5060,5080,168.67,169.33,0.7,B,9016,5,CFD
20241120_Box_2_CFD_Day_5_(Context_B)_9016,8,5081,5097,169.37,169.9,0.57,B,9016,5,CFD
20241120_Box_2_CFD_Day_5_(Context_B)_9016,9,5098,5189,169.93,172.97,3.07,B,9016,5,CFD
20241120_Box_2_CFD_Day_5_(Context_B)_9016,8,5190,5204,173.0,173.47,0.5,B,9016,5,CFD
20241120_Box_2_CFD_Day_5_(Context_B)_9016,9,5205,5218,173.5,173.93,0.47,B,9016,5,CFD
20241120_Box_2_CFD_Day_5_(Context_B)_9016,8,5219,5272,173.97,175.73,1.8,B,9016,5,CFD
20241120_Box_2_CFD_Day_5_(Context_B)_9016,9,5273,5344,175.77,178.13,2.4,B,9016,5,CFD
20241120_Box_2_CFD_Day_5_(Context_B)_9016,-1,5345,5391,178.17,179.7,1.57,B,9016,5,CFD
20241121_Box_1_CFD_Day_6_(Context_A)_9001,9,0,307,0.0,10.23,10.27,A,9001,6,CFD
20241121_Box_1_CFD_Day_6_(Context_A)_9001,-1,308,326,10.27,10.87,0.63,A,9001,6,CFD
20241121_Box_1_CFD_Day_6_(Context_A)_9001,9,327,440,10.9,14.67,3.8,A,9001,6,CFD
20241121_Box_1_CFD_Day_6_(Context_A)_9001,-1,441,508,14.7,16.93,2.27,A,9001,6,CFD
20241121_Box_1_CFD_Day_6_(Context_A)_9001,9,509,913,16.97,30.43,13.5,A,9001,6,CFD
20241121_Box_1_CFD_Day_6_(Context_A)_9001,-1,914,930,30.47,31.0,0.57,A,9001,6,CFD
20241121_Box_1_CFD_Day_6_(Context_A)_9001,9,931,1616,31.03,53.87,22.87,A,9001,6,CFD
20241121_Box_1_CFD_Day_6_(Context_A)_9001,-1,1617,1626,53.9,54.2,0.33,A,9001,6,CFD
20241121_Box_1_CFD_Day_6_(Context_A)_9001,5,1627,1643,54.23,54.77,0.57,A,9001,6,CFD
20241121_Box_1_CFD_Day_6_(Context_A)_9001,9,1644,1879,54.8,62.63,7.87,A,9001,6,CFD
20241121_Box_1_CFD_Day_6_(Context_A)_9001,5,1880,2026,62.67,67.53,4.9,A,9001,6,CFD
20241121_Box_1_CFD_Day_6_(Context_A)_9001,-1,2027,2040,67.57,68.0,0.47,A,9001,6,CFD
20241121_Box_1_CFD_Day_6_(Context_A)_9001,9,2041,2212,68.03,73.73,5.73,A,9001,6,CFD
20241121_Box_1_CFD_Day_6_(Context_A)_9001,-1,2213,2534,73.77,84.47,10.73,A,9001,6,CFD
20241121_Box_1_CFD_Day_6_(Context_A)_9001,9,2535,2613,84.5,87.1,2.63,A,9001,6,CFD
20241121_Box_1_CFD_Day_6_(Context_A)_9001,-1,2614,3658,87.13,121.93,34.83,A,9001,6,CFD
20241121_Box_1_CFD_Day_6_(Context_A)_9001,9,3659,3829,121.97,127.63,5.7,A,9001,6,CFD
20241121_Box_1_CFD_Day_6_(Context_A)_9001,-1,3830,3916,127.67,130.53,2.9,A,9001,6,CFD
20241121_Box_1_CFD_Day_6_(Context_A)_9001,9,3917,4058,130.57,135.27,4.73,A,9001,6,CFD
20241121_Box_1_CFD_Day_6_(Context_A)_9001,-1,4059,4092,135.3,136.4,1.13,A,9001,6,CFD
20241121_Box_1_CFD_Day_6_(Context_A)_9001,9,4093,4293,136.43,143.1,6.7,A,9001,6,CFD
20241121_Box_1_CFD_Day_6_(Context_A)_9001,-1,4294,4733,143.13,157.77,14.67,A,9001,6,CFD
20241121_Box_1_CFD_Day_6_(Context_A)_9001,9,4734,4905,157.8,163.5,5.73,A,9001,6,CFD
20241121_Box_1_CFD_Day_6_(Context_A)_9001,-1,4906,5171,163.53,172.37,8.87,A,9001,6,CFD
20241121_Box_1_CFD_Day_6_(Context_A)_9001,9,5172,6301,172.4,210.03,37.67,A,9001,6,CFD
20241121_Box_1_CFD_Day_6_(Context_A)_9003,-1,0,10,0.0,0.33,0.37,A,9003,6,CFD
20241121_Box_1_CFD_Day_6_(Context_A)_9003,9,11,105,0.37,3.5,3.17,A,9003,6,CFD
20241121_Box_1_CFD_Day_6_(Context_A)_9003,-1,106,323,3.53,10.77,7.27,A,9003,6,CFD
20241121_Box_1_CFD_Day_6_(Context_A)_9003,4,324,351,10.8,11.7,0.93,A,9003,6,CFD
20241121_Box_1_CFD_Day_6_(Context_A)_9003,-1,352,370,11.73,12.33,0.63,A,9003,6,CFD
20241121_Box_1_CFD_Day_6_(Context_A)_9003,9,371,402,12.37,13.4,1.07,A,9003,6,CFD
20241121_Box_1_CFD_Day_6_(Context_A)_9003,-1,403,547,13.43,18.23,4.83,A,9003,6,CFD
20241121_Box_1_CFD_Day_6_(Context_A)_9003,4,548,682,18.27,22.73,4.5,A,9003,6,CFD
20241121_Box_1_CFD_Day_6_(Context_A)_9003,-1,683,779,22.77,25.97,3.23,A,9003,6,CFD
20241121_Box_1_CFD_Day_6_(Context_A)_9003,4,780,960,26.0,32.0,6.03,A,9003,6,CFD
20241121_Box_1_CFD_Day_6_(Context_A)_9003,-1,961,987,32.03,32.9,0.9,A,9003,6,CFD
20241121_Box_1_CFD_Day_6_(Context_A)_9003,9,988,1000,32.93,33.33,0.43,A,9003,6,CFD
20241121_Box_1_CFD_Day_6_(Context_A)_9003,-1,1001,1134,33.37,37.8,4.47,A,9003,6,CFD
20241121_Box_1_CFD_Day_6_(Context_A)_9003,4,1135,1293,37.83,43.1,5.3,A,9003,6,CFD
20241121_Box_1_CFD_Day_6_(Context_A)_9003,-1,1294,1373,43.13,45.77,2.67,A,9003,6,CFD
20241121_Box_1_CFD_Day_6_(Context_A)_9003,4,1374,1383,45.8,46.1,0.33,A,9003,6,CFD
20241121_Box_1_CFD_Day_6_(Context_A)_9003,-1,1384,1632,46.13,54.4,8.3,A,9003,6,CFD
20241121_Box_1_CFD_Day_6_(Context_A)_9003,4,1633,1654,54.43,55.13,0.73,A,9003,6,CFD
20241121_Box_1_CFD_Day_6_(Context_A)_9003,-1,1655,1728,55.17,57.6,2.47,A,9003,6,CFD
20241121_Box_1_CFD_Day_6_(Context_A)_9003,4,1729,2121,57.63,70.7,13.1,A,9003,6,CFD
20241121_Box_1_CFD_Day_6_(Context_A)_9003,-1,2122,2232,70.73,74.4,3.7,A,9003,6,CFD
20241121_Box_1_CFD_Day_6_(Context_A)_9003,4,2233,2387,74.43,79.57,5.17,A,9003,6,CFD
20241121_Box_1_CFD_Day_6_(Context_A)_9003,-1,2388,2594,79.6,86.47,6.9,A,9003,6,CFD
20241121_Box_1_CFD_Day_6_(Context_A)_9003,4,2595,2993,86.5,99.77,13.3,A,9003,6,CFD
20241121_Box_1_CFD_Day_6_(Context_A)_9003,-1,2994,3070,99.8,102.33,2.57,A,9003,6,CFD
20241121_Box_1_CFD_Day_6_(Context_A)_9003,4,3071,3682,102.37,122.73,20.4,A,9003,6,CFD
20241121_Box_1_CFD_Day_6_(Context_A)_9003,-1,3683,3770,122.77,125.67,2.93,A,9003,6,CFD
20241121_Box_1_CFD_Day_6_(Context_A)_9003,4,3771,3919,125.7,130.63,4.97,A,9003,6,CFD
20241121_Box_1_CFD_Day_6_(Context_A)_9003,-1,3920,3999,130.67,133.3,2.67,A,9003,6,CFD
20241121_Box_1_CFD_Day_6_(Context_A)_9003,4,4000,4632,133.33,154.4,21.1,A,9003,6,CFD
20241121_Box_1_CFD_Day_6_(Context_A)_9003,-1,4633,4723,154.43,157.43,3.03,A,9003,6,CFD
20241121_Box_1_CFD_Day_6_(Context_A)_9003,4,4724,4823,157.47,160.77,3.33,A,9003,6,CFD
20241121_Box_1_CFD_Day_6_(Context_A)_9003,-1,4824,4854,160.8,161.8,1.03,A,9003,6,CFD
20241121_Box_1_CFD_Day_6_(Context_A)_9003,4,4855,4876,161.83,162.53,0.73,A,9003,6,CFD
20241121_Box_1_CFD_Day_6_(Context_A)_9003,-1,4877,4908,162.57,163.6,1.07,A,9003,6,CFD
20241121_Box_1_CFD_Day_6_(Context_A)_9003,4,4909,5123,163.63,170.77,7.17,A,9003,6,CFD
20241121_Box_1_CFD_Day_6_(Context_A)_9003,-1,5124,5168,170.8,172.27,1.5,A,9003,6,CFD
20241121_Box_1_CFD_Day_6_(Context_A)_9003,4,5169,5395,172.3,179.83,7.57,A,9003,6,CFD
20241121_Box_1_CFD_Day_6_(Context_A)_9003,9,5396,5571,179.87,185.7,5.87,A,9003,6,CFD
20241121_Box_1_CFD_Day_6_(Context_A)_9003,-1,5572,6261,185.73,208.7,23.0,A,9003,6,CFD
20241121_Box_1_CFD_Day_6_(Context_A)_9003,4,6262,6301,208.73,210.03,1.33,A,9003,6,CFD
20241121_Box_1_CFD_Day_6_(Context_A)_9005,-1,0,8,0.0,0.27,0.3,A,9005,6,CFD
20241121_Box_1_CFD_Day_6_(Context_A)_9005,9,9,3113,0.3,103.77,103.5,A,9005,6,CFD
20241121_Box_1_CFD_Day_6_(Context_A)_9005,-1,3114,3401,103.8,113.37,9.6,A,9005,6,CFD
20241121_Box_1_CFD_Day_6_(Context_A)_9005,9,3402,3571,113.4,119.03,5.67,A,9005,6,CFD
20241121_Box_1_CFD_Day_6_(Context_A)_9005,-1,3572,3756,119.07,125.2,6.17,A,9005,6,CFD
20241121_Box_1_CFD_Day_6_(Context_A)_9005,9,3757,3854,125.23,128.47,3.27,A,9005,6,CFD
20241121_Box_1_CFD_Day_6_(Context_A)_9005,-1,3855,3895,128.5,129.83,1.37,A,9005,6,CFD
20241121_Box_1_CFD_Day_6_(Context_A)_9005,9,3896,3928,129.87,130.93,1.1,A,9005,6,CFD
20241121_Box_1_CFD_Day_6_(Context_A)_9005,-1,3929,4004,130.97,133.47,2.53,A,9005,6,CFD
20241121_Box_1_CFD_Day_6_(Context_A)_9005,9,4005,4169,133.5,138.97,5.5,A,9005,6,CFD
20241121_Box_1_CFD_Day_6_(Context_A)_9005,-1,4170,4327,139.0,144.23,5.27,A,9005,6,CFD
20241121_Box_1_CFD_Day_6_(Context_A)_9005,9,4328,4359,144.27,145.3,1.07,A,9005,6,CFD
20241121_Box_1_CFD_Day_6_(Context_A)_9005,-1,4360,4481,145.33,149.37,4.07,A,9005,6,CFD
20241121_Box_1_CFD_Day_6_(Context_A)_9005,9,4482,4593,149.4,153.1,3.73,A,9005,6,CFD
20241121_Box_1_CFD_Day_6_(Context_A)_9005,-1,4594,4744,153.13,158.13,5.03,A,9005,6,CFD
20241121_Box_1_CFD_Day_6_(Context_A)_9005,9,4745,6300,158.17,210.0,51.87,A,9005,6,CFD
20241121_Box_1_CFD_Day_6_(Context_A)_9007,9,0,182,0.0,6.07,6.1,A,9007,6,CFD
20241121_Box_1_CFD_Day_6_(Context_A)_9007,-1,183,224,6.1,7.47,1.4,A,9007,6,CFD
20241121_Box_1_CFD_Day_6_(Context_A)_9007,9,225,658,7.5,21.93,14.47,A,9007,6,CFD
20241121_Box_1_CFD_Day_6_(Context_A)_9007,-1,659,677,21.97,22.57,0.63,A,9007,6,CFD
20241121_Box_1_CFD_Day_6_(Context_A)_9007,9,678,712,22.6,23.73,1.17,A,9007,6,CFD
20241121_Box_1_CFD_Day_6_(Context_A)_9007,-1,713,726,23.77,24.2,0.47,A,9007,6,CFD
20241121_Box_1_CFD_Day_6_(Context_A)_9007,9,727,2176,24.23,72.53,48.33,A,9007,6,CFD
20241121_Box_1_CFD_Day_6_(Context_A)_9007,6,2177,2184,72.57,72.8,0.27,A,9007,6,CFD
20241121_Box_1_CFD_Day_6_(Context_A)_9007,9,2185,3429,72.83,114.3,41.5,A,9007,6,CFD
20241121_Box_1_CFD_Day_6_(Context_A)_9007,-1,3430,3437,114.33,114.57,0.27,A,9007,6,CFD
20241121_Box_1_CFD_Day_6_(Context_A)_9007,9,3438,4551,114.6,151.7,37.13,A,9007,6,CFD
20241121_Box_1_CFD_Day_6_(Context_A)_9007,-1,4552,4569,151.73,152.3,0.6,A,9007,6,CFD
20241121_Box_1_CFD_Day_6_(Context_A)_9007,9,4570,4601,152.33,153.37,1.07,A,9007,6,CFD
20241121_Box_1_CFD_Day_6_(Context_A)_9007,-1,4602,4615,153.4,153.83,0.47,A,9007,6,CFD
20241121_Box_1_CFD_Day_6_(Context_A)_9007,9,4616,4734,153.87,157.8,3.97,A,9007,6,CFD
20241121_Box_1_CFD_Day_6_(Context_A)_9007,-1,4735,4816,157.83,160.53,2.73,A,9007,6,CFD
20241121_Box_1_CFD_Day_6_(Context_A)_9007,9,4817,5189,160.57,172.97,12.43,A,9007,6,CFD
20241121_Box_1_CFD_Day_6_(Context_A)_9007,-1,5190,5216,173.0,173.87,0.9,A,9007,6,CFD
20241121_Box_1_CFD_Day_6_(Context_A)_9007,9,5217,5338,173.9,177.93,4.07,A,9007,6,CFD
20241121_Box_1_CFD_Day_6_(Context_A)_9007,-1,5339,5354,177.97,178.47,0.53,A,9007,6,CFD
20241121_Box_1_CFD_Day_6_(Context_A)_9007,9,5355,5536,178.5,184.53,6.07,A,9007,6,CFD
20241121_Box_1_CFD_Day_6_(Context_A)_9007,-1,5537,5552,184.57,185.07,0.53,A,9007,6,CFD
20241121_Box_1_CFD_Day_6_(Context_A)_9007,9,5553,5698,185.1,189.93,4.87,A,9007,6,CFD
20241121_Box_1_CFD_Day_6_(Context_A)_9007,-1,5699,5710,189.97,190.33,0.4,A,9007,6,CFD
20241121_Box_1_CFD_Day_6_(Context_A)_9007,9,5711,6301,190.37,210.03,19.7,A,9007,6,CFD
20241121_Box_1_CFD_Day_6_(Context_A)_9009,9,0,95,0.0,3.17,3.2,A,9009,6,CFD
20241121_Box_1_CFD_Day_6_(Context_A)_9009,-1,96,119,3.2,3.97,0.8,A,9009,6,CFD
20241121_Box_1_CFD_Day_6_(Context_A)_9009,9,120,455,4.0,15.17,11.2,A,9009,6,CFD
20241121_Box_1_CFD_Day_6_(Context_A)_9009,-1,456,472,15.2,15.73,0.57,A,9009,6,CFD
20241121_Box_1_CFD_Day_6_(Context_A)_9009,9,473,526,15.77,17.53,1.8,A,9009,6,CFD
20241121_Box_1_CFD_Day_6_(Context_A)_9009,-1,527,824,17.57,27.47,9.93,A,9009,6,CFD
20241121_Box_1_CFD_Day_6_(Context_A)_9009,9,825,884,27.5,29.47,2.0,A,9009,6,CFD
20241121_Box_1_CFD_Day_6_(Context_A)_9009,-1,885,927,29.5,30.9,1.43,A,9009,6,CFD
20241121_Box_1_CFD_Day_6_(Context_A)_9009,9,928,1053,30.93,35.1,4.2,A,9009,6,CFD
20241121_Box_1_CFD_Day_6_(Context_A)_9009,-1,1054,1234,35.13,41.13,6.03,A,9009,6,CFD
20241121_Box_1_CFD_Day_6_(Context_A)_9009,9,1235,1380,41.17,46.0,4.87,A,9009,6,CFD
20241121_Box_1_CFD_Day_6_(Context_A)_9009,-1,1381,1704,46.03,56.8,10.8,A,9009,6,CFD
20241121_Box_1_CFD_Day_6_(Context_A)_9009,9,1705,1867,56.83,62.23,5.43,A,9009,6,CFD
20241121_Box_1_CFD_Day_6_(Context_A)_9009,-1,1868,2040,62.27,68.0,5.77,A,9009,6,CFD
20241121_Box_1_CFD_Day_6_(Context_A)_9009,9,2041,2203,68.03,73.43,5.43,A,9009,6,CFD
20241121_Box_1_CFD_Day_6_(Context_A)_9009,-1,2204,2312,73.47,77.07,3.63,A,9009,6,CFD
20241121_Box_1_CFD_Day_6_(Context_A)_9009,9,2313,2378,77.1,79.27,2.2,A,9009,6,CFD
20241121_Box_1_CFD_Day_6_(Context_A)_9009,-1,2379,2652,79.3,88.4,9.13,A,9009,6,CFD
20241121_Box_1_CFD_Day_6_(Context_A)_9009,9,2653,2707,88.43,90.23,1.83,A,9009,6,CFD
20241121_Box_1_CFD_Day_6_(Context_A)_9009,-1,2708,2823,90.27,94.1,3.87,A,9009,6,CFD
20241121_Box_1_CFD_Day_6_(Context_A)_9009,9,2824,2860,94.13,95.33,1.23,A,9009,6,CFD
20241121_Box_1_CFD_Day_6_(Context_A)_9009,-1,2861,3473,95.37,115.77,20.43,A,9009,6,CFD
20241121_Box_1_CFD_Day_6_(Context_A)_9009,9,3474,3516,115.8,117.2,1.43,A,9009,6,CFD
20241121_Box_1_CFD_Day_6_(Context_A)_9009,-1,3517,3522,117.23,117.4,0.2,A,9009,6,CFD
20241121_Box_1_CFD_Day_6_(Context_A)_9009,9,3523,3612,117.43,120.4,3.0,A,9009,6,CFD
20241121_Box_1_CFD_Day_6_(Context_A)_9009,-1,3613,3659,120.43,121.97,1.57,A,9009,6,CFD
20241121_Box_1_CFD_Day_6_(Context_A)_9009,9,3677,3694,122.57,123.13,0.6,A,9009,6,CFD
20241121_Box_1_CFD_Day_6_(Context_A)_9009,-1,3695,3703,123.17,123.43,0.3,A,9009,6,CFD
20241121_Box_1_CFD_Day_6_(Context_A)_9009,9,3704,3842,123.47,128.07,4.63,A,9009,6,CFD
20241121_Box_1_CFD_Day_6_(Context_A)_9009,-1,3843,3902,128.1,130.07,2.0,A,9009,6,CFD
20241121_Box_1_CFD_Day_6_(Context_A)_9009,9,3903,4020,130.1,134.0,3.93,A,9009,6,CFD
20241121_Box_1_CFD_Day_6_(Context_A)_9009,-1,4021,4079,134.03,135.97,1.97,A,9009,6,CFD
20241121_Box_1_CFD_Day_6_(Context_A)_9009,9,4080,4442,136.0,148.07,12.1,A,9009,6,CFD
20241121_Box_1_CFD_Day_6_(Context_A)_9009,-1,4443,4500,148.1,150.0,1.93,A,9009,6,CFD
20241121_Box_1_CFD_Day_6_(Context_A)_9009,9,4501,4533,150.03,151.1,1.1,A,9009,6,CFD
20241121_Box_1_CFD_Day_6_(Context_A)_9009,-1,4534,4621,151.13,154.03,2.93,A,9009,6,CFD
20241121_Box_1_CFD_Day_6_(Context_A)_9009,9,4622,4713,154.07,157.1,3.07,A,9009,6,CFD
20241121_Box_1_CFD_Day_6_(Context_A)_9009,-1,4714,4760,157.13,158.67,1.57,A,9009,6,CFD
20241121_Box_1_CFD_Day_6_(Context_A)_9009,9,4761,4767,158.7,158.9,0.23,A,9009,6,CFD
20241121_Box_1_CFD_Day_6_(Context_A)_9009,-1,4776,4807,159.2,160.23,1.07,A,9009,6,CFD
20241121_Box_1_CFD_Day_6_(Context_A)_9009,9,4808,4843,160.27,161.43,1.2,A,9009,6,CFD
20241121_Box_1_CFD_Day_6_(Context_A)_9009,-1,4844,4867,161.47,162.23,0.8,A,9009,6,CFD
20241121_Box_1_CFD_Day_6_(Context_A)_9009,9,4868,4901,162.27,163.37,1.13,A,9009,6,CFD
20241121_Box_1_CFD_Day_6_(Context_A)_9009,-1,4902,4920,163.4,164.0,0.63,A,9009,6,CFD
20241121_Box_1_CFD_Day_6_(Context_A)_9009,9,4921,4953,164.03,165.1,1.1,A,9009,6,CFD
20241121_Box_1_CFD_Day_6_(Context_A)_9009,-1,4954,5047,165.13,168.23,3.13,A,9009,6,CFD
20241121_Box_1_CFD_Day_6_(Context_A)_9009,9,5048,5191,168.27,173.03,4.8,A,9009,6,CFD
20241121_Box_1_CFD_Day_6_(Context_A)_9009,-1,5192,5281,173.07,176.03,3.0,A,9009,6,CFD
20241121_Box_1_CFD_Day_6_(Context_A)_9009,9,5282,5370,176.07,179.0,2.97,A,9009,6,CFD
20241121_Box_1_CFD_Day_6_(Context_A)_9009,-1,5371,5400,179.03,180.0,1.0,A,9009,6,CFD
20241121_Box_1_CFD_Day_6_(Context_A)_9009,9,5401,5548,180.03,184.93,4.93,A,9009,6,CFD
20241121_Box_1_CFD_Day_6_(Context_A)_9009,-1,5549,5640,184.97,188.0,3.07,A,9009,6,CFD
20241121_Box_1_CFD_Day_6_(Context_A)_9009,9,5641,5671,188.03,189.03,1.03,A,9009,6,CFD
20241121_Box_1_CFD_Day_6_(Context_A)_9009,-1,5672,5847,189.07,194.9,5.87,A,9009,6,CFD
20241121_Box_1_CFD_Day_6_(Context_A)_9009,9,5848,5881,194.93,196.03,1.13,A,9009,6,CFD
20241121_Box_1_CFD_Day_6_(Context_A)_9009,-1,5882,5940,196.07,198.0,1.97,A,9009,6,CFD
20241121_Box_1_CFD_Day_6_(Context_A)_9009,9,5941,6029,198.03,200.97,2.97,A,9009,6,CFD
20241121_Box_1_CFD_Day_6_(Context_A)_9009,-1,6030,6186,201.0,206.2,5.23,A,9009,6,CFD
20241121_Box_1_CFD_Day_6_(Context_A)_9009,9,6187,6301,206.23,210.03,3.83,A,9009,6,CFD
20241121_Box_1_CFD_Day_6_(Context_A)_9011,9,0,2739,0.0,91.3,91.33,A,9011,6,CFD
20241121_Box_1_CFD_Day_6_(Context_A)_9011,-1,2740,3046,91.33,101.53,10.23,A,9011,6,CFD
20241121_Box_1_CFD_Day_6_(Context_A)_9011,9,3047,3144,101.57,104.8,3.27,A,9011,6,CFD
20241121_Box_1_CFD_Day_6_(Context_A)_9011,-1,3145,3155,104.83,105.17,0.37,A,9011,6,CFD
20241121_Box_1_CFD_Day_6_(Context_A)_9011,9,3156,3269,105.2,108.97,3.8,A,9011,6,CFD
20241121_Box_1_CFD_Day_6_(Context_A)_9011,-1,3270,3925,109.0,130.83,21.87,A,9011,6,CFD
20241121_Box_1_CFD_Day_6_(Context_A)_9011,9,3926,3956,130.87,131.87,1.03,A,9011,6,CFD
20241121_Box_1_CFD_Day_6_(Context_A)_9011,-1,3957,4494,131.9,149.8,17.93,A,9011,6,CFD
20241121_Box_1_CFD_Day_6_(Context_A)_9011,9,4495,4544,149.83,151.47,1.67,A,9011,6,CFD
20241121_Box_1_CFD_Day_6_(Context_A)_9011,-1,4545,5382,151.5,179.4,27.93,A,9011,6,CFD
20241121_Box_1_CFD_Day_6_(Context_A)_9011,9,5383,6300,179.43,210.0,30.6,A,9011,6,CFD
20241121_Box_1_CFD_Day_6_(Context_A)_9013,9,0,736,0.0,24.53,24.57,A,9013,6,CFD
20241121_Box_1_CFD_Day_6_(Context_A)_9013,-1,737,784,24.57,26.13,1.6,A,9013,6,CFD
20241121_Box_1_CFD_Day_6_(Context_A)_9013,9,785,848,26.17,28.27,2.13,A,9013,6,CFD
20241121_Box_1_CFD_Day_6_(Context_A)_9013,-1,849,886,28.3,29.53,1.27,A,9013,6,CFD
20241121_Box_1_CFD_Day_6_(Context_A)_9013,9,887,1050,29.57,35.0,5.47,A,9013,6,CFD
20241121_Box_1_CFD_Day_6_(Context_A)_9013,-1,1051,1413,35.03,47.1,12.1,A,9013,6,CFD
20241121_Box_1_CFD_Day_6_(Context_A)_9013,9,1414,1617,47.13,53.9,6.8,A,9013,6,CFD
20241121_Box_1_CFD_Day_6_(Context_A)_9013,-1,1618,1689,53.93,56.3,2.4,A,9013,6,CFD
20241121_Box_1_CFD_Day_6_(Context_A)_9013,9,1690,2416,56.33,80.53,24.23,A,9013,6,CFD
20241121_Box_1_CFD_Day_6_(Context_A)_9013,-1,2417,2470,80.57,82.33,1.8,A,9013,6,CFD
20241121_Box_1_CFD_Day_6_(Context_A)_9013,9,2471,2600,82.37,86.67,4.33,A,9013,6,CFD
20241121_Box_1_CFD_Day_6_(Context_A)_9013,-1,2601,2645,86.7,88.17,1.5,A,9013,6,CFD
20241121_Box_1_CFD_Day_6_(Context_A)_9013,9,2646,2726,88.2,90.87,2.7,A,9013,6,CFD
20241121_Box_1_CFD_Day_6_(Context_A)_9013,-1,2727,2763,90.9,92.1,1.23,A,9013,6,CFD
20241121_Box_1_CFD_Day_6_(Context_A)_9013,9,2764,3100,92.13,103.33,11.23,A,9013,6,CFD
20241121_Box_1_CFD_Day_6_(Context_A)_9013,-1,3101,3116,103.37,103.87,0.53,A,9013,6,CFD
20241121_Box_1_CFD_Day_6_(Context_A)_9013,9,3117,3196,103.9,106.53,2.67,A,9013,6,CFD
20241121_Box_1_CFD_Day_6_(Context_A)_9013,-1,3197,3802,106.57,126.73,20.2,A,9013,6,CFD
20241121_Box_1_CFD_Day_6_(Context_A)_9013,9,3803,3963,126.77,132.1,5.37,A,9013,6,CFD
20241121_Box_1_CFD_Day_6_(Context_A)_9013,-1,3964,5008,132.13,166.93,34.83,A,9013,6,CFD
20241121_Box_1_CFD_Day_6_(Context_A)_9013,9,5009,5269,166.97,175.63,8.7,A,9013,6,CFD
20241121_Box_1_CFD_Day_6_(Context_A)_9013,-1,5270,5317,175.67,177.23,1.6,A,9013,6,CFD
20241121_Box_1_CFD_Day_6_(Context_A)_9013,9,5318,6302,177.27,210.07,32.83,A,9013,6,CFD
20241121_Box_1_CFD_Day_6_(Context_A)_9015,9,0,772,0.0,25.73,25.77,A,9015,6,CFD
20241121_Box_1_CFD_Day_6_(Context_A)_9015,-1,773,791,25.77,26.37,0.63,A,9015,6,CFD
20241121_Box_1_CFD_Day_6_(Context_A)_9015,9,792,867,26.4,28.9,2.53,A,9015,6,CFD
20241121_Box_1_CFD_Day_6_(Context_A)_9015,-1,868,897,28.93,29.9,1.0,A,9015,6,CFD
20241121_Box_1_CFD_Day_6_(Context_A)_9015,9,898,984,29.93,32.8,2.9,A,9015,6,CFD
20241121_Box_1_CFD_Day_6_(Context_A)_9015,-1,985,1080,32.83,36.0,3.2,A,9015,6,CFD
20241121_Box_1_CFD_Day_6_(Context_A)_9015,9,1081,1409,36.03,46.97,10.97,A,9015,6,CFD
20241121_Box_1_CFD_Day_6_(Context_A)_9015,-1,1410,1426,47.0,47.53,0.57,A,9015,6,CFD
20241121_Box_1_CFD_Day_6_(Context_A)_9015,9,1427,2972,47.57,99.07,51.53,A,9015,6,CFD
20241121_Box_1_CFD_Day_6_(Context_A)_9015,-1,2973,2981,99.1,99.37,0.3,A,9015,6,CFD
20241121_Box_1_CFD_Day_6_(Context_A)_9015,9,2982,3005,99.4,100.17,0.8,A,9015,6,CFD
20241121_Box_1_CFD_Day_6_(Context_A)_9015,-1,3006,3107,100.2,103.57,3.4,A,9015,6,CFD
20241121_Box_1_CFD_Day_6_(Context_A)_9015,9,3108,3119,103.6,103.97,0.4,A,9015,6,CFD
20241121_Box_1_CFD_Day_6_(Context_A)_9015,-1,3120,3137,104.0,104.57,0.6,A,9015,6,CFD
20241121_Box_1_CFD_Day_6_(Context_A)_9015,-1,3147,3162,104.9,105.4,0.53,A,9015,6,CFD
20241121_Box_1_CFD_Day_6_(Context_A)_9015,9,3163,3174,105.43,105.8,0.4,A,9015,6,CFD
20241121_Box_1_CFD_Day_6_(Context_A)_9015,-1,3175,3226,105.83,107.53,1.73,A,9015,6,CFD
20241121_Box_1_CFD_Day_6_(Context_A)_9015,9,3227,3293,107.57,109.77,2.23,A,9015,6,CFD
20241121_Box_1_CFD_Day_6_(Context_A)_9015,-1,3294,3325,109.8,110.83,1.07,A,9015,6,CFD
20241121_Box_1_CFD_Day_6_(Context_A)_9015,9,3326,3482,110.87,116.07,5.23,A,9015,6,CFD
20241121_Box_1_CFD_Day_6_(Context_A)_9015,-1,3483,3581,116.1,119.37,3.3,A,9015,6,CFD
20241121_Box_1_CFD_Day_6_(Context_A)_9015,-1,3587,3598,119.57,119.93,0.4,A,9015,6,CFD
20241121_Box_1_CFD_Day_6_(Context_A)_9015,9,3599,3623,119.97,120.77,0.83,A,9015,6,CFD
20241121_Box_1_CFD_Day_6_(Context_A)_9015,9,3628,3665,120.93,122.17,1.27,A,9015,6,CFD
20241121_Box_1_CFD_Day_6_(Context_A)_9015,-1,3666,3750,122.2,125.0,2.83,A,9015,6,CFD
20241121_Box_1_CFD_Day_6_(Context_A)_9015,-1,3756,3843,125.2,128.1,2.93,A,9015,6,CFD
20241121_Box_1_CFD_Day_6_(Context_A)_9015,9,3844,3959,128.13,131.97,3.87,A,9015,6,CFD
20241121_Box_1_CFD_Day_6_(Context_A)_9015,-1,3960,3999,132.0,133.3,1.33,A,9015,6,CFD
20241121_Box_1_CFD_Day_6_(Context_A)_9015,-1,4004,4020,133.47,134.0,0.57,A,9015,6,CFD
20241121_Box_1_CFD_Day_6_(Context_A)_9015,9,4021,4072,134.03,135.73,1.73,A,9015,6,CFD
20241121_Box_1_CFD_Day_6_(Context_A)_9015,-1,4073,4130,135.77,137.67,1.93,A,9015,6,CFD
20241121_Box_1_CFD_Day_6_(Context_A)_9015,9,4131,4137,137.7,137.9,0.23,A,9015,6,CFD
20241121_Box_1_CFD_Day_6_(Context_A)_9015,-1,4138,4162,137.93,138.73,0.83,A,9015,6,CFD
20241121_Box_1_CFD_Day_6_(Context_A)_9015,9,4163,4203,138.77,140.1,1.37,A,9015,6,CFD
20241121_Box_1_CFD_Day_6_(Context_A)_9015,-1,4204,4274,140.13,142.47,2.37,A,9015,6,CFD
20241121_Box_1_CFD_Day_6_(Context_A)_9015,9,4275,4286,142.5,142.87,0.4,A,9015,6,CFD
20241121_Box_1_CFD_Day_6_(Context_A)_9015,-1,4287,4294,142.9,143.13,0.27,A,9015,6,CFD
20241121_Box_1_CFD_Day_6_(Context_A)_9015,9,4295,4320,143.17,144.0,0.87,A,9015,6,CFD
20241121_Box_1_CFD_Day_6_(Context_A)_9015,-1,4321,4936,144.03,164.53,20.53,A,9015,6,CFD
20241121_Box_1_CFD_Day_6_(Context_A)_9015,9,4937,5011,164.57,167.03,2.5,A,9015,6,CFD
20241121_Box_1_CFD_Day_6_(Context_A)_9015,-1,5012,5148,167.07,171.6,4.57,A,9015,6,CFD
20241121_Box_1_CFD_Day_6_(Context_A)_9015,9,5149,5190,171.63,173.0,1.4,A,9015,6,CFD
20241121_Box_1_CFD_Day_6_(Context_A)_9015,-1,5191,5235,173.03,174.5,1.5,A,9015,6,CFD
20241121_Box_1_CFD_Day_6_(Context_A)_9015,9,5236,5270,174.53,175.67,1.17,A,9015,6,CFD
20241121_Box_1_CFD_Day_6_(Context_A)_9015,-1,5271,5383,175.7,179.43,3.77,A,9015,6,CFD
20241121_Box_1_CFD_Day_6_(Context_A)_9015,9,5384,5517,179.47,183.9,4.47,A,9015,6,CFD
20241121_Box_1_CFD_Day_6_(Context_A)_9015,7,5518,6190,183.93,206.33,22.43,A,9015,6,CFD
20241121_Box_1_CFD_Day_6_(Context_A)_9015,9,6191,6230,206.37,207.67,1.33,A,9015,6,CFD
20241121_Box_1_CFD_Day_6_(Context_A)_9015,7,6231,6301,207.7,210.03,2.37,A,9015,6,CFD
20241121_Box_1_CFD_Day_6_(Context_B)_9001,9,0,5390,0.0,179.67,179.7,B,9001,6,CFD
20241121_Box_1_CFD_Day_6_(Context_B)_9003,9,0,5391,0.0,179.7,179.73,B,9003,6,CFD
20241121_Box_1_CFD_Day_6_(Context_B)_9005,9,0,5390,0.0,179.67,179.7,B,9005,6,CFD
20241121_Box_1_CFD_Day_6_(Context_B)_9007,9,0,813,0.0,27.1,27.13,B,9007,6,CFD
20241121_Box_1_CFD_Day_6_(Context_B)_9007,-1,814,829,27.13,27.63,0.53,B,9007,6,CFD
20241121_Box_1_CFD_Day_6_(Context_B)_9007,9,830,5390,27.67,179.67,152.03,B,9007,6,CFD
20241121_Box_1_CFD_Day_6_(Context_B)_9009,9,0,446,0.0,14.87,14.9,B,9009,6,CFD
20241121_Box_1_CFD_Day_6_(Context_B)_9009,-1,447,480,14.9,16.0,1.13,B,9009,6,CFD
20241121_Box_1_CFD_Day_6_(Context_B)_9009,9,481,722,16.03,24.07,8.07,B,9009,6,CFD
20241121_Box_1_CFD_Day_6_(Context_B)_9009,-1,723,1013,24.1,33.77,9.7,B,9009,6,CFD
20241121_Box_1_CFD_Day_6_(Context_B)_9009,9,1014,1040,33.8,34.67,0.9,B,9009,6,CFD
20241121_Box_1_CFD_Day_6_(Context_B)_9009,-1,1041,1050,34.7,35.0,0.33,B,9009,6,CFD
20241121_Box_1_CFD_Day_6_(Context_B)_9009,9,1051,1316,35.03,43.87,8.87,B,9009,6,CFD
20241121_Box_1_CFD_Day_6_(Context_B)_9009,-1,1317,1324,43.9,44.13,0.27,B,9009,6,CFD
20241121_Box_1_CFD_Day_6_(Context_B)_9009,9,1325,1440,44.17,48.0,3.87,B,9009,6,CFD
20241121_Box_1_CFD_Day_6_(Context_B)_9009,-1,1441,1560,48.03,52.0,4.0,B,9009,6,CFD
20241121_Box_1_CFD_Day_6_(Context_B)_9009,9,1561,1661,52.03,55.37,3.37,B,9009,6,CFD
20241121_Box_1_CFD_Day_6_(Context_B)_9009,-1,1662,1738,55.4,57.93,2.57,B,9009,6,CFD
20241121_Box_1_CFD_Day_6_(Context_B)_9009,9,1739,1891,57.97,63.03,5.1,B,9009,6,CFD
20241121_Box_1_CFD_Day_6_(Context_B)_9009,-1,1892,1920,63.07,64.0,0.97,B,9009,6,CFD
20241121_Box_1_CFD_Day_6_(Context_B)_9009,9,1921,1984,64.03,66.13,2.13,B,9009,6,CFD
20241121_Box_1_CFD_Day_6_(Context_B)_9009,-1,1985,2037,66.17,67.9,1.77,B,9009,6,CFD
20241121_Box_1_CFD_Day_6_(Context_B)_9009,9,2038,2101,67.93,70.03,2.13,B,9009,6,CFD
20241121_Box_1_CFD_Day_6_(Context_B)_9009,-1,2102,2157,70.07,71.9,1.87,B,9009,6,CFD
20241121_Box_1_CFD_Day_6_(Context_B)_9009,9,2158,2191,71.93,73.03,1.13,B,9009,6,CFD
20241121_Box_1_CFD_Day_6_(Context_B)_9009,-1,2192,2287,73.07,76.23,3.2,B,9009,6,CFD
20241121_Box_1_CFD_Day_6_(Context_B)_9009,9,2288,2643,76.27,88.1,11.87,B,9009,6,CFD
20241121_Box_1_CFD_Day_6_(Context_B)_9009,-1,2644,2700,88.13,90.0,1.9,B,9009,6,CFD
20241121_Box_1_CFD_Day_6_(Context_B)_9009,9,2701,2851,90.03,95.03,5.03,B,9009,6,CFD
20241121_Box_1_CFD_Day_6_(Context_B)_9009,-1,2852,2880,95.07,96.0,0.97,B,9009,6,CFD
20241121_Box_1_CFD_Day_6_(Context_B)_9009,9,2881,2911,96.03,97.03,1.03,B,9009,6,CFD
20241121_Box_1_CFD_Day_6_(Context_B)_9009,-1,2912,2940,97.07,98.0,0.97,B,9009,6,CFD
20241121_Box_1_CFD_Day_6_(Context_B)_9009,9,2941,2971,98.03,99.03,1.03,B,9009,6,CFD
20241121_Box_1_CFD_Day_6_(Context_B)_9009,-1,2972,3122,99.07,104.07,5.03,B,9009,6,CFD
20241121_Box_1_CFD_Day_6_(Context_B)_9009,9,3123,3207,104.1,106.9,2.83,B,9009,6,CFD
20241121_Box_1_CFD_Day_6_(Context_B)_9009,-1,3208,4032,106.93,134.4,27.5,B,9009,6,CFD
20241121_Box_1_CFD_Day_6_(Context_B)_9009,9,4033,4589,134.43,152.97,18.57,B,9009,6,CFD
20241121_Box_1_CFD_Day_6_(Context_B)_9009,-1,4590,4863,153.0,162.1,9.13,B,9009,6,CFD
20241121_Box_1_CFD_Day_6_(Context_B)_9009,9,4864,5315,162.13,177.17,15.07,B,9009,6,CFD
20241121_Box_1_CFD_Day_6_(Context_B)_9009,-1,5316,5390,177.2,179.67,2.5,B,9009,6,CFD
20241121_Box_1_CFD_Day_6_(Context_B)_9011,9,0,5390,0.0,179.67,179.7,B,9011,6,CFD
20241121_Box_1_CFD_Day_6_(Context_B)_9013,9,0,3844,0.0,128.13,128.17,B,9013,6,CFD
20241121_Box_1_CFD_Day_6_(Context_B)_9013,9,3848,5390,128.27,179.67,51.43,B,9013,6,CFD
20241121_Box_1_CFD_Day_6_(Context_B)_9015,9,0,326,0.0,10.87,10.9,B,9015,6,CFD
20241121_Box_1_CFD_Day_6_(Context_B)_9015,-1,327,336,10.9,11.2,0.33,B,9015,6,CFD
20241121_Box_1_CFD_Day_6_(Context_B)_9015,9,337,5391,11.23,179.7,168.5,B,9015,6,CFD
20241121_Box_2_CFD_Day_6_(Context_A)_9002,9,0,5441,0.0,181.37,181.4,A,9002,6,CFD
20241121_Box_2_CFD_Day_6_(Context_A)_9002,-1,5442,5451,181.4,181.7,0.33,A,9002,6,CFD
20241121_Box_2_CFD_Day_6_(Context_A)_9002,9,5452,5526,181.73,184.2,2.5,A,9002,6,CFD
20241121_Box_2_CFD_Day_6_(Context_A)_9002,-1,5527,5538,184.23,184.6,0.4,A,9002,6,CFD
20241121_Box_2_CFD_Day_6_(Context_A)_9002,9,5539,5702,184.63,190.07,5.47,A,9002,6,CFD
20241121_Box_2_CFD_Day_6_(Context_A)_9002,-1,5703,5727,190.1,190.9,0.83,A,9002,6,CFD
20241121_Box_2_CFD_Day_6_(Context_A)_9002,9,5728,5806,190.93,193.53,2.63,A,9002,6,CFD
20241121_Box_2_CFD_Day_6_(Context_A)_9002,-1,5807,6293,193.57,209.77,16.23,A,9002,6,CFD
20241121_Box_2_CFD_Day_6_(Context_A)_9002,9,6294,6299,209.8,209.97,0.2,A,9002,6,CFD
20241121_Box_2_CFD_Day_6_(Context_A)_9004,9,0,5009,0.0,166.97,167.0,A,9004,6,CFD
20241121_Box_2_CFD_Day_6_(Context_A)_9004,9,5011,6300,167.03,210.0,43.0,A,9004,6,CFD
20241121_Box_2_CFD_Day_6_(Context_A)_9006,2,0,109,0.0,3.63,3.67,A,9006,6,CFD
20241121_Box_2_CFD_Day_6_(Context_A)_9006,4,110,126,3.67,4.2,0.57,A,9006,6,CFD
20241121_Box_2_CFD_Day_6_(Context_A)_9006,2,127,189,4.23,6.3,2.1,A,9006,6,CFD
20241121_Box_2_CFD_Day_6_(Context_A)_9006,9,190,838,6.33,27.93,21.63,A,9006,6,CFD
20241121_Box_2_CFD_Day_6_(Context_A)_9006,-1,839,874,27.97,29.13,1.2,A,9006,6,CFD
20241121_Box_2_CFD_Day_6_(Context_A)_9006,-1,880,908,29.33,30.27,0.97,A,9006,6,CFD
20241121_Box_2_CFD_Day_6_(Context_A)_9006,9,909,1011,30.3,33.7,3.43,A,9006,6,CFD
20241121_Box_2_CFD_Day_6_(Context_A)_9006,-1,1012,1041,33.73,34.7,1.0,A,9006,6,CFD
20241121_Box_2_CFD_Day_6_(Context_A)_9006,2,1042,1084,34.73,36.13,1.43,A,9006,6,CFD
20241121_Box_2_CFD_Day_6_(Context_A)_9006,-1,1085,1131,36.17,37.7,1.57,A,9006,6,CFD
20241121_Box_2_CFD_Day_6_(Context_A)_9006,2,1132,1146,37.73,38.2,0.5,A,9006,6,CFD
20241121_Box_2_CFD_Day_6_(Context_A)_9006,-1,1147,1197,38.23,39.9,1.7,A,9006,6,CFD
20241121_Box_2_CFD_Day_6_(Context_A)_9006,9,1198,1275,39.93,42.5,2.6,A,9006,6,CFD
20241121_Box_2_CFD_Day_6_(Context_A)_9006,-1,1276,1397,42.53,46.57,4.07,A,9006,6,CFD
20241121_Box_2_CFD_Day_6_(Context_A)_9006,2,1398,1411,46.6,47.03,0.47,A,9006,6,CFD
20241121_Box_2_CFD_Day_6_(Context_A)_9006,1,1412,1445,47.07,48.17,1.13,A,9006,6,CFD
20241121_Box_2_CFD_Day_6_(Context_A)_9006,-1,1446,1475,48.2,49.17,1.0,A,9006,6,CFD
20241121_Box_2_CFD_Day_6_(Context_A)_9006,2,1476,1484,49.2,49.47,0.3,A,9006,6,CFD
20241121_Box_2_CFD_Day_6_(Context_A)_9006,-1,1485,1502,49.5,50.07,0.6,A,9006,6,CFD
20241121_Box_2_CFD_Day_6_(Context_A)_9006,9,1503,1516,50.1,50.53,0.47,A,9006,6,CFD
20241121_Box_2_CFD_Day_6_(Context_A)_9006,-1,1517,1546,50.57,51.53,1.0,A,9006,6,CFD
20241121_Box_2_CFD_Day_6_(Context_A)_9006,2,1547,1554,51.57,51.8,0.27,A,9006,6,CFD
20241121_Box_2_CFD_Day_6_(Context_A)_9006,-1,1555,1571,51.83,52.37,0.57,A,9006,6,CFD
20241121_Box_2_CFD_Day_6_(Context_A)_9006,9,1572,1584,52.4,52.8,0.43,A,9006,6,CFD
20241121_Box_2_CFD_Day_6_(Context_A)_9006,-1,1585,1621,52.83,54.03,1.23,A,9006,6,CFD
20241121_Box_2_CFD_Day_6_(Context_A)_9006,9,1622,1717,54.07,57.23,3.2,A,9006,6,CFD
20241121_Box_2_CFD_Day_6_(Context_A)_9006,-1,1718,1740,57.27,58.0,0.77,A,9006,6,CFD
20241121_Box_2_CFD_Day_6_(Context_A)_9006,9,1741,1749,58.03,58.3,0.3,A,9006,6,CFD
20241121_Box_2_CFD_Day_6_(Context_A)_9006,-1,1750,1779,58.33,59.3,1.0,A,9006,6,CFD
20241121_Box_2_CFD_Day_6_(Context_A)_9006,2,1780,1843,59.33,61.43,2.13,A,9006,6,CFD
20241121_Box_2_CFD_Day_6_(Context_A)_9006,9,1844,1888,61.47,62.93,1.5,A,9006,6,CFD
20241121_Box_2_CFD_Day_6_(Context_A)_9006,-1,1889,1919,62.97,63.97,1.03,A,9006,6,CFD
20241121_Box_2_CFD_Day_6_(Context_A)_9006,9,1920,1938,64.0,64.6,0.63,A,9006,6,CFD
20241121_Box_2_CFD_Day_6_(Context_A)_9006,-1,1939,1966,64.63,65.53,0.93,A,9006,6,CFD
20241121_Box_2_CFD_Day_6_(Context_A)_9006,9,1967,2067,65.57,68.9,3.37,A,9006,6,CFD
20241121_Box_2_CFD_Day_6_(Context_A)_9006,9,2079,2098,69.3,69.93,0.67,A,9006,6,CFD
20241121_Box_2_CFD_Day_6_(Context_A)_9006,-1,2099,2158,69.97,71.93,2.0,A,9006,6,CFD
20241121_Box_2_CFD_Day_6_(Context_A)_9006,9,2159,2311,71.97,77.03,5.1,A,9006,6,CFD
20241121_Box_2_CFD_Day_6_(Context_A)_9006,-1,2312,2341,77.07,78.03,1.0,A,9006,6,CFD
20241121_Box_2_CFD_Day_6_(Context_A)_9006,2,2342,2361,78.07,78.7,0.67,A,9006,6,CFD
20241121_Box_2_CFD_Day_6_(Context_A)_9006,-1,2362,2391,78.73,79.7,1.0,A,9006,6,CFD
20241121_Box_2_CFD_Day_6_(Context_A)_9006,2,2392,2407,79.73,80.23,0.53,A,9006,6,CFD
20241121_Box_2_CFD_Day_6_(Context_A)_9006,9,2408,2499,80.27,83.3,3.07,A,9006,6,CFD
20241121_Box_2_CFD_Day_6_(Context_A)_9006,-1,2500,2529,83.33,84.3,1.0,A,9006,6,CFD
20241121_Box_2_CFD_Day_6_(Context_A)_9006,2,2530,2669,84.33,88.97,4.67,A,9006,6,CFD
20241121_Box_2_CFD_Day_6_(Context_A)_9006,9,2670,3183,89.0,106.1,17.13,A,9006,6,CFD
20241121_Box_2_CFD_Day_6_(Context_A)_9006,-1,3184,3229,106.13,107.63,1.53,A,9006,6,CFD
20241121_Box_2_CFD_Day_6_(Context_A)_9006,2,3230,3238,107.67,107.93,0.3,A,9006,6,CFD
20241121_Box_2_CFD_Day_6_(Context_A)_9006,-1,3239,3343,107.97,111.43,3.5,A,9006,6,CFD
20241121_Box_2_CFD_Day_6_(Context_A)_9006,2,3344,3503,111.47,116.77,5.33,A,9006,6,CFD
20241121_Box_2_CFD_Day_6_(Context_A)_9006,9,3504,3657,116.8,121.9,5.13,A,9006,6,CFD
20241121_Box_2_CFD_Day_6_(Context_A)_9006,-1,3658,3679,121.93,122.63,0.73,A,9006,6,CFD
20241121_Box_2_CFD_Day_6_(Context_A)_9006,9,3680,3731,122.67,124.37,1.73,A,9006,6,CFD
20241121_Box_2_CFD_Day_6_(Context_A)_9006,-1,3732,3937,124.4,131.23,6.87,A,9006,6,CFD
20241121_Box_2_CFD_Day_6_(Context_A)_9006,2,3938,3997,131.27,133.23,2.0,A,9006,6,CFD
20241121_Box_2_CFD_Day_6_(Context_A)_9006,-1,3998,4095,133.27,136.5,3.27,A,9006,6,CFD
20241121_Box_2_CFD_Day_6_(Context_A)_9006,2,4096,4109,136.53,136.97,0.47,A,9006,6,CFD
20241121_Box_2_CFD_Day_6_(Context_A)_9006,-1,4110,4565,137.0,152.17,15.2,A,9006,6,CFD
20241121_Box_2_CFD_Day_6_(Context_A)_9006,9,4566,4642,152.2,154.73,2.57,A,9006,6,CFD
20241121_Box_2_CFD_Day_6_(Context_A)_9006,2,4643,4910,154.77,163.67,8.93,A,9006,6,CFD
20241121_Box_2_CFD_Day_6_(Context_A)_9006,9,4911,4953,163.7,165.1,1.43,A,9006,6,CFD
20241121_Box_2_CFD_Day_6_(Context_A)_9006,-1,4954,5022,165.13,167.4,2.3,A,9006,6,CFD
20241121_Box_2_CFD_Day_6_(Context_A)_9006,9,5023,5830,167.43,194.33,26.93,A,9006,6,CFD
20241121_Box_2_CFD_Day_6_(Context_A)_9006,-1,5831,5844,194.37,194.8,0.47,A,9006,6,CFD
20241121_Box_2_CFD_Day_6_(Context_A)_9006,2,5845,5871,194.83,195.7,0.9,A,9006,6,CFD
20241121_Box_2_CFD_Day_6_(Context_A)_9006,9,5872,6301,195.73,210.03,14.33,A,9006,6,CFD
20241121_Box_2_CFD_Day_6_(Context_A)_9008,9,0,219,0.0,7.3,7.33,A,9008,6,CFD
20241121_Box_2_CFD_Day_6_(Context_A)_9008,-1,220,340,7.33,11.33,4.03,A,9008,6,CFD
20241121_Box_2_CFD_Day_6_(Context_A)_9008,9,341,416,11.37,13.87,2.53,A,9008,6,CFD
20241121_Box_2_CFD_Day_6_(Context_A)_9008,-1,417,716,13.9,23.87,10.0,A,9008,6,CFD
20241121_Box_2_CFD_Day_6_(Context_A)_9008,9,717,795,23.9,26.5,2.63,A,9008,6,CFD
20241121_Box_2_CFD_Day_6_(Context_A)_9008,-1,796,867,26.53,28.9,2.4,A,9008,6,CFD
20241121_Box_2_CFD_Day_6_(Context_A)_9008,9,868,1096,28.93,36.53,7.63,A,9008,6,CFD
20241121_Box_2_CFD_Day_6_(Context_A)_9008,-1,1097,1465,36.57,48.83,12.3,A,9008,6,CFD
20241121_Box_2_CFD_Day_6_(Context_A)_9008,9,1466,1526,48.87,50.87,2.03,A,9008,6,CFD
20241121_Box_2_CFD_Day_6_(Context_A)_9008,-1,1527,1540,50.9,51.33,0.47,A,9008,6,CFD
20241121_Box_2_CFD_Day_6_(Context_A)_9008,9,1541,2625,51.37,87.5,36.17,A,9008,6,CFD
20241121_Box_2_CFD_Day_6_(Context_A)_9008,-1,2626,2903,87.53,96.77,9.27,A,9008,6,CFD
20241121_Box_2_CFD_Day_6_(Context_A)_9008,9,2904,2971,96.8,99.03,2.27,A,9008,6,CFD
20241121_Box_2_CFD_Day_6_(Context_A)_9008,-1,2972,3119,99.07,103.97,4.93,A,9008,6,CFD
20241121_Box_2_CFD_Day_6_(Context_A)_9008,9,3120,3637,104.0,121.23,17.27,A,9008,6,CFD
20241121_Box_2_CFD_Day_6_(Context_A)_9008,-1,3638,3873,121.27,129.1,7.87,A,9008,6,CFD
20241121_Box_2_CFD_Day_6_(Context_A)_9008,9,3874,4081,129.13,136.03,6.93,A,9008,6,CFD
20241121_Box_2_CFD_Day_6_(Context_A)_9008,-1,4082,4155,136.07,138.5,2.47,A,9008,6,CFD
20241121_Box_2_CFD_Day_6_(Context_A)_9008,9,4160,4314,138.67,143.8,5.17,A,9008,6,CFD
20241121_Box_2_CFD_Day_6_(Context_A)_9008,-1,4315,4587,143.83,152.9,9.1,A,9008,6,CFD
20241121_Box_2_CFD_Day_6_(Context_A)_9008,9,4588,4754,152.93,158.47,5.57,A,9008,6,CFD
20241121_Box_2_CFD_Day_6_(Context_A)_9008,-1,4755,4793,158.5,159.77,1.3,A,9008,6,CFD
20241121_Box_2_CFD_Day_6_(Context_A)_9008,9,4794,4897,159.8,163.23,3.47,A,9008,6,CFD
20241121_Box_2_CFD_Day_6_(Context_A)_9008,-1,4898,5087,163.27,169.57,6.33,A,9008,6,CFD
20241121_Box_2_CFD_Day_6_(Context_A)_9008,9,5088,5722,169.6,190.73,21.17,A,9008,6,CFD
20241121_Box_2_CFD_Day_6_(Context_A)_9008,-1,5723,5731,190.77,191.03,0.3,A,9008,6,CFD
20241121_Box_2_CFD_Day_6_(Context_A)_9008,9,5732,5823,191.07,194.1,3.07,A,9008,6,CFD
20241121_Box_2_CFD_Day_6_(Context_A)_9008,-1,5824,5876,194.13,195.87,1.77,A,9008,6,CFD
20241121_Box_2_CFD_Day_6_(Context_A)_9008,9,5877,6038,195.9,201.27,5.4,A,9008,6,CFD
20241121_Box_2_CFD_Day_6_(Context_A)_9008,-1,6039,6300,201.3,210.0,8.73,A,9008,6,CFD
20241121_Box_2_CFD_Day_6_(Context_A)_9010,9,0,6300,0.0,210.0,210.03,A,9010,6,CFD
20241121_Box_2_CFD_Day_6_(Context_A)_9012,9,0,983,0.0,32.77,32.8,A,9012,6,CFD
20241121_Box_2_CFD_Day_6_(Context_A)_9012,-1,984,1021,32.8,34.03,1.27,A,9012,6,CFD
20241121_Box_2_CFD_Day_6_(Context_A)_9012,9,1022,1290,34.07,43.0,8.97,A,9012,6,CFD
20241121_Box_2_CFD_Day_6_(Context_A)_9012,-1,1291,1733,43.03,57.77,14.77,A,9012,6,CFD
20241121_Box_2_CFD_Day_6_(Context_A)_9012,9,1734,3152,57.8,105.07,47.3,A,9012,6,CFD
20241121_Box_2_CFD_Day_6_(Context_A)_9012,-1,3153,3303,105.1,110.1,5.03,A,9012,6,CFD
20241121_Box_2_CFD_Day_6_(Context_A)_9012,9,3304,3646,110.13,121.53,11.43,A,9012,6,CFD
20241121_Box_2_CFD_Day_6_(Context_A)_9012,-1,3647,3665,121.57,122.17,0.63,A,9012,6,CFD
20241121_Box_2_CFD_Day_6_(Context_A)_9012,9,3666,6015,122.2,200.5,78.33,A,9012,6,CFD
20241121_Box_2_CFD_Day_6_(Context_A)_9012,-1,6016,6104,200.53,203.47,2.97,A,9012,6,CFD
20241121_Box_2_CFD_Day_6_(Context_A)_9012,9,6105,6190,203.5,206.33,2.87,A,9012,6,CFD
20241121_Box_2_CFD_Day_6_(Context_A)_9012,-1,6191,6214,206.37,207.13,0.8,A,9012,6,CFD
20241121_Box_2_CFD_Day_6_(Context_A)_9012,9,6215,6249,207.17,208.3,1.17,A,9012,6,CFD
20241121_Box_2_CFD_Day_6_(Context_A)_9012,-1,6250,6302,208.33,210.07,1.77,A,9012,6,CFD
20241121_Box_2_CFD_Day_6_(Context_A)_9014,9,0,759,0.0,25.3,25.33,A,9014,6,CFD
20241121_Box_2_CFD_Day_6_(Context_A)_9014,-1,760,788,25.33,26.27,0.97,A,9014,6,CFD
20241121_Box_2_CFD_Day_6_(Context_A)_9014,9,789,1621,26.3,54.03,27.77,A,9014,6,CFD
20241121_Box_2_CFD_Day_6_(Context_A)_9014,-1,1622,1627,54.07,54.23,0.2,A,9014,6,CFD
20241121_Box_2_CFD_Day_6_(Context_A)_9014,9,1628,4583,54.27,152.77,98.53,A,9014,6,CFD
20241121_Box_2_CFD_Day_6_(Context_A)_9014,-1,4584,4602,152.8,153.4,0.63,A,9014,6,CFD
20241121_Box_2_CFD_Day_6_(Context_A)_9014,9,4603,5380,153.43,179.33,25.93,A,9014,6,CFD
20241121_Box_2_CFD_Day_6_(Context_A)_9014,7,5381,5392,179.37,179.73,0.4,A,9014,6,CFD
20241121_Box_2_CFD_Day_6_(Context_A)_9014,9,5393,5406,179.77,180.2,0.47,A,9014,6,CFD
20241121_Box_2_CFD_Day_6_(Context_A)_9014,-1,5407,5415,180.23,180.5,0.3,A,9014,6,CFD
20241121_Box_2_CFD_Day_6_(Context_A)_9014,9,5416,5593,180.53,186.43,5.93,A,9014,6,CFD
20241121_Box_2_CFD_Day_6_(Context_A)_9014,-1,5594,5628,186.47,187.6,1.17,A,9014,6,CFD
20241121_Box_2_CFD_Day_6_(Context_A)_9014,9,5629,5660,187.63,188.67,1.07,A,9014,6,CFD
20241121_Box_2_CFD_Day_6_(Context_A)_9014,-1,5661,5672,188.7,189.07,0.4,A,9014,6,CFD
20241121_Box_2_CFD_Day_6_(Context_A)_9014,9,5673,5704,189.1,190.13,1.07,A,9014,6,CFD
20241121_Box_2_CFD_Day_6_(Context_A)_9014,-1,5705,5821,190.17,194.03,3.9,A,9014,6,CFD
20241121_Box_2_CFD_Day_6_(Context_A)_9014,9,5822,6301,194.07,210.03,16.0,A,9014,6,CFD
20241121_Box_2_CFD_Day_6_(Context_A)_9016,9,0,6300,0.0,210.0,210.03,A,9016,6,CFD
20241121_Box_2_CFD_Day_6_(Context_B)_9002,9,0,1433,0.0,47.77,47.8,B,9002,6,CFD
20241121_Box_2_CFD_Day_6_(Context_B)_9002,-1,1441,1472,48.03,49.07,1.07,B,9002,6,CFD
20241121_Box_2_CFD_Day_6_(Context_B)_9002,9,1473,2062,49.1,68.73,19.67,B,9002,6,CFD
20241121_Box_2_CFD_Day_6_(Context_B)_9002,9,2068,2082,68.93,69.4,0.5,B,9002,6,CFD
20241121_Box_2_CFD_Day_6_(Context_B)_9002,-1,2083,2275,69.43,75.83,6.43,B,9002,6,CFD
20241121_Box_2_CFD_Day_6_(Context_B)_9002,9,2276,2389,75.87,79.63,3.8,B,9002,6,CFD
20241121_Box_2_CFD_Day_6_(Context_B)_9002,-1,2390,2446,79.67,81.53,1.9,B,9002,6,CFD
20241121_Box_2_CFD_Day_6_(Context_B)_9002,9,2447,2529,81.57,84.3,2.77,B,9002,6,CFD
20241121_Box_2_CFD_Day_6_(Context_B)_9002,-1,2530,2645,84.33,88.17,3.87,B,9002,6,CFD
20241121_Box_2_CFD_Day_6_(Context_B)_9002,9,2646,2894,88.2,96.47,8.3,B,9002,6,CFD
20241121_Box_2_CFD_Day_6_(Context_B)_9002,-1,2895,2977,96.5,99.23,2.77,B,9002,6,CFD
20241121_Box_2_CFD_Day_6_(Context_B)_9002,9,2978,3011,99.27,100.37,1.13,B,9002,6,CFD
20241121_Box_2_CFD_Day_6_(Context_B)_9002,-1,3012,3062,100.4,102.07,1.7,B,9002,6,CFD
20241121_Box_2_CFD_Day_6_(Context_B)_9002,9,3063,3127,102.1,104.23,2.17,B,9002,6,CFD
20241121_Box_2_CFD_Day_6_(Context_B)_9002,-1,3128,3306,104.27,110.2,5.97,B,9002,6,CFD
20241121_Box_2_CFD_Day_6_(Context_B)_9002,9,3307,3373,110.23,112.43,2.23,B,9002,6,CFD
20241121_Box_2_CFD_Day_6_(Context_B)_9002,-1,3374,3392,112.47,113.07,0.63,B,9002,6,CFD
20241121_Box_2_CFD_Day_6_(Context_B)_9002,9,3393,3489,113.1,116.3,3.23,B,9002,6,CFD
20241121_Box_2_CFD_Day_6_(Context_B)_9002,-1,3490,4409,116.33,146.97,30.67,B,9002,6,CFD
20241121_Box_2_CFD_Day_6_(Context_B)_9002,9,4410,4605,147.0,153.5,6.53,B,9002,6,CFD
20241121_Box_2_CFD_Day_6_(Context_B)_9002,-1,4606,4620,153.53,154.0,0.5,B,9002,6,CFD
20241121_Box_2_CFD_Day_6_(Context_B)_9002,9,4621,4672,154.03,155.73,1.73,B,9002,6,CFD
20241121_Box_2_CFD_Day_6_(Context_B)_9002,-1,4673,4684,155.77,156.13,0.4,B,9002,6,CFD
20241121_Box_2_CFD_Day_6_(Context_B)_9002,9,4685,5391,156.17,179.7,23.57,B,9002,6,CFD
20241121_Box_2_CFD_Day_6_(Context_B)_9004,9,0,927,0.0,30.9,30.93,B,9004,6,CFD
20241121_Box_2_CFD_Day_6_(Context_B)_9004,-1,928,943,30.93,31.43,0.53,B,9004,6,CFD
20241121_Box_2_CFD_Day_6_(Context_B)_9004,9,944,2466,31.47,82.2,50.77,B,9004,6,CFD
20241121_Box_2_CFD_Day_6_(Context_B)_9004,-1,2467,2478,82.23,82.6,0.4,B,9004,6,CFD
20241121_Box_2_CFD_Day_6_(Context_B)_9004,9,2479,2911,82.63,97.03,14.43,B,9004,6,CFD
20241121_Box_2_CFD_Day_6_(Context_B)_9004,-1,2912,2947,97.07,98.23,1.2,B,9004,6,CFD
20241121_Box_2_CFD_Day_6_(Context_B)_9004,9,2948,5390,98.27,179.67,81.43,B,9004,6,CFD
20241121_Box_2_CFD_Day_6_(Context_B)_9006,9,0,235,0.0,7.83,7.87,B,9006,6,CFD
20241121_Box_2_CFD_Day_6_(Context_B)_9006,-1,236,279,7.87,9.3,1.47,B,9006,6,CFD
20241121_Box_2_CFD_Day_6_(Context_B)_9006,9,280,285,9.33,9.5,0.2,B,9006,6,CFD
20241121_Box_2_CFD_Day_6_(Context_B)_9006,-1,286,292,9.53,9.73,0.23,B,9006,6,CFD
20241121_Box_2_CFD_Day_6_(Context_B)_9006,9,293,410,9.77,13.67,3.93,B,9006,6,CFD
20241121_Box_2_CFD_Day_6_(Context_B)_9006,-1,411,423,13.7,14.1,0.43,B,9006,6,CFD
20241121_Box_2_CFD_Day_6_(Context_B)_9006,9,424,1916,14.13,63.87,49.77,B,9006,6,CFD
20241121_Box_2_CFD_Day_6_(Context_B)_9006,-1,1917,2139,63.9,71.3,7.43,B,9006,6,CFD
20241121_Box_2_CFD_Day_6_(Context_B)_9006,9,2140,2186,71.33,72.87,1.57,B,9006,6,CFD
20241121_Box_2_CFD_Day_6_(Context_B)_9006,-1,2187,2465,72.9,82.17,9.3,B,9006,6,CFD
20241121_Box_2_CFD_Day_6_(Context_B)_9006,9,2466,2530,82.2,84.33,2.17,B,9006,6,CFD
20241121_Box_2_CFD_Day_6_(Context_B)_9006,-1,2531,2624,84.37,87.47,3.13,B,9006,6,CFD
20241121_Box_2_CFD_Day_6_(Context_B)_9006,9,2625,3170,87.5,105.67,18.2,B,9006,6,CFD
20241121_Box_2_CFD_Day_6_(Context_B)_9006,-1,3171,3183,105.7,106.1,0.43,B,9006,6,CFD
20241121_Box_2_CFD_Day_6_(Context_B)_9006,9,3184,5390,106.13,179.67,73.57,B,9006,6,CFD
20241121_Box_2_CFD_Day_6_(Context_B)_9008,9,0,1715,0.0,57.17,57.2,B,9008,6,CFD
20241121_Box_2_CFD_Day_6_(Context_B)_9008,8,1716,1740,57.2,58.0,0.83,B,9008,6,CFD
20241121_Box_2_CFD_Day_6_(Context_B)_9008,9,1741,3853,58.03,128.43,70.43,B,9008,6,CFD
20241121_Box_2_CFD_Day_6_(Context_B)_9008,9,3855,4206,128.5,140.2,11.73,B,9008,6,CFD
20241121_Box_2_CFD_Day_6_(Context_B)_9008,-1,4207,4221,140.23,140.7,0.5,B,9008,6,CFD
20241121_Box_2_CFD_Day_6_(Context_B)_9008,9,4222,4307,140.73,143.57,2.87,B,9008,6,CFD
20241121_Box_2_CFD_Day_6_(Context_B)_9008,-1,4308,4317,143.6,143.9,0.33,B,9008,6,CFD
20241121_Box_2_CFD_Day_6_(Context_B)_9008,9,4318,4745,143.93,158.17,14.27,B,9008,6,CFD
20241121_Box_2_CFD_Day_6_(Context_B)_9008,9,4748,4848,158.27,161.6,3.37,B,9008,6,CFD
20241121_Box_2_CFD_Day_6_(Context_B)_9008,-1,4849,4883,161.63,162.77,1.17,B,9008,6,CFD
20241121_Box_2_CFD_Day_6_(Context_B)_9008,9,4884,4906,162.8,163.53,0.77,B,9008,6,CFD
20241121_Box_2_CFD_Day_6_(Context_B)_9008,-1,4907,5007,163.57,166.9,3.37,B,9008,6,CFD
20241121_Box_2_CFD_Day_6_(Context_B)_9008,9,5008,5064,166.93,168.8,1.9,B,9008,6,CFD
20241121_Box_2_CFD_Day_6_(Context_B)_9008,-1,5065,5071,168.83,169.03,0.23,B,9008,6,CFD
20241121_Box_2_CFD_Day_6_(Context_B)_9008,9,5072,5372,169.07,179.07,10.03,B,9008,6,CFD
20241121_Box_2_CFD_Day_6_(Context_B)_9008,-1,5373,5390,179.1,179.67,0.6,B,9008,6,CFD
20241121_Box_2_CFD_Day_6_(Context_B)_9010,9,0,2627,0.0,87.57,87.6,B,9010,6,CFD
20241121_Box_2_CFD_Day_6_(Context_B)_9010,-1,2628,2719,87.6,90.63,3.07,B,9010,6,CFD
20241121_Box_2_CFD_Day_6_(Context_B)_9010,9,2720,2776,90.67,92.53,1.9,B,9010,6,CFD
20241121_Box_2_CFD_Day_6_(Context_B)_9010,-1,2777,2869,92.57,95.63,3.1,B,9010,6,CFD
20241121_Box_2_CFD_Day_6_(Context_B)_9010,9,2870,2971,95.67,99.03,3.4,B,9010,6,CFD
20241121_Box_2_CFD_Day_6_(Context_B)_9010,-1,2972,3029,99.07,100.97,1.93,B,9010,6,CFD
20241121_Box_2_CFD_Day_6_(Context_B)_9010,9,3030,3064,101.0,102.13,1.17,B,9010,6,CFD
20241121_Box_2_CFD_Day_6_(Context_B)_9010,-1,3065,3115,102.17,103.83,1.7,B,9010,6,CFD
20241121_Box_2_CFD_Day_6_(Context_B)_9010,9,3116,3329,103.87,110.97,7.13,B,9010,6,CFD
20241121_Box_2_CFD_Day_6_(Context_B)_9010,-1,3330,3390,111.0,113.0,2.03,B,9010,6,CFD
20241121_Box_2_CFD_Day_6_(Context_B)_9010,9,3391,3428,113.03,114.27,1.27,B,9010,6,CFD
20241121_Box_2_CFD_Day_6_(Context_B)_9010,-1,3429,3536,114.3,117.87,3.6,B,9010,6,CFD
20241121_Box_2_CFD_Day_6_(Context_B)_9010,9,3537,4442,117.9,148.07,30.2,B,9010,6,CFD
20241121_Box_2_CFD_Day_6_(Context_B)_9010,-1,4443,4496,148.1,149.87,1.8,B,9010,6,CFD
20241121_Box_2_CFD_Day_6_(Context_B)_9010,9,4497,5391,149.9,179.7,29.83,B,9010,6,CFD
20241121_Box_2_CFD_Day_6_(Context_B)_9012,9,0,3018,0.0,100.6,100.63,B,9012,6,CFD
20241121_Box_2_CFD_Day_6_(Context_B)_9012,-1,3019,3047,100.63,101.57,0.97,B,9012,6,CFD
20241121_Box_2_CFD_Day_6_(Context_B)_9012,9,3048,3284,101.6,109.47,7.9,B,9012,6,CFD
20241121_Box_2_CFD_Day_6_(Context_B)_9012,-1,3285,3325,109.5,110.83,1.37,B,9012,6,CFD
20241121_Box_2_CFD_Day_6_(Context_B)_9012,9,3326,3429,110.87,114.3,3.47,B,9012,6,CFD
20241121_Box_2_CFD_Day_6_(Context_B)_9012,-1,3430,3439,114.33,114.63,0.33,B,9012,6,CFD
20241121_Box_2_CFD_Day_6_(Context_B)_9012,9,3440,3562,114.67,118.73,4.1,B,9012,6,CFD
20241121_Box_2_CFD_Day_6_(Context_B)_9012,-1,3563,3606,118.77,120.2,1.47,B,9012,6,CFD
20241121_Box_2_CFD_Day_6_(Context_B)_9012,9,3607,3985,120.23,132.83,12.63,B,9012,6,CFD
20241121_Box_2_CFD_Day_6_(Context_B)_9012,-1,3986,4883,132.87,162.77,29.93,B,9012,6,CFD
20241121_Box_2_CFD_Day_6_(Context_B)_9012,9,4884,5391,162.8,179.7,16.93,B,9012,6,CFD
20241121_Box_2_CFD_Day_6_(Context_B)_9014,9,0,1635,0.0,54.5,54.53,B,9014,6,CFD
20241121_Box_2_CFD_Day_6_(Context_B)_9014,-1,1636,1661,54.53,55.37,0.87,B,9014,6,CFD
20241121_Box_2_CFD_Day_6_(Context_B)_9014,9,1662,2353,55.4,78.43,23.07,B,9014,6,CFD
20241121_Box_2_CFD_Day_6_(Context_B)_9014,-1,2354,2362,78.47,78.73,0.3,B,9014,6,CFD
20241121_Box_2_CFD_Day_6_(Context_B)_9014,9,2363,3383,78.77,112.77,34.03,B,9014,6,CFD
20241121_Box_2_CFD_Day_6_(Context_B)_9014,-1,3384,3396,112.8,113.2,0.43,B,9014,6,CFD
20241121_Box_2_CFD_Day_6_(Context_B)_9014,9,3397,3956,113.23,131.87,18.67,B,9014,6,CFD
20241121_Box_2_CFD_Day_6_(Context_B)_9014,3,3957,4005,131.9,133.5,1.63,B,9014,6,CFD
20241121_Box_2_CFD_Day_6_(Context_B)_9014,9,4006,5236,133.53,174.53,41.03,B,9014,6,CFD
20241121_Box_2_CFD_Day_6_(Context_B)_9014,3,5237,5291,174.57,176.37,1.83,B,9014,6,CFD
20241121_Box_2_CFD_Day_6_(Context_B)_9014,9,5292,5390,176.4,179.67,3.3,B,9014,6,CFD
20241121_Box_2_CFD_Day_6_(Context_B)_9016,9,0,2338,0.0,77.93,77.97,B,9016,6,CFD
20241121_Box_2_CFD_Day_6_(Context_B)_9016,-1,2339,2346,77.97,78.2,0.27,B,9016,6,CFD
20241121_Box_2_CFD_Day_6_(Context_B)_9016,9,2347,2652,78.23,88.4,10.2,B,9016,6,CFD
20241121_Box_2_CFD_Day_6_(Context_B)_9016,5,2653,2666,88.43,88.87,0.47,B,9016,6,CFD
20241121_Box_2_CFD_Day_6_(Context_B)_9016,9,2667,2865,88.9,95.5,6.63,B,9016,6,CFD
20241121_Box_2_CFD_Day_6_(Context_B)_9016,5,2866,2929,95.53,97.63,2.13,B,9016,6,CFD
20241121_Box_2_CFD_Day_6_(Context_B)_9016,9,2930,2962,97.67,98.73,1.1,B,9016,6,CFD
20241121_Box_2_CFD_Day_6_(Context_B)_9016,5,2963,2982,98.77,99.4,0.67,B,9016,6,CFD
20241121_Box_2_CFD_Day_6_(Context_B)_9016,9,2983,3026,99.43,100.87,1.47,B,9016,6,CFD
20241121_Box_2_CFD_Day_6_(Context_B)_9016,5,3027,3139,100.9,104.63,3.77,B,9016,6,CFD
20241121_Box_2_CFD_Day_6_(Context_B)_9016,9,3140,3254,104.67,108.47,3.83,B,9016,6,CFD
20241121_Box_2_CFD_Day_6_(Context_B)_9016,5,3255,4364,108.5,145.47,37.0,B,9016,6,CFD
20241121_Box_2_CFD_Day_6_(Context_B)_9016,9,4365,4394,145.5,146.47,1.0,B,9016,6,CFD
20241121_Box_2_CFD_Day_6_(Context_B)_9016,5,4395,4408,146.5,146.93,0.47,B,9016,6,CFD
20241121_Box_2_CFD_Day_6_(Context_B)_9016,9,4409,5389,146.97,179.63,32.7,B,9016,6,CFD
20241122_Box_1_CFD_Day_7_(Context_A)_9001,9,0,2658,0.0,88.6,88.63,A,9001,7,CFD
20241122_Box_1_CFD_Day_7_(Context_A)_9001,-1,2659,3070,88.63,102.33,13.73,A,9001,7,CFD
20241122_Box_1_CFD_Day_7_(Context_A)_9001,9,3071,6301,102.37,210.03,107.7,A,9001,7,CFD
20241122_Box_1_CFD_Day_7_(Context_A)_9003,9,0,510,0.0,17.0,17.03,A,9003,7,CFD
20241122_Box_1_CFD_Day_7_(Context_A)_9003,-1,511,538,17.03,17.93,0.93,A,9003,7,CFD
20241122_Box_1_CFD_Day_7_(Context_A)_9003,9,539,989,17.97,32.97,15.03,A,9003,7,CFD
20241122_Box_1_CFD_Day_7_(Context_A)_9003,-1,990,1022,33.0,34.07,1.1,A,9003,7,CFD
20241122_Box_1_CFD_Day_7_(Context_A)_9003,9,1023,6301,34.1,210.03,175.97,A,9003,7,CFD
20241122_Box_1_CFD_Day_7_(Context_A)_9005,9,0,3990,0.0,133.0,133.03,A,9005,7,CFD
20241122_Box_1_CFD_Day_7_(Context_A)_9005,-1,3991,4018,133.03,133.93,0.93,A,9005,7,CFD
20241122_Box_1_CFD_Day_7_(Context_A)_9005,9,4019,6301,133.97,210.03,76.1,A,9005,7,CFD
20241122_Box_1_CFD_Day_7_(Context_A)_9007,9,0,177,0.0,5.9,5.93,A,9007,7,CFD
20241122_Box_1_CFD_Day_7_(Context_A)_9007,-1,178,187,5.93,6.23,0.33,A,9007,7,CFD
20241122_Box_1_CFD_Day_7_(Context_A)_9007,9,188,719,6.27,23.97,17.73,A,9007,7,CFD
20241122_Box_1_CFD_Day_7_(Context_A)_9007,-1,720,730,24.0,24.33,0.37,A,9007,7,CFD
20241122_Box_1_CFD_Day_7_(Context_A)_9007,9,731,965,24.37,32.17,7.83,A,9007,7,CFD
20241122_Box_1_CFD_Day_7_(Context_A)_9007,-1,966,1033,32.2,34.43,2.27,A,9007,7,CFD
20241122_Box_1_CFD_Day_7_(Context_A)_9007,9,1034,1104,34.47,36.8,2.37,A,9007,7,CFD
20241122_Box_1_CFD_Day_7_(Context_A)_9007,-1,1105,1134,36.83,37.8,1.0,A,9007,7,CFD
20241122_Box_1_CFD_Day_7_(Context_A)_9007,9,1135,1245,37.83,41.5,3.7,A,9007,7,CFD
20241122_Box_1_CFD_Day_7_(Context_A)_9007,-1,1246,1264,41.53,42.13,0.63,A,9007,7,CFD
20241122_Box_1_CFD_Day_7_(Context_A)_9007,9,1265,1407,42.17,46.9,4.77,A,9007,7,CFD
20241122_Box_1_CFD_Day_7_(Context_A)_9007,-1,1408,1429,46.93,47.63,0.73,A,9007,7,CFD
20241122_Box_1_CFD_Day_7_(Context_A)_9007,9,1430,1483,47.67,49.43,1.8,A,9007,7,CFD
20241122_Box_1_CFD_Day_7_(Context_A)_9007,-1,1484,1594,49.47,53.13,3.7,A,9007,7,CFD
20241122_Box_1_CFD_Day_7_(Context_A)_9007,9,1595,1819,53.17,60.63,7.5,A,9007,7,CFD
20241122_Box_1_CFD_Day_7_(Context_A)_9007,-1,1820,2016,60.67,67.2,6.57,A,9007,7,CFD
20241122_Box_1_CFD_Day_7_(Context_A)_9007,9,2017,2075,67.23,69.17,1.97,A,9007,7,CFD
20241122_Box_1_CFD_Day_7_(Context_A)_9007,-1,2076,2133,69.2,71.1,1.93,A,9007,7,CFD
20241122_Box_1_CFD_Day_7_(Context_A)_9007,9,2134,4143,71.13,138.1,67.0,A,9007,7,CFD
20241122_Box_1_CFD_Day_7_(Context_A)_9007,6,4144,4211,138.13,140.37,2.27,A,9007,7,CFD
20241122_Box_1_CFD_Day_7_(Context_A)_9007,9,4212,4245,140.4,141.5,1.13,A,9007,7,CFD
20241122_Box_1_CFD_Day_7_(Context_A)_9007,-1,4246,4274,141.53,142.47,0.97,A,9007,7,CFD
20241122_Box_1_CFD_Day_7_(Context_A)_9007,9,4275,4306,142.5,143.53,1.07,A,9007,7,CFD
20241122_Box_1_CFD_Day_7_(Context_A)_9007,6,4307,4434,143.57,147.8,4.27,A,9007,7,CFD
20241122_Box_1_CFD_Day_7_(Context_A)_9007,9,4435,4523,147.83,150.77,2.97,A,9007,7,CFD
20241122_Box_1_CFD_Day_7_(Context_A)_9007,6,4524,4573,150.8,152.43,1.67,A,9007,7,CFD
20241122_Box_1_CFD_Day_7_(Context_A)_9007,9,4574,4681,152.47,156.03,3.6,A,9007,7,CFD
20241122_Box_1_CFD_Day_7_(Context_A)_9007,6,4682,4729,156.07,157.63,1.6,A,9007,7,CFD
20241122_Box_1_CFD_Day_7_(Context_A)_9007,9,4730,4807,157.67,160.23,2.6,A,9007,7,CFD
20241122_Box_1_CFD_Day_7_(Context_A)_9007,6,4808,5001,160.27,166.7,6.47,A,9007,7,CFD
20241122_Box_1_CFD_Day_7_(Context_A)_9007,9,5002,5142,166.73,171.4,4.7,A,9007,7,CFD
20241122_Box_1_CFD_Day_7_(Context_A)_9007,-1,5143,5297,171.43,176.57,5.17,A,9007,7,CFD
20241122_Box_1_CFD_Day_7_(Context_A)_9007,9,5298,5684,176.6,189.47,12.9,A,9007,7,CFD
20241122_Box_1_CFD_Day_7_(Context_A)_9007,-1,5685,5697,189.5,189.9,0.43,A,9007,7,CFD
20241122_Box_1_CFD_Day_7_(Context_A)_9007,9,5698,6300,189.93,210.0,20.1,A,9007,7,CFD
20241122_Box_1_CFD_Day_7_(Context_A)_9009,-1,0,29,0.0,0.97,1.0,A,9009,7,CFD
20241122_Box_1_CFD_Day_7_(Context_A)_9009,9,30,42,1.0,1.4,0.43,A,9009,7,CFD
20241122_Box_1_CFD_Day_7_(Context_A)_9009,-1,43,62,1.43,2.07,0.67,A,9009,7,CFD
20241122_Box_1_CFD_Day_7_(Context_A)_9009,9,63,93,2.1,3.1,1.03,A,9009,7,CFD
20241122_Box_1_CFD_Day_7_(Context_A)_9009,-1,94,112,3.13,3.73,0.63,A,9009,7,CFD
20241122_Box_1_CFD_Day_7_(Context_A)_9009,9,113,404,3.77,13.47,9.73,A,9009,7,CFD
20241122_Box_1_CFD_Day_7_(Context_A)_9009,-1,405,780,13.5,26.0,12.53,A,9009,7,CFD
20241122_Box_1_CFD_Day_7_(Context_A)_9009,9,781,1307,26.03,43.57,17.57,A,9009,7,CFD
20241122_Box_1_CFD_Day_7_(Context_A)_9009,-1,1308,1765,43.6,58.83,15.27,A,9009,7,CFD
20241122_Box_1_CFD_Day_7_(Context_A)_9009,9,1766,4925,58.87,164.17,105.33,A,9009,7,CFD
20241122_Box_1_CFD_Day_7_(Context_A)_9009,-1,4926,4999,164.2,166.63,2.47,A,9009,7,CFD
20241122_Box_1_CFD_Day_7_(Context_A)_9009,9,5000,5033,166.67,167.77,1.13,A,9009,7,CFD
20241122_Box_1_CFD_Day_7_(Context_A)_9009,-1,5034,5109,167.8,170.3,2.53,A,9009,7,CFD
20241122_Box_1_CFD_Day_7_(Context_A)_9009,9,5110,5190,170.33,173.0,2.7,A,9009,7,CFD
20241122_Box_1_CFD_Day_7_(Context_A)_9009,-1,5191,5295,173.03,176.5,3.5,A,9009,7,CFD
20241122_Box_1_CFD_Day_7_(Context_A)_9009,9,5296,5807,176.53,193.57,17.07,A,9009,7,CFD
20241122_Box_1_CFD_Day_7_(Context_A)_9009,-1,5808,5833,193.6,194.43,0.87,A,9009,7,CFD
20241122_Box_1_CFD_Day_7_(Context_A)_9009,9,5834,5952,194.47,198.4,3.97,A,9009,7,CFD
20241122_Box_1_CFD_Day_7_(Context_A)_9009,-1,5953,6178,198.43,205.93,7.53,A,9009,7,CFD
20241122_Box_1_CFD_Day_7_(Context_A)_9009,9,6179,6301,205.97,210.03,4.1,A,9009,7,CFD
20241122_Box_1_CFD_Day_7_(Context_A)_9011,9,0,4302,0.0,143.4,143.43,A,9011,7,CFD
20241122_Box_1_CFD_Day_7_(Context_A)_9011,-1,4303,4311,143.43,143.7,0.3,A,9011,7,CFD
20241122_Box_1_CFD_Day_7_(Context_A)_9011,9,4312,4344,143.73,144.8,1.1,A,9011,7,CFD
20241122_Box_1_CFD_Day_7_(Context_A)_9011,-1,4345,5163,144.83,172.1,27.3,A,9011,7,CFD
20241122_Box_1_CFD_Day_7_(Context_A)_9011,9,5164,6301,172.13,210.03,37.93,A,9011,7,CFD
20241122_Box_1_CFD_Day_7_(Context_A)_9013,9,4,14,0.13,0.47,0.37,A,9013,7,CFD
20241122_Box_1_CFD_Day_7_(Context_A)_9013,-1,15,24,0.5,0.8,0.33,A,9013,7,CFD
20241122_Box_1_CFD_Day_7_(Context_A)_9013,9,25,1396,0.83,46.53,45.73,A,9013,7,CFD
20241122_Box_1_CFD_Day_7_(Context_A)_9013,-1,1397,1739,46.57,57.97,11.43,A,9013,7,CFD
20241122_Box_1_CFD_Day_7_(Context_A)_9013,9,1740,1836,58.0,61.2,3.23,A,9013,7,CFD
20241122_Box_1_CFD_Day_7_(Context_A)_9013,-1,1837,1863,61.23,62.1,0.9,A,9013,7,CFD
20241122_Box_1_CFD_Day_7_(Context_A)_9013,9,1864,3173,62.13,105.77,43.67,A,9013,7,CFD
20241122_Box_1_CFD_Day_7_(Context_A)_9013,-1,3174,3182,105.8,106.07,0.3,A,9013,7,CFD
20241122_Box_1_CFD_Day_7_(Context_A)_9013,9,3183,5007,106.1,166.9,60.83,A,9013,7,CFD
20241122_Box_1_CFD_Day_7_(Context_A)_9013,-1,5008,5159,166.93,171.97,5.07,A,9013,7,CFD
20241122_Box_1_CFD_Day_7_(Context_A)_9013,9,5160,5196,172.0,173.2,1.23,A,9013,7,CFD
20241122_Box_1_CFD_Day_7_(Context_A)_9013,-1,5197,5215,173.23,173.83,0.63,A,9013,7,CFD
20241122_Box_1_CFD_Day_7_(Context_A)_9013,9,5216,5253,173.87,175.1,1.27,A,9013,7,CFD
20241122_Box_1_CFD_Day_7_(Context_A)_9013,-1,5254,5394,175.13,179.8,4.7,A,9013,7,CFD
20241122_Box_1_CFD_Day_7_(Context_A)_9013,9,5395,6301,179.83,210.03,30.23,A,9013,7,CFD
20241122_Box_1_CFD_Day_7_(Context_A)_9015,9,0,48,0.0,1.6,1.63,A,9015,7,CFD
20241122_Box_1_CFD_Day_7_(Context_A)_9015,-1,49,122,1.63,4.07,2.47,A,9015,7,CFD
20241122_Box_1_CFD_Day_7_(Context_A)_9015,9,123,295,4.1,9.83,5.77,A,9015,7,CFD
20241122_Box_1_CFD_Day_7_(Context_A)_9015,-1,296,305,9.87,10.17,0.33,A,9015,7,CFD
20241122_Box_1_CFD_Day_7_(Context_A)_9015,9,306,383,10.2,12.77,2.6,A,9015,7,CFD
20241122_Box_1_CFD_Day_7_(Context_A)_9015,-1,384,672,12.8,22.4,9.63,A,9015,7,CFD
20241122_Box_1_CFD_Day_7_(Context_A)_9015,9,675,742,22.5,24.73,2.27,A,9015,7,CFD
20241122_Box_1_CFD_Day_7_(Context_A)_9015,3,743,772,24.77,25.73,1.0,A,9015,7,CFD
20241122_Box_1_CFD_Day_7_(Context_A)_9015,9,773,1453,25.77,48.43,22.7,A,9015,7,CFD
20241122_Box_1_CFD_Day_7_(Context_A)_9015,-1,1454,2305,48.47,76.83,28.4,A,9015,7,CFD
20241122_Box_1_CFD_Day_7_(Context_A)_9015,9,2306,2634,76.87,87.8,10.97,A,9015,7,CFD
20241122_Box_1_CFD_Day_7_(Context_A)_9015,-1,2635,2949,87.83,98.3,10.5,A,9015,7,CFD
20241122_Box_1_CFD_Day_7_(Context_A)_9015,9,2950,3932,98.33,131.07,32.77,A,9015,7,CFD
20241122_Box_1_CFD_Day_7_(Context_A)_9015,-1,3933,3960,131.1,132.0,0.93,A,9015,7,CFD
20241122_Box_1_CFD_Day_7_(Context_A)_9015,9,3961,4053,132.03,135.1,3.1,A,9015,7,CFD
20241122_Box_1_CFD_Day_7_(Context_A)_9015,-1,4054,4131,135.13,137.7,2.6,A,9015,7,CFD
20241122_Box_1_CFD_Day_7_(Context_A)_9015,9,4132,4291,137.73,143.03,5.33,A,9015,7,CFD
20241122_Box_1_CFD_Day_7_(Context_A)_9015,-1,4292,4381,143.07,146.03,3.0,A,9015,7,CFD
20241122_Box_1_CFD_Day_7_(Context_A)_9015,9,4382,4488,146.07,149.6,3.57,A,9015,7,CFD
20241122_Box_1_CFD_Day_7_(Context_A)_9015,-1,4489,4610,149.63,153.67,4.07,A,9015,7,CFD
20241122_Box_1_CFD_Day_7_(Context_A)_9015,9,4611,4714,153.7,157.13,3.47,A,9015,7,CFD
20241122_Box_1_CFD_Day_7_(Context_A)_9015,-1,4715,4741,157.17,158.03,0.9,A,9015,7,CFD
20241122_Box_1_CFD_Day_7_(Context_A)_9015,9,4742,4998,158.07,166.6,8.57,A,9015,7,CFD
20241122_Box_1_CFD_Day_7_(Context_A)_9015,-1,4999,5030,166.63,167.67,1.07,A,9015,7,CFD
20241122_Box_1_CFD_Day_7_(Context_A)_9015,9,5031,5066,167.7,168.87,1.2,A,9015,7,CFD
20241122_Box_1_CFD_Day_7_(Context_A)_9015,-1,5067,5099,168.9,169.97,1.1,A,9015,7,CFD
20241122_Box_1_CFD_Day_7_(Context_A)_9015,9,5100,5854,170.0,195.13,25.17,A,9015,7,CFD
20241122_Box_1_CFD_Day_7_(Context_A)_9015,-1,5855,5875,195.17,195.83,0.7,A,9015,7,CFD
20241122_Box_1_CFD_Day_7_(Context_A)_9015,9,5876,5914,195.87,197.13,1.3,A,9015,7,CFD
20241122_Box_1_CFD_Day_7_(Context_A)_9015,-1,5915,5973,197.17,199.1,1.97,A,9015,7,CFD
20241122_Box_1_CFD_Day_7_(Context_A)_9015,9,5974,6009,199.13,200.3,1.2,A,9015,7,CFD
20241122_Box_1_CFD_Day_7_(Context_A)_9015,-1,6010,6032,200.33,201.07,0.77,A,9015,7,CFD
20241122_Box_1_CFD_Day_7_(Context_A)_9015,9,6033,6301,201.1,210.03,8.97,A,9015,7,CFD
20241122_Box_1_CFD_Day_7_(Context_B)_9002,9,0,126,0.0,4.2,4.23,B,9002,7,CFD
20241122_Box_1_CFD_Day_7_(Context_B)_9002,-1,127,163,4.23,5.43,1.23,B,9002,7,CFD
20241122_Box_1_CFD_Day_7_(Context_B)_9002,9,164,3132,5.47,104.4,98.97,B,9002,7,CFD
20241122_Box_1_CFD_Day_7_(Context_B)_9002,-1,3133,3263,104.43,108.77,4.37,B,9002,7,CFD
20241122_Box_1_CFD_Day_7_(Context_B)_9002,9,3264,3346,108.8,111.53,2.77,B,9002,7,CFD
20241122_Box_1_CFD_Day_7_(Context_B)_9002,-1,3347,3375,111.57,112.5,0.97,B,9002,7,CFD
20241122_Box_1_CFD_Day_7_(Context_B)_9002,9,3376,3676,112.53,122.53,10.03,B,9002,7,CFD
20241122_Box_1_CFD_Day_7_(Context_B)_9002,-1,3677,3851,122.57,128.37,5.83,B,9002,7,CFD
20241122_Box_1_CFD_Day_7_(Context_B)_9002,7,3852,3868,128.4,128.93,0.57,B,9002,7,CFD
20241122_Box_1_CFD_Day_7_(Context_B)_9002,-1,3869,3894,128.97,129.8,0.87,B,9002,7,CFD
20241122_Box_1_CFD_Day_7_(Context_B)_9002,9,3895,3944,129.83,131.47,1.67,B,9002,7,CFD
20241122_Box_1_CFD_Day_7_(Context_B)_9002,-1,3945,4046,131.5,134.87,3.4,B,9002,7,CFD
20241122_Box_1_CFD_Day_7_(Context_B)_9002,9,4047,4147,134.9,138.23,3.37,B,9002,7,CFD
20241122_Box_1_CFD_Day_7_(Context_B)_9002,-1,4148,4168,138.27,138.93,0.7,B,9002,7,CFD
20241122_Box_1_CFD_Day_7_(Context_B)_9002,9,4169,5390,138.97,179.67,40.73,B,9002,7,CFD
20241122_Box_1_CFD_Day_7_(Context_B)_9003,9,0,510,0.0,17.0,17.03,B,9003,7,CFD
20241122_Box_1_CFD_Day_7_(Context_B)_9003,-1,511,537,17.03,17.9,0.9,B,9003,7,CFD
20241122_Box_1_CFD_Day_7_(Context_B)_9003,9,538,959,17.93,31.97,14.07,B,9003,7,CFD
20241122_Box_1_CFD_Day_7_(Context_B)_9003,9,965,1059,32.17,35.3,3.17,B,9003,7,CFD
20241122_Box_1_CFD_Day_7_(Context_B)_9003,-1,1060,1074,35.33,35.8,0.5,B,9003,7,CFD
20241122_Box_1_CFD_Day_7_(Context_B)_9003,9,1075,1088,35.83,36.27,0.47,B,9003,7,CFD
20241122_Box_1_CFD_Day_7_(Context_B)_9003,-1,1089,1144,36.3,38.13,1.87,B,9003,7,CFD
20241122_Box_1_CFD_Day_7_(Context_B)_9003,9,1145,2980,38.17,99.33,61.2,B,9003,7,CFD
20241122_Box_1_CFD_Day_7_(Context_B)_9003,-1,2981,3054,99.37,101.8,2.47,B,9003,7,CFD
20241122_Box_1_CFD_Day_7_(Context_B)_9003,9,3055,3103,101.83,103.43,1.63,B,9003,7,CFD
20241122_Box_1_CFD_Day_7_(Context_B)_9003,-1,3104,3112,103.47,103.73,0.3,B,9003,7,CFD
20241122_Box_1_CFD_Day_7_(Context_B)_9003,9,3113,3498,103.77,116.6,12.87,B,9003,7,CFD
20241122_Box_1_CFD_Day_7_(Context_B)_9003,9,3502,5370,116.73,179.0,62.3,B,9003,7,CFD
20241122_Box_1_CFD_Day_7_(Context_B)_9003,-1,5371,5379,179.03,179.3,0.3,B,9003,7,CFD
20241122_Box_1_CFD_Day_7_(Context_B)_9003,9,5380,5390,179.33,179.67,0.37,B,9003,7,CFD
20241122_Box_1_CFD_Day_7_(Context_B)_9005,9,0,480,0.0,16.0,16.03,B,9005,7,CFD
20241122_Box_1_CFD_Day_7_(Context_B)_9005,-1,481,501,16.03,16.7,0.7,B,9005,7,CFD
20241122_Box_1_CFD_Day_7_(Context_B)_9005,9,502,569,16.73,18.97,2.27,B,9005,7,CFD
20241122_Box_1_CFD_Day_7_(Context_B)_9005,-1,570,607,19.0,20.23,1.27,B,9005,7,CFD
20241122_Box_1_CFD_Day_7_(Context_B)_9005,9,608,615,20.27,20.5,0.27,B,9005,7,CFD
20241122_Box_1_CFD_Day_7_(Context_B)_9005,-1,616,664,20.53,22.13,1.63,B,9005,7,CFD
20241122_Box_1_CFD_Day_7_(Context_B)_9005,9,665,1731,22.17,57.7,35.57,B,9005,7,CFD
20241122_Box_1_CFD_Day_7_(Context_B)_9005,-1,1732,1740,57.73,58.0,0.3,B,9005,7,CFD
20241122_Box_1_CFD_Day_7_(Context_B)_9005,9,1741,3300,58.03,110.0,52.0,B,9005,7,CFD
20241122_Box_1_CFD_Day_7_(Context_B)_9005,9,3305,3312,110.17,110.4,0.27,B,9005,7,CFD
20241122_Box_1_CFD_Day_7_(Context_B)_9005,7,3313,3336,110.43,111.2,0.8,B,9005,7,CFD
20241122_Box_1_CFD_Day_7_(Context_B)_9005,-1,3337,3400,111.23,113.33,2.13,B,9005,7,CFD
20241122_Box_1_CFD_Day_7_(Context_B)_9005,7,3401,3423,113.37,114.1,0.77,B,9005,7,CFD
20241122_Box_1_CFD_Day_7_(Context_B)_9005,-1,3424,3607,114.13,120.23,6.13,B,9005,7,CFD
20241122_Box_1_CFD_Day_7_(Context_B)_9005,9,3608,3637,120.27,121.23,1.0,B,9005,7,CFD
20241122_Box_1_CFD_Day_7_(Context_B)_9005,-1,3638,4619,121.27,153.97,32.73,B,9005,7,CFD
20241122_Box_1_CFD_Day_7_(Context_B)_9005,9,4620,5357,154.0,178.57,24.6,B,9005,7,CFD
20241122_Box_1_CFD_Day_7_(Context_B)_9005,-1,5358,5374,178.6,179.13,0.57,B,9005,7,CFD
20241122_Box_1_CFD_Day_7_(Context_B)_9005,9,5375,5391,179.17,179.7,0.57,B,9005,7,CFD
20241122_Box_1_CFD_Day_7_(Context_B)_9007,7,0,28,0.0,0.93,0.97,B,9007,7,CFD
20241122_Box_1_CFD_Day_7_(Context_B)_9007,9,29,158,0.97,5.27,4.33,B,9007,7,CFD
20241122_Box_1_CFD_Day_7_(Context_B)_9007,-1,159,179,5.3,5.97,0.7,B,9007,7,CFD
20241122_Box_1_CFD_Day_7_(Context_B)_9007,9,180,412,6.0,13.73,7.77,B,9007,7,CFD
20241122_Box_1_CFD_Day_7_(Context_B)_9007,7,413,484,13.77,16.13,2.4,B,9007,7,CFD
20241122_Box_1_CFD_Day_7_(Context_B)_9007,9,485,1547,16.17,51.57,35.43,B,9007,7,CFD
20241122_Box_1_CFD_Day_7_(Context_B)_9007,3,1548,1787,51.6,59.57,8.0,B,9007,7,CFD
20241122_Box_1_CFD_Day_7_(Context_B)_9007,9,1788,2102,59.6,70.07,10.5,B,9007,7,CFD
20241122_Box_1_CFD_Day_7_(Context_B)_9007,9,2104,2988,70.13,99.6,29.5,B,9007,7,CFD
20241122_Box_1_CFD_Day_7_(Context_B)_9007,-1,2989,2995,99.63,99.83,0.23,B,9007,7,CFD
20241122_Box_1_CFD_Day_7_(Context_B)_9007,9,2996,5391,99.87,179.7,79.87,B,9007,7,CFD
20241122_Box_1_CFD_Day_7_(Context_B)_9009,9,0,395,0.0,13.17,13.2,B,9009,7,CFD
20241122_Box_1_CFD_Day_7_(Context_B)_9009,-1,396,550,13.2,18.33,5.17,B,9009,7,CFD
20241122_Box_1_CFD_Day_7_(Context_B)_9009,9,551,1053,18.37,35.1,16.77,B,9009,7,CFD
20241122_Box_1_CFD_Day_7_(Context_B)_9009,-1,1054,1062,35.13,35.4,0.3,B,9009,7,CFD
20241122_Box_1_CFD_Day_7_(Context_B)_9009,9,1063,1189,35.43,39.63,4.23,B,9009,7,CFD
20241122_Box_1_CFD_Day_7_(Context_B)_9009,-1,1190,2328,39.67,77.6,37.97,B,9009,7,CFD
20241122_Box_1_CFD_Day_7_(Context_B)_9009,9,2329,2491,77.63,83.03,5.43,B,9009,7,CFD
20241122_Box_1_CFD_Day_7_(Context_B)_9009,-1,2492,2817,83.07,93.9,10.87,B,9009,7,CFD
20241122_Box_1_CFD_Day_7_(Context_B)_9009,9,2818,2852,93.93,95.07,1.17,B,9009,7,CFD
20241122_Box_1_CFD_Day_7_(Context_B)_9009,-1,2853,3059,95.1,101.97,6.9,B,9009,7,CFD
20241122_Box_1_CFD_Day_7_(Context_B)_9009,9,3060,3151,102.0,105.03,3.07,B,9009,7,CFD
20241122_Box_1_CFD_Day_7_(Context_B)_9009,-1,3152,3216,105.07,107.2,2.17,B,9009,7,CFD
20241122_Box_1_CFD_Day_7_(Context_B)_9009,9,3217,3250,107.23,108.33,1.13,B,9009,7,CFD
20241122_Box_1_CFD_Day_7_(Context_B)_9009,-1,3251,3404,108.37,113.47,5.13,B,9009,7,CFD
20241122_Box_1_CFD_Day_7_(Context_B)_9009,9,3405,3476,113.5,115.87,2.4,B,9009,7,CFD
20241122_Box_1_CFD_Day_7_(Context_B)_9009,-1,3477,3551,115.9,118.37,2.5,B,9009,7,CFD
20241122_Box_1_CFD_Day_7_(Context_B)_9009,9,3552,3687,118.4,122.9,4.53,B,9009,7,CFD
20241122_Box_1_CFD_Day_7_(Context_B)_9009,-1,3688,3943,122.93,131.43,8.53,B,9009,7,CFD
20241122_Box_1_CFD_Day_7_(Context_B)_9009,9,3944,3986,131.47,132.87,1.43,B,9009,7,CFD
20241122_Box_1_CFD_Day_7_(Context_B)_9009,-1,3987,4034,132.9,134.47,1.6,B,9009,7,CFD
20241122_Box_1_CFD_Day_7_(Context_B)_9009,9,4035,4113,134.5,137.1,2.63,B,9009,7,CFD
20241122_Box_1_CFD_Day_7_(Context_B)_9009,-1,4114,4246,137.13,141.53,4.43,B,9009,7,CFD
20241122_Box_1_CFD_Day_7_(Context_B)_9009,9,4247,4282,141.57,142.73,1.2,B,9009,7,CFD
20241122_Box_1_CFD_Day_7_(Context_B)_9009,-1,4283,4388,142.77,146.27,3.53,B,9009,7,CFD
20241122_Box_1_CFD_Day_7_(Context_B)_9009,9,4389,4712,146.3,157.07,10.8,B,9009,7,CFD
20241122_Box_1_CFD_Day_7_(Context_B)_9009,-1,4713,4795,157.1,159.83,2.77,B,9009,7,CFD
20241122_Box_1_CFD_Day_7_(Context_B)_9009,9,4796,4830,159.87,161.0,1.17,B,9009,7,CFD
20241122_Box_1_CFD_Day_7_(Context_B)_9009,-1,4831,4859,161.03,161.97,0.97,B,9009,7,CFD
20241122_Box_1_CFD_Day_7_(Context_B)_9009,9,4860,5014,162.0,167.13,5.17,B,9009,7,CFD
20241122_Box_1_CFD_Day_7_(Context_B)_9009,-1,5015,5390,167.17,179.67,12.53,B,9009,7,CFD
20241122_Box_1_CFD_Day_7_(Context_B)_9011,9,0,575,0.0,19.17,19.2,B,9011,7,CFD
20241122_Box_1_CFD_Day_7_(Context_B)_9011,-1,576,623,19.2,20.77,1.6,B,9011,7,CFD
20241122_Box_1_CFD_Day_7_(Context_B)_9011,9,624,1146,20.8,38.2,17.43,B,9011,7,CFD
20241122_Box_1_CFD_Day_7_(Context_B)_9011,-1,1147,1174,38.23,39.13,0.93,B,9011,7,CFD
20241122_Box_1_CFD_Day_7_(Context_B)_9011,9,1175,2401,39.17,80.03,40.9,B,9011,7,CFD
20241122_Box_1_CFD_Day_7_(Context_B)_9011,-1,2402,2416,80.07,80.53,0.5,B,9011,7,CFD
20241122_Box_1_CFD_Day_7_(Context_B)_9011,9,2417,2457,80.57,81.9,1.37,B,9011,7,CFD
20241122_Box_1_CFD_Day_7_(Context_B)_9011,-1,2458,2465,81.93,82.17,0.27,B,9011,7,CFD
20241122_Box_1_CFD_Day_7_(Context_B)_9011,9,2466,3439,82.2,114.63,32.47,B,9011,7,CFD
20241122_Box_1_CFD_Day_7_(Context_B)_9011,-1,3440,3450,114.67,115.0,0.37,B,9011,7,CFD
20241122_Box_1_CFD_Day_7_(Context_B)_9011,9,3451,4126,115.03,137.53,22.53,B,9011,7,CFD
20241122_Box_1_CFD_Day_7_(Context_B)_9011,-1,4127,4405,137.57,146.83,9.3,B,9011,7,CFD
20241122_Box_1_CFD_Day_7_(Context_B)_9011,9,4406,4713,146.87,157.1,10.27,B,9011,7,CFD
20241122_Box_1_CFD_Day_7_(Context_B)_9011,-1,4714,4772,157.13,159.07,1.97,B,9011,7,CFD
20241122_Box_1_CFD_Day_7_(Context_B)_9011,9,4773,4806,159.1,160.2,1.13,B,9011,7,CFD
20241122_Box_1_CFD_Day_7_(Context_B)_9011,-1,4807,4912,160.23,163.73,3.53,B,9011,7,CFD
20241122_Box_1_CFD_Day_7_(Context_B)_9011,9,4913,4946,163.77,164.87,1.13,B,9011,7,CFD
20241122_Box_1_CFD_Day_7_(Context_B)_9011,-1,4947,5008,164.9,166.93,2.07,B,9011,7,CFD
20241122_Box_1_CFD_Day_7_(Context_B)_9011,9,5009,5380,166.97,179.33,12.4,B,9011,7,CFD
20241122_Box_1_CFD_Day_7_(Context_B)_9013,9,0,1185,0.0,39.5,39.53,B,9013,7,CFD
20241122_Box_1_CFD_Day_7_(Context_B)_9013,-1,1186,1245,39.53,41.5,2.0,B,9013,7,CFD
20241122_Box_1_CFD_Day_7_(Context_B)_9013,9,1246,1433,41.53,47.77,6.27,B,9013,7,CFD
20241122_Box_1_CFD_Day_7_(Context_B)_9013,-1,1434,1594,47.8,53.13,5.37,B,9013,7,CFD
20241122_Box_1_CFD_Day_7_(Context_B)_9013,9,1595,1898,53.17,63.27,10.13,B,9013,7,CFD
20241122_Box_1_CFD_Day_7_(Context_B)_9013,-1,1899,2053,63.3,68.43,5.17,B,9013,7,CFD
20241122_Box_1_CFD_Day_7_(Context_B)_9013,9,2054,2663,68.47,88.77,20.33,B,9013,7,CFD
20241122_Box_1_CFD_Day_7_(Context_B)_9013,-1,2664,2672,88.8,89.07,0.3,B,9013,7,CFD
20241122_Box_1_CFD_Day_7_(Context_B)_9013,9,2673,3498,89.1,116.6,27.53,B,9013,7,CFD
20241122_Box_1_CFD_Day_7_(Context_B)_9013,-1,3499,3867,116.63,128.9,12.3,B,9013,7,CFD
20241122_Box_1_CFD_Day_7_(Context_B)_9013,9,3868,3924,128.93,130.8,1.9,B,9013,7,CFD
20241122_Box_1_CFD_Day_7_(Context_B)_9013,-1,3925,4206,130.83,140.2,9.4,B,9013,7,CFD
20241122_Box_1_CFD_Day_7_(Context_B)_9013,9,4207,4289,140.23,142.97,2.77,B,9013,7,CFD
20241122_Box_1_CFD_Day_7_(Context_B)_9013,-1,4290,4682,143.0,156.07,13.1,B,9013,7,CFD
20241122_Box_1_CFD_Day_7_(Context_B)_9013,9,4683,4867,156.1,162.23,6.17,B,9013,7,CFD
20241122_Box_1_CFD_Day_7_(Context_B)_9013,-1,4868,4875,162.27,162.5,0.27,B,9013,7,CFD
20241122_Box_1_CFD_Day_7_(Context_B)_9013,9,4876,5390,162.53,179.67,17.17,B,9013,7,CFD
20241122_Box_1_CFD_Day_7_(Context_B)_9015,9,0,584,0.0,19.47,19.5,B,9015,7,CFD
20241122_Box_1_CFD_Day_7_(Context_B)_9015,-1,585,617,19.5,20.57,1.1,B,9015,7,CFD
20241122_Box_1_CFD_Day_7_(Context_B)_9015,9,618,717,20.6,23.9,3.33,B,9015,7,CFD
20241122_Box_1_CFD_Day_7_(Context_B)_9015,3,718,772,23.93,25.73,1.83,B,9015,7,CFD
20241122_Box_1_CFD_Day_7_(Context_B)_9015,9,773,888,25.77,29.6,3.87,B,9015,7,CFD
20241122_Box_1_CFD_Day_7_(Context_B)_9015,3,889,1034,29.63,34.47,4.87,B,9015,7,CFD
20241122_Box_1_CFD_Day_7_(Context_B)_9015,-1,1035,1070,34.5,35.67,1.2,B,9015,7,CFD
20241122_Box_1_CFD_Day_7_(Context_B)_9015,3,1071,1104,35.7,36.8,1.13,B,9015,7,CFD
20241122_Box_1_CFD_Day_7_(Context_B)_9015,-1,1105,1124,36.83,37.47,0.67,B,9015,7,CFD
20241122_Box_1_CFD_Day_7_(Context_B)_9015,3,1125,1280,37.5,42.67,5.2,B,9015,7,CFD
20241122_Box_1_CFD_Day_7_(Context_B)_9015,-1,1281,1352,42.7,45.07,2.4,B,9015,7,CFD
20241122_Box_1_CFD_Day_7_(Context_B)_9015,3,1353,1360,45.1,45.33,0.27,B,9015,7,CFD
20241122_Box_1_CFD_Day_7_(Context_B)_9015,-1,1361,1368,45.37,45.6,0.27,B,9015,7,CFD
20241122_Box_1_CFD_Day_7_(Context_B)_9015,3,1369,1413,45.63,47.1,1.5,B,9015,7,CFD
20241122_Box_1_CFD_Day_7_(Context_B)_9015,-1,1414,1463,47.13,48.77,1.67,B,9015,7,CFD
20241122_Box_1_CFD_Day_7_(Context_B)_9015,3,1464,1587,48.8,52.9,4.13,B,9015,7,CFD
20241122_Box_1_CFD_Day_7_(Context_B)_9015,-1,1588,1613,52.93,53.77,0.87,B,9015,7,CFD
20241122_Box_1_CFD_Day_7_(Context_B)_9015,3,1614,1622,53.8,54.07,0.3,B,9015,7,CFD
20241122_Box_1_CFD_Day_7_(Context_B)_9015,9,1623,1793,54.1,59.77,5.7,B,9015,7,CFD
20241122_Box_1_CFD_Day_7_(Context_B)_9015,-1,1794,1822,59.8,60.73,0.97,B,9015,7,CFD
20241122_Box_1_CFD_Day_7_(Context_B)_9015,9,1823,1892,60.77,63.07,2.33,B,9015,7,CFD
20241122_Box_1_CFD_Day_7_(Context_B)_9015,3,1893,2135,63.1,71.17,8.1,B,9015,7,CFD
20241122_Box_1_CFD_Day_7_(Context_B)_9015,9,2136,2445,71.2,81.5,10.33,B,9015,7,CFD
20241122_Box_1_CFD_Day_7_(Context_B)_9015,-1,2446,2503,81.53,83.43,1.93,B,9015,7,CFD
20241122_Box_1_CFD_Day_7_(Context_B)_9015,9,2504,2635,83.47,87.83,4.4,B,9015,7,CFD
20241122_Box_1_CFD_Day_7_(Context_B)_9015,-1,2636,3054,87.87,101.8,13.97,B,9015,7,CFD
20241122_Box_1_CFD_Day_7_(Context_B)_9015,9,3055,3348,101.83,111.6,9.8,B,9015,7,CFD
20241122_Box_1_CFD_Day_7_(Context_B)_9015,-1,3349,3371,111.63,112.37,0.77,B,9015,7,CFD
20241122_Box_1_CFD_Day_7_(Context_B)_9015,9,3372,3455,112.4,115.17,2.8,B,9015,7,CFD
20241122_Box_1_CFD_Day_7_(Context_B)_9015,-1,3456,3573,115.2,119.1,3.93,B,9015,7,CFD
20241122_Box_1_CFD_Day_7_(Context_B)_9015,9,3574,4299,119.13,143.3,24.2,B,9015,7,CFD
20241122_Box_1_CFD_Day_7_(Context_B)_9015,1,4300,4448,143.33,148.27,4.97,B,9015,7,CFD
20241122_Box_1_CFD_Day_7_(Context_B)_9015,9,4449,4782,148.3,159.4,11.13,B,9015,7,CFD
20241122_Box_1_CFD_Day_7_(Context_B)_9015,1,4783,4906,159.43,163.53,4.13,B,9015,7,CFD
20241122_Box_1_CFD_Day_7_(Context_B)_9015,9,4907,5012,163.57,167.07,3.53,B,9015,7,CFD
20241122_Box_1_CFD_Day_7_(Context_B)_9015,1,5013,5308,167.1,176.93,9.87,B,9015,7,CFD
20241122_Box_1_CFD_Day_7_(Context_B)_9015,9,5309,5344,176.97,178.13,1.2,B,9015,7,CFD
20241122_Box_1_CFD_Day_7_(Context_B)_9015,1,5345,5392,178.17,179.73,1.6,B,9015,7,CFD
20241122_Box_2_CFD_Day_7_(Context_A)_9002,9,0,72,0.0,2.4,2.43,A,9002,7,CFD
20241122_Box_2_CFD_Day_7_(Context_A)_9002,-1,73,86,2.43,2.87,0.47,A,9002,7,CFD
20241122_Box_2_CFD_Day_7_(Context_A)_9002,9,87,200,2.9,6.67,3.8,A,9002,7,CFD
20241122_Box_2_CFD_Day_7_(Context_A)_9002,-1,201,215,6.7,7.17,0.5,A,9002,7,CFD
20241122_Box_2_CFD_Day_7_(Context_A)_9002,9,216,569,7.2,18.97,11.8,A,9002,7,CFD
20241122_Box_2_CFD_Day_7_(Context_A)_9002,-1,570,607,19.0,20.23,1.27,A,9002,7,CFD
20241122_Box_2_CFD_Day_7_(Context_A)_9002,9,608,682,20.27,22.73,2.5,A,9002,7,CFD
20241122_Box_2_CFD_Day_7_(Context_A)_9002,-1,683,761,22.77,25.37,2.63,A,9002,7,CFD
20241122_Box_2_CFD_Day_7_(Context_A)_9002,9,762,863,25.4,28.77,3.4,A,9002,7,CFD
20241122_Box_2_CFD_Day_7_(Context_A)_9002,-1,864,889,28.8,29.63,0.87,A,9002,7,CFD
20241122_Box_2_CFD_Day_7_(Context_A)_9002,9,890,990,29.67,33.0,3.37,A,9002,7,CFD
20241122_Box_2_CFD_Day_7_(Context_A)_9002,-1,991,1006,33.03,33.53,0.53,A,9002,7,CFD
20241122_Box_2_CFD_Day_7_(Context_A)_9002,9,1007,1042,33.57,34.73,1.2,A,9002,7,CFD
20241122_Box_2_CFD_Day_7_(Context_A)_9002,-1,1043,1052,34.77,35.07,0.33,A,9002,7,CFD
20241122_Box_2_CFD_Day_7_(Context_A)_9002,9,1053,1087,35.1,36.23,1.17,A,9002,7,CFD
20241122_Box_2_CFD_Day_7_(Context_A)_9002,-1,1088,1142,36.27,38.07,1.83,A,9002,7,CFD
20241122_Box_2_CFD_Day_7_(Context_A)_9002,9,1143,1491,38.1,49.7,11.63,A,9002,7,CFD
20241122_Box_2_CFD_Day_7_(Context_A)_9002,-1,1492,1557,49.73,51.9,2.2,A,9002,7,CFD
20241122_Box_2_CFD_Day_7_(Context_A)_9002,9,1558,1832,51.93,61.07,9.17,A,9002,7,CFD
20241122_Box_2_CFD_Day_7_(Context_A)_9002,-1,1833,1869,61.1,62.3,1.23,A,9002,7,CFD
20241122_Box_2_CFD_Day_7_(Context_A)_9002,5,1870,1879,62.33,62.63,0.33,A,9002,7,CFD
20241122_Box_2_CFD_Day_7_(Context_A)_9002,9,1880,2159,62.67,71.97,9.33,A,9002,7,CFD
20241122_Box_2_CFD_Day_7_(Context_A)_9002,-1,2160,2169,72.0,72.3,0.33,A,9002,7,CFD
20241122_Box_2_CFD_Day_7_(Context_A)_9002,9,2170,2223,72.33,74.1,1.8,A,9002,7,CFD
20241122_Box_2_CFD_Day_7_(Context_A)_9002,-1,2224,2289,74.13,76.3,2.2,A,9002,7,CFD
20241122_Box_2_CFD_Day_7_(Context_A)_9002,9,2290,2430,76.33,81.0,4.7,A,9002,7,CFD
20241122_Box_2_CFD_Day_7_(Context_A)_9002,-1,2431,2637,81.03,87.9,6.9,A,9002,7,CFD
20241122_Box_2_CFD_Day_7_(Context_A)_9002,9,2638,2918,87.93,97.27,9.37,A,9002,7,CFD
20241122_Box_2_CFD_Day_7_(Context_A)_9002,-1,2919,3002,97.3,100.07,2.8,A,9002,7,CFD
20241122_Box_2_CFD_Day_7_(Context_A)_9002,9,3003,3087,100.1,102.9,2.83,A,9002,7,CFD
20241122_Box_2_CFD_Day_7_(Context_A)_9002,-1,3088,3150,102.93,105.0,2.1,A,9002,7,CFD
20241122_Box_2_CFD_Day_7_(Context_A)_9002,9,3151,3206,105.03,106.87,1.87,A,9002,7,CFD
20241122_Box_2_CFD_Day_7_(Context_A)_9002,-1,3207,3228,106.9,107.6,0.73,A,9002,7,CFD
20241122_Box_2_CFD_Day_7_(Context_A)_9002,9,3229,3443,107.63,114.77,7.17,A,9002,7,CFD
20241122_Box_2_CFD_Day_7_(Context_A)_9002,5,3444,3499,114.8,116.63,1.87,A,9002,7,CFD
20241122_Box_2_CFD_Day_7_(Context_A)_9002,-1,3500,3663,116.67,122.1,5.47,A,9002,7,CFD
20241122_Box_2_CFD_Day_7_(Context_A)_9002,5,3664,3869,122.13,128.97,6.87,A,9002,7,CFD
20241122_Box_2_CFD_Day_7_(Context_A)_9002,-1,3870,4113,129.0,137.1,8.13,A,9002,7,CFD
20241122_Box_2_CFD_Day_7_(Context_A)_9002,5,4114,4121,137.13,137.37,0.27,A,9002,7,CFD
20241122_Box_2_CFD_Day_7_(Context_A)_9002,-1,4122,4504,137.4,150.13,12.77,A,9002,7,CFD
20241122_Box_2_CFD_Day_7_(Context_A)_9002,9,4505,4590,150.17,153.0,2.87,A,9002,7,CFD
20241122_Box_2_CFD_Day_7_(Context_A)_9002,-1,4591,5400,153.03,180.0,27.0,A,9002,7,CFD
20241122_Box_2_CFD_Day_7_(Context_A)_9002,9,5401,6300,180.03,210.0,30.0,A,9002,7,CFD
20241122_Box_2_CFD_Day_7_(Context_A)_9004,9,0,880,0.0,29.33,29.37,A,9004,7,CFD
20241122_Box_2_CFD_Day_7_(Context_A)_9004,-1,881,888,29.37,29.6,0.27,A,9004,7,CFD
20241122_Box_2_CFD_Day_7_(Context_A)_9004,9,889,921,29.63,30.7,1.1,A,9004,7,CFD
20241122_Box_2_CFD_Day_7_(Context_A)_9004,-1,922,1616,30.73,53.87,23.17,A,9004,7,CFD
20241122_Box_2_CFD_Day_7_(Context_A)_9004,9,1617,1762,53.9,58.73,4.87,A,9004,7,CFD
20241122_Box_2_CFD_Day_7_(Context_A)_9004,-1,1763,2232,58.77,74.4,15.67,A,9004,7,CFD
20241122_Box_2_CFD_Day_7_(Context_A)_9004,9,2233,2297,74.43,76.57,2.17,A,9004,7,CFD
20241122_Box_2_CFD_Day_7_(Context_A)_9004,-1,2298,2735,76.6,91.17,14.6,A,9004,7,CFD
20241122_Box_2_CFD_Day_7_(Context_A)_9004,9,2736,2817,91.2,93.9,2.73,A,9004,7,CFD
20241122_Box_2_CFD_Day_7_(Context_A)_9004,-1,2818,3645,93.93,121.5,27.6,A,9004,7,CFD
20241122_Box_2_CFD_Day_7_(Context_A)_9004,9,3646,3762,121.53,125.4,3.9,A,9004,7,CFD
20241122_Box_2_CFD_Day_7_(Context_A)_9004,-1,3763,3931,125.43,131.03,5.63,A,9004,7,CFD
20241122_Box_2_CFD_Day_7_(Context_A)_9004,9,3932,3961,131.07,132.03,1.0,A,9004,7,CFD
20241122_Box_2_CFD_Day_7_(Context_A)_9004,-1,3962,4129,132.07,137.63,5.6,A,9004,7,CFD
20241122_Box_2_CFD_Day_7_(Context_A)_9004,9,4130,4276,137.67,142.53,4.9,A,9004,7,CFD
20241122_Box_2_CFD_Day_7_(Context_A)_9004,-1,4277,4291,142.57,143.03,0.5,A,9004,7,CFD
20241122_Box_2_CFD_Day_7_(Context_A)_9004,9,4292,4321,143.07,144.03,1.0,A,9004,7,CFD
20241122_Box_2_CFD_Day_7_(Context_A)_9004,-1,4322,4509,144.07,150.3,6.27,A,9004,7,CFD
20241122_Box_2_CFD_Day_7_(Context_A)_9004,9,4510,4543,150.33,151.43,1.13,A,9004,7,CFD
20241122_Box_2_CFD_Day_7_(Context_A)_9004,-1,4544,4773,151.47,159.1,7.67,A,9004,7,CFD
20241122_Box_2_CFD_Day_7_(Context_A)_9004,9,4774,5839,159.13,194.63,35.53,A,9004,7,CFD
20241122_Box_2_CFD_Day_7_(Context_A)_9004,5,5840,5855,194.67,195.17,0.53,A,9004,7,CFD
20241122_Box_2_CFD_Day_7_(Context_A)_9004,9,5856,6040,195.2,201.33,6.17,A,9004,7,CFD
20241122_Box_2_CFD_Day_7_(Context_A)_9004,5,6041,6061,201.37,202.03,0.7,A,9004,7,CFD
20241122_Box_2_CFD_Day_7_(Context_A)_9004,9,6062,6258,202.07,208.6,6.57,A,9004,7,CFD
20241122_Box_2_CFD_Day_7_(Context_A)_9004,5,6259,6300,208.63,210.0,1.4,A,9004,7,CFD
20241122_Box_2_CFD_Day_7_(Context_A)_9006,9,0,478,0.0,15.93,15.97,A,9006,7,CFD
20241122_Box_2_CFD_Day_7_(Context_A)_9006,-1,479,760,15.97,25.33,9.4,A,9006,7,CFD
20241122_Box_2_CFD_Day_7_(Context_A)_9006,9,761,853,25.37,28.43,3.1,A,9006,7,CFD
20241122_Box_2_CFD_Day_7_(Context_A)_9006,0,854,1218,28.47,40.6,12.17,A,9006,7,CFD
20241122_Box_2_CFD_Day_7_(Context_A)_9006,9,1219,1350,40.63,45.0,4.4,A,9006,7,CFD
20241122_Box_2_CFD_Day_7_(Context_A)_9006,0,1351,1388,45.03,46.27,1.27,A,9006,7,CFD
20241122_Box_2_CFD_Day_7_(Context_A)_9006,9,1389,1425,46.3,47.5,1.23,A,9006,7,CFD
20241122_Box_2_CFD_Day_7_(Context_A)_9006,0,1426,1676,47.53,55.87,8.37,A,9006,7,CFD
20241122_Box_2_CFD_Day_7_(Context_A)_9006,9,1677,2020,55.9,67.33,11.47,A,9006,7,CFD
20241122_Box_2_CFD_Day_7_(Context_A)_9006,-1,2021,2031,67.37,67.7,0.37,A,9006,7,CFD
20241122_Box_2_CFD_Day_7_(Context_A)_9006,3,2032,2186,67.73,72.87,5.17,A,9006,7,CFD
20241122_Box_2_CFD_Day_7_(Context_A)_9006,9,2187,2380,72.9,79.33,6.47,A,9006,7,CFD
20241122_Box_2_CFD_Day_7_(Context_A)_9006,-1,2382,2424,79.4,80.8,1.43,A,9006,7,CFD
20241122_Box_2_CFD_Day_7_(Context_A)_9006,9,2425,2563,80.83,85.43,4.63,A,9006,7,CFD
20241122_Box_2_CFD_Day_7_(Context_A)_9006,-1,2564,2778,85.47,92.6,7.17,A,9006,7,CFD
20241122_Box_2_CFD_Day_7_(Context_A)_9006,9,2779,3075,92.63,102.5,9.9,A,9006,7,CFD
20241122_Box_2_CFD_Day_7_(Context_A)_9006,0,3076,3124,102.53,104.13,1.63,A,9006,7,CFD
20241122_Box_2_CFD_Day_7_(Context_A)_9006,9,3125,3564,104.17,118.8,14.67,A,9006,7,CFD
20241122_Box_2_CFD_Day_7_(Context_A)_9006,-1,3565,3605,118.83,120.17,1.37,A,9006,7,CFD
20241122_Box_2_CFD_Day_7_(Context_A)_9006,9,3606,3690,120.2,123.0,2.83,A,9006,7,CFD
20241122_Box_2_CFD_Day_7_(Context_A)_9006,0,3691,3725,123.03,124.17,1.17,A,9006,7,CFD
20241122_Box_2_CFD_Day_7_(Context_A)_9006,9,3726,3879,124.2,129.3,5.13,A,9006,7,CFD
20241122_Box_2_CFD_Day_7_(Context_A)_9006,0,3880,3995,129.33,133.17,3.87,A,9006,7,CFD
20241122_Box_2_CFD_Day_7_(Context_A)_9006,9,3996,4048,133.2,134.93,1.77,A,9006,7,CFD
20241122_Box_2_CFD_Day_7_(Context_A)_9006,0,4049,4204,134.97,140.13,5.2,A,9006,7,CFD
20241122_Box_2_CFD_Day_7_(Context_A)_9006,9,4205,4422,140.17,147.4,7.27,A,9006,7,CFD
20241122_Box_2_CFD_Day_7_(Context_A)_9006,-1,4423,4506,147.43,150.2,2.8,A,9006,7,CFD
20241122_Box_2_CFD_Day_7_(Context_A)_9006,9,4507,4537,150.23,151.23,1.03,A,9006,7,CFD
20241122_Box_2_CFD_Day_7_(Context_A)_9006,-1,4538,4912,151.27,163.73,12.5,A,9006,7,CFD
20241122_Box_2_CFD_Day_7_(Context_A)_9006,9,4913,5270,163.77,175.67,11.93,A,9006,7,CFD
20241122_Box_2_CFD_Day_7_(Context_A)_9006,-1,5271,5398,175.7,179.93,4.27,A,9006,7,CFD
20241122_Box_2_CFD_Day_7_(Context_A)_9006,9,5399,6300,179.97,210.0,30.07,A,9006,7,CFD
20241122_Box_2_CFD_Day_7_(Context_A)_9008,9,0,494,0.0,16.47,16.5,A,9008,7,CFD
20241122_Box_2_CFD_Day_7_(Context_A)_9008,-1,495,531,16.5,17.7,1.23,A,9008,7,CFD
20241122_Box_2_CFD_Day_7_(Context_A)_9008,9,532,897,17.73,29.9,12.2,A,9008,7,CFD
20241122_Box_2_CFD_Day_7_(Context_A)_9008,-1,898,910,29.93,30.33,0.43,A,9008,7,CFD
20241122_Box_2_CFD_Day_7_(Context_A)_9008,9,911,1611,30.37,53.7,23.37,A,9008,7,CFD
20241122_Box_2_CFD_Day_7_(Context_A)_9008,-1,1612,1642,53.73,54.73,1.03,A,9008,7,CFD
20241122_Box_2_CFD_Day_7_(Context_A)_9008,9,1643,2225,54.77,74.17,19.43,A,9008,7,CFD
20241122_Box_2_CFD_Day_7_(Context_A)_9008,-1,2226,2448,74.2,81.6,7.43,A,9008,7,CFD
20241122_Box_2_CFD_Day_7_(Context_A)_9008,9,2449,2632,81.63,87.73,6.13,A,9008,7,CFD
20241122_Box_2_CFD_Day_7_(Context_A)_9008,-1,2633,2893,87.77,96.43,8.7,A,9008,7,CFD
20241122_Box_2_CFD_Day_7_(Context_A)_9008,9,2894,3926,96.47,130.87,34.43,A,9008,7,CFD
20241122_Box_2_CFD_Day_7_(Context_A)_9008,-1,3927,3953,130.9,131.77,0.9,A,9008,7,CFD
20241122_Box_2_CFD_Day_7_(Context_A)_9008,-1,3956,3967,131.87,132.23,0.4,A,9008,7,CFD
20241122_Box_2_CFD_Day_7_(Context_A)_9008,9,3968,4710,132.27,157.0,24.77,A,9008,7,CFD
20241122_Box_2_CFD_Day_7_(Context_A)_9008,-1,4711,4744,157.03,158.13,1.13,A,9008,7,CFD
20241122_Box_2_CFD_Day_7_(Context_A)_9008,9,4745,4834,158.17,161.13,3.0,A,9008,7,CFD
20241122_Box_2_CFD_Day_7_(Context_A)_9008,-1,4835,4850,161.17,161.67,0.53,A,9008,7,CFD
20241122_Box_2_CFD_Day_7_(Context_A)_9008,9,4851,5023,161.7,167.43,5.77,A,9008,7,CFD
20241122_Box_2_CFD_Day_7_(Context_A)_9008,-1,5024,5308,167.47,176.93,9.5,A,9008,7,CFD
20241122_Box_2_CFD_Day_7_(Context_A)_9008,9,5309,5319,176.97,177.3,0.37,A,9008,7,CFD
20241122_Box_2_CFD_Day_7_(Context_A)_9008,-1,5320,5340,177.33,178.0,0.7,A,9008,7,CFD
20241122_Box_2_CFD_Day_7_(Context_A)_9008,9,5341,5776,178.03,192.53,14.53,A,9008,7,CFD
20241122_Box_2_CFD_Day_7_(Context_A)_9008,-1,5777,5915,192.57,197.17,4.63,A,9008,7,CFD
20241122_Box_2_CFD_Day_7_(Context_A)_9008,9,5916,5960,197.2,198.67,1.5,A,9008,7,CFD
20241122_Box_2_CFD_Day_7_(Context_A)_9008,-1,5961,5992,198.7,199.73,1.07,A,9008,7,CFD
20241122_Box_2_CFD_Day_7_(Context_A)_9008,9,5993,6058,199.77,201.93,2.2,A,9008,7,CFD
20241122_Box_2_CFD_Day_7_(Context_A)_9008,-1,6059,6144,201.97,204.8,2.87,A,9008,7,CFD
20241122_Box_2_CFD_Day_7_(Context_A)_9008,9,6145,6216,204.83,207.2,2.4,A,9008,7,CFD
20241122_Box_2_CFD_Day_7_(Context_A)_9008,-1,6217,6249,207.23,208.3,1.1,A,9008,7,CFD
20241122_Box_2_CFD_Day_7_(Context_A)_9008,9,6250,6301,208.33,210.03,1.73,A,9008,7,CFD
20241122_Box_2_CFD_Day_7_(Context_A)_9010,9,0,586,0.0,19.53,19.57,A,9010,7,CFD
20241122_Box_2_CFD_Day_7_(Context_A)_9010,0,587,865,19.57,28.83,9.3,A,9010,7,CFD
20241122_Box_2_CFD_Day_7_(Context_A)_9010,9,866,4833,28.87,161.1,132.27,A,9010,7,CFD
20241122_Box_2_CFD_Day_7_(Context_A)_9010,-1,4834,4848,161.13,161.6,0.5,A,9010,7,CFD
20241122_Box_2_CFD_Day_7_(Context_A)_9010,9,4849,6300,161.63,210.0,48.4,A,9010,7,CFD
20241122_Box_2_CFD_Day_7_(Context_A)_9012,9,0,1524,0.0,50.8,50.83,A,9012,7,CFD
20241122_Box_2_CFD_Day_7_(Context_A)_9012,-1,1525,1816,50.83,60.53,9.73,A,9012,7,CFD
20241122_Box_2_CFD_Day_7_(Context_A)_9012,9,1817,1886,60.57,62.87,2.33,A,9012,7,CFD
20241122_Box_2_CFD_Day_7_(Context_A)_9012,-1,1887,2035,62.9,67.83,4.97,A,9012,7,CFD
20241122_Box_2_CFD_Day_7_(Context_A)_9012,9,2036,2101,67.87,70.03,2.2,A,9012,7,CFD
20241122_Box_2_CFD_Day_7_(Context_A)_9012,-1,2102,2136,70.07,71.2,1.17,A,9012,7,CFD
20241122_Box_2_CFD_Day_7_(Context_A)_9012,9,2137,2189,71.23,72.97,1.77,A,9012,7,CFD
20241122_Box_2_CFD_Day_7_(Context_A)_9012,-1,2190,2404,73.0,80.13,7.17,A,9012,7,CFD
20241122_Box_2_CFD_Day_7_(Context_A)_9012,9,2405,2473,80.17,82.43,2.3,A,9012,7,CFD
20241122_Box_2_CFD_Day_7_(Context_A)_9012,-1,2474,2645,82.47,88.17,5.73,A,9012,7,CFD
20241122_Box_2_CFD_Day_7_(Context_A)_9012,9,2646,2711,88.2,90.37,2.2,A,9012,7,CFD
20241122_Box_2_CFD_Day_7_(Context_A)_9012,-1,2712,2944,90.4,98.13,7.77,A,9012,7,CFD
20241122_Box_2_CFD_Day_7_(Context_A)_9012,9,2945,2994,98.17,99.8,1.67,A,9012,7,CFD
20241122_Box_2_CFD_Day_7_(Context_A)_9012,-1,2995,3156,99.83,105.2,5.4,A,9012,7,CFD
20241122_Box_2_CFD_Day_7_(Context_A)_9012,9,3157,3203,105.23,106.77,1.57,A,9012,7,CFD
20241122_Box_2_CFD_Day_7_(Context_A)_9012,-1,3204,3459,106.8,115.3,8.53,A,9012,7,CFD
20241122_Box_2_CFD_Day_7_(Context_A)_9012,9,3460,3618,115.33,120.6,5.3,A,9012,7,CFD
20241122_Box_2_CFD_Day_7_(Context_A)_9012,-1,3619,3756,120.63,125.2,4.6,A,9012,7,CFD
20241122_Box_2_CFD_Day_7_(Context_A)_9012,9,3757,3827,125.23,127.57,2.37,A,9012,7,CFD
20241122_Box_2_CFD_Day_7_(Context_A)_9012,-1,3828,4050,127.6,135.0,7.43,A,9012,7,CFD
20241122_Box_2_CFD_Day_7_(Context_A)_9012,9,4051,4160,135.03,138.67,3.67,A,9012,7,CFD
20241122_Box_2_CFD_Day_7_(Context_A)_9012,-1,4161,4193,138.7,139.77,1.1,A,9012,7,CFD
20241122_Box_2_CFD_Day_7_(Context_A)_9012,9,4194,4768,139.8,158.93,19.17,A,9012,7,CFD
20241122_Box_2_CFD_Day_7_(Context_A)_9012,-1,4769,4927,158.97,164.23,5.3,A,9012,7,CFD
20241122_Box_2_CFD_Day_7_(Context_A)_9012,9,4928,6300,164.27,210.0,45.77,A,9012,7,CFD
20241122_Box_2_CFD_Day_7_(Context_A)_9014,9,0,607,0.0,20.23,20.27,A,9014,7,CFD
20241122_Box_2_CFD_Day_7_(Context_A)_9014,-1,608,648,20.27,21.6,1.37,A,9014,7,CFD
20241122_Box_2_CFD_Day_7_(Context_A)_9014,9,649,1322,21.63,44.07,22.47,A,9014,7,CFD
20241122_Box_2_CFD_Day_7_(Context_A)_9014,6,1323,1376,44.1,45.87,1.8,A,9014,7,CFD
20241122_Box_2_CFD_Day_7_(Context_A)_9014,9,1377,1518,45.9,50.6,4.73,A,9014,7,CFD
20241122_Box_2_CFD_Day_7_(Context_A)_9014,3,1519,1555,50.63,51.83,1.23,A,9014,7,CFD
20241122_Box_2_CFD_Day_7_(Context_A)_9014,9,1556,1630,51.87,54.33,2.5,A,9014,7,CFD
20241122_Box_2_CFD_Day_7_(Context_A)_9014,-1,1636,1654,54.53,55.13,0.63,A,9014,7,CFD
20241122_Box_2_CFD_Day_7_(Context_A)_9014,9,1655,1890,55.17,63.0,7.87,A,9014,7,CFD
20241122_Box_2_CFD_Day_7_(Context_A)_9014,0,1891,1913,63.03,63.77,0.77,A,9014,7,CFD
20241122_Box_2_CFD_Day_7_(Context_A)_9014,9,1914,2817,63.8,93.9,30.13,A,9014,7,CFD
20241122_Box_2_CFD_Day_7_(Context_A)_9014,6,2818,2854,93.93,95.13,1.23,A,9014,7,CFD
20241122_Box_2_CFD_Day_7_(Context_A)_9014,9,2855,3456,95.17,115.2,20.07,A,9014,7,CFD
20241122_Box_2_CFD_Day_7_(Context_A)_9014,6,3457,3483,115.23,116.1,0.9,A,9014,7,CFD
20241122_Box_2_CFD_Day_7_(Context_A)_9014,9,3484,3549,116.13,118.3,2.2,A,9014,7,CFD
20241122_Box_2_CFD_Day_7_(Context_A)_9014,6,3550,3657,118.33,121.9,3.6,A,9014,7,CFD
20241122_Box_2_CFD_Day_7_(Context_A)_9014,9,3658,3875,121.93,129.17,7.27,A,9014,7,CFD
20241122_Box_2_CFD_Day_7_(Context_A)_9014,6,3876,3966,129.2,132.2,3.03,A,9014,7,CFD
20241122_Box_2_CFD_Day_7_(Context_A)_9014,9,3967,4042,132.23,134.73,2.53,A,9014,7,CFD
20241122_Box_2_CFD_Day_7_(Context_A)_9014,6,4043,4054,134.77,135.13,0.4,A,9014,7,CFD
20241122_Box_2_CFD_Day_7_(Context_A)_9014,9,4055,4155,135.17,138.5,3.37,A,9014,7,CFD
20241122_Box_2_CFD_Day_7_(Context_A)_9014,6,4156,4201,138.53,140.03,1.53,A,9014,7,CFD
20241122_Box_2_CFD_Day_7_(Context_A)_9014,9,4202,5904,140.07,196.8,56.77,A,9014,7,CFD
20241122_Box_2_CFD_Day_7_(Context_A)_9014,-1,5905,5916,196.83,197.2,0.4,A,9014,7,CFD
20241122_Box_2_CFD_Day_7_(Context_A)_9014,9,5917,6300,197.23,210.0,12.8,A,9014,7,CFD
20241122_Box_2_CFD_Day_7_(Context_A)_9016,9,0,485,0.0,16.17,16.2,A,9016,7,CFD
20241122_Box_2_CFD_Day_7_(Context_A)_9016,-1,486,493,16.2,16.43,0.27,A,9016,7,CFD
20241122_Box_2_CFD_Day_7_(Context_A)_9016,9,494,752,16.47,25.07,8.63,A,9016,7,CFD
20241122_Box_2_CFD_Day_7_(Context_A)_9016,-1,753,776,25.1,25.87,0.8,A,9016,7,CFD
20241122_Box_2_CFD_Day_7_(Context_A)_9016,9,777,1088,25.9,36.27,10.4,A,9016,7,CFD
20241122_Box_2_CFD_Day_7_(Context_A)_9016,-1,1089,1140,36.3,38.0,1.73,A,9016,7,CFD
20241122_Box_2_CFD_Day_7_(Context_A)_9016,9,1141,1198,38.03,39.93,1.93,A,9016,7,CFD
20241122_Box_2_CFD_Day_7_(Context_A)_9016,-1,1199,1243,39.97,41.43,1.5,A,9016,7,CFD
20241122_Box_2_CFD_Day_7_(Context_A)_9016,9,1244,1452,41.47,48.4,6.97,A,9016,7,CFD
20241122_Box_2_CFD_Day_7_(Context_A)_9016,-1,1453,1494,48.43,49.8,1.4,A,9016,7,CFD
20241122_Box_2_CFD_Day_7_(Context_A)_9016,9,1495,2150,49.83,71.67,21.87,A,9016,7,CFD
20241122_Box_2_CFD_Day_7_(Context_A)_9016,-1,2151,2167,71.7,72.23,0.57,A,9016,7,CFD
20241122_Box_2_CFD_Day_7_(Context_A)_9016,9,2168,2340,72.27,78.0,5.77,A,9016,7,CFD
20241122_Box_2_CFD_Day_7_(Context_A)_9016,-1,2341,2360,78.03,78.67,0.67,A,9016,7,CFD
20241122_Box_2_CFD_Day_7_(Context_A)_9016,9,2361,2394,78.7,79.8,1.13,A,9016,7,CFD
20241122_Box_2_CFD_Day_7_(Context_A)_9016,-1,2395,2449,79.83,81.63,1.83,A,9016,7,CFD
20241122_Box_2_CFD_Day_7_(Context_A)_9016,9,2450,2544,81.67,84.8,3.17,A,9016,7,CFD
20241122_Box_2_CFD_Day_7_(Context_A)_9016,-1,2545,2613,84.83,87.1,2.3,A,9016,7,CFD
20241122_Box_2_CFD_Day_7_(Context_A)_9016,9,2614,2790,87.13,93.0,5.9,A,9016,7,CFD
20241122_Box_2_CFD_Day_7_(Context_A)_9016,-1,2791,2832,93.03,94.4,1.4,A,9016,7,CFD
20241122_Box_2_CFD_Day_7_(Context_A)_9016,9,2833,2876,94.43,95.87,1.47,A,9016,7,CFD
20241122_Box_2_CFD_Day_7_(Context_A)_9016,-1,2877,3100,95.9,103.33,7.47,A,9016,7,CFD
20241122_Box_2_CFD_Day_7_(Context_A)_9016,9,3101,3162,103.37,105.4,2.07,A,9016,7,CFD
20241122_Box_2_CFD_Day_7_(Context_A)_9016,-1,3163,3260,105.43,108.67,3.27,A,9016,7,CFD
20241122_Box_2_CFD_Day_7_(Context_A)_9016,9,3261,3602,108.7,120.07,11.4,A,9016,7,CFD
20241122_Box_2_CFD_Day_7_(Context_A)_9016,-1,3603,3874,120.1,129.13,9.07,A,9016,7,CFD
20241122_Box_2_CFD_Day_7_(Context_A)_9016,9,3875,3960,129.17,132.0,2.87,A,9016,7,CFD
20241122_Box_2_CFD_Day_7_(Context_A)_9016,-1,3961,3998,132.03,133.27,1.27,A,9016,7,CFD
20241122_Box_2_CFD_Day_7_(Context_A)_9016,9,3999,4135,133.3,137.83,4.57,A,9016,7,CFD
20241122_Box_2_CFD_Day_7_(Context_A)_9016,-1,4136,4147,137.87,138.23,0.4,A,9016,7,CFD
20241122_Box_2_CFD_Day_7_(Context_A)_9016,9,4148,4179,138.27,139.3,1.07,A,9016,7,CFD
20241122_Box_2_CFD_Day_7_(Context_A)_9016,-1,4180,4407,139.33,146.9,7.6,A,9016,7,CFD
20241122_Box_2_CFD_Day_7_(Context_A)_9016,9,4408,4683,146.93,156.1,9.2,A,9016,7,CFD
20241122_Box_2_CFD_Day_7_(Context_A)_9016,-1,4684,4703,156.13,156.77,0.67,A,9016,7,CFD
20241122_Box_2_CFD_Day_7_(Context_A)_9016,9,4704,4858,156.8,161.93,5.17,A,9016,7,CFD
20241122_Box_2_CFD_Day_7_(Context_A)_9016,-1,4859,5298,161.97,176.6,14.67,A,9016,7,CFD
20241122_Box_2_CFD_Day_7_(Context_A)_9016,9,5299,5359,176.63,178.63,2.03,A,9016,7,CFD
20241122_Box_2_CFD_Day_7_(Context_A)_9016,-1,5360,5402,178.67,180.07,1.43,A,9016,7,CFD
20241122_Box_2_CFD_Day_7_(Context_A)_9016,9,5403,6083,180.1,202.77,22.7,A,9016,7,CFD
20241122_Box_2_CFD_Day_7_(Context_A)_9016,0,6084,6302,202.8,210.07,7.3,A,9016,7,CFD
20241122_Box_2_CFD_Day_7_(Context_B)_9001,9,0,610,0.0,20.33,20.37,B,9001,7,CFD
20241122_Box_2_CFD_Day_7_(Context_B)_9001,-1,611,619,20.37,20.63,0.3,B,9001,7,CFD
20241122_Box_2_CFD_Day_7_(Context_B)_9001,9,620,2821,20.67,94.03,73.4,B,9001,7,CFD
20241122_Box_2_CFD_Day_7_(Context_B)_9001,-1,2822,2879,94.07,95.97,1.93,B,9001,7,CFD
20241122_Box_2_CFD_Day_7_(Context_B)_9001,9,2880,2969,96.0,98.97,3.0,B,9001,7,CFD
20241122_Box_2_CFD_Day_7_(Context_B)_9001,-1,2970,3120,99.0,104.0,5.03,B,9001,7,CFD
20241122_Box_2_CFD_Day_7_(Context_B)_9001,9,3121,3180,104.03,106.0,2.0,B,9001,7,CFD
20241122_Box_2_CFD_Day_7_(Context_B)_9001,-1,3181,3746,106.03,124.87,18.87,B,9001,7,CFD
20241122_Box_2_CFD_Day_7_(Context_B)_9001,9,3747,3781,124.9,126.03,1.17,B,9001,7,CFD
20241122_Box_2_CFD_Day_7_(Context_B)_9001,-1,3782,5390,126.07,179.67,53.63,B,9001,7,CFD
20241122_Box_2_CFD_Day_7_(Context_B)_9004,9,0,1610,0.0,53.67,53.7,B,9004,7,CFD
20241122_Box_2_CFD_Day_7_(Context_B)_9004,-1,1611,1663,53.7,55.43,1.77,B,9004,7,CFD
20241122_Box_2_CFD_Day_7_(Context_B)_9004,9,1664,1716,55.47,57.2,1.77,B,9004,7,CFD
20241122_Box_2_CFD_Day_7_(Context_B)_9004,-1,1717,1779,57.23,59.3,2.1,B,9004,7,CFD
20241122_Box_2_CFD_Day_7_(Context_B)_9004,9,1780,1813,59.33,60.43,1.13,B,9004,7,CFD
20241122_Box_2_CFD_Day_7_(Context_B)_9004,-1,1814,2119,60.47,70.63,10.2,B,9004,7,CFD
20241122_Box_2_CFD_Day_7_(Context_B)_9004,9,2120,2147,70.67,71.57,0.93,B,9004,7,CFD
20241122_Box_2_CFD_Day_7_(Context_B)_9004,-1,2148,3657,71.6,121.9,50.33,B,9004,7,CFD
20241122_Box_2_CFD_Day_7_(Context_B)_9004,9,3658,3753,121.93,125.1,3.2,B,9004,7,CFD
20241122_Box_2_CFD_Day_7_(Context_B)_9004,-1,3754,3779,125.13,125.97,0.87,B,9004,7,CFD
20241122_Box_2_CFD_Day_7_(Context_B)_9004,9,3780,3796,126.0,126.53,0.57,B,9004,7,CFD
20241122_Box_2_CFD_Day_7_(Context_B)_9004,-1,3797,3820,126.57,127.33,0.8,B,9004,7,CFD
20241122_Box_2_CFD_Day_7_(Context_B)_9004,9,3821,3872,127.37,129.07,1.73,B,9004,7,CFD
20241122_Box_2_CFD_Day_7_(Context_B)_9004,-1,3873,3895,129.1,129.83,0.77,B,9004,7,CFD
20241122_Box_2_CFD_Day_7_(Context_B)_9004,9,3896,3909,129.87,130.3,0.47,B,9004,7,CFD
20241122_Box_2_CFD_Day_7_(Context_B)_9004,-1,3910,3922,130.33,130.73,0.43,B,9004,7,CFD
20241122_Box_2_CFD_Day_7_(Context_B)_9004,9,3923,3930,130.77,131.0,0.27,B,9004,7,CFD
20241122_Box_2_CFD_Day_7_(Context_B)_9004,-1,3931,4314,131.03,143.8,12.8,B,9004,7,CFD
20241122_Box_2_CFD_Day_7_(Context_B)_9004,9,4315,4412,143.83,147.07,3.27,B,9004,7,CFD
20241122_Box_2_CFD_Day_7_(Context_B)_9004,-1,4413,4423,147.1,147.43,0.37,B,9004,7,CFD
20241122_Box_2_CFD_Day_7_(Context_B)_9004,9,4424,4472,147.47,149.07,1.63,B,9004,7,CFD
20241122_Box_2_CFD_Day_7_(Context_B)_9004,-1,4473,5391,149.1,179.7,30.63,B,9004,7,CFD
20241122_Box_2_CFD_Day_7_(Context_B)_9006,9,0,3415,0.0,113.83,113.87,B,9006,7,CFD
20241122_Box_2_CFD_Day_7_(Context_B)_9006,-1,3416,3484,113.87,116.13,2.3,B,9006,7,CFD
20241122_Box_2_CFD_Day_7_(Context_B)_9006,9,3485,4177,116.17,139.23,23.1,B,9006,7,CFD
20241122_Box_2_CFD_Day_7_(Context_B)_9006,-1,4178,4338,139.27,144.6,5.37,B,9006,7,CFD
20241122_Box_2_CFD_Day_7_(Context_B)_9006,9,4339,4371,144.63,145.7,1.1,B,9006,7,CFD
20241122_Box_2_CFD_Day_7_(Context_B)_9006,-1,4372,4608,145.73,153.6,7.9,B,9006,7,CFD
20241122_Box_2_CFD_Day_7_(Context_B)_9006,9,4609,5390,153.63,179.67,26.07,B,9006,7,CFD
20241122_Box_2_CFD_Day_7_(Context_B)_9008,9,0,3057,0.0,101.9,101.93,B,9008,7,CFD
20241122_Box_2_CFD_Day_7_(Context_B)_9008,-1,3058,3213,101.93,107.1,5.2,B,9008,7,CFD
20241122_Box_2_CFD_Day_7_(Context_B)_9008,9,3214,4558,107.13,151.93,44.83,B,9008,7,CFD
20241122_Box_2_CFD_Day_7_(Context_B)_9008,-1,4559,4569,151.97,152.3,0.37,B,9008,7,CFD
20241122_Box_2_CFD_Day_7_(Context_B)_9008,9,4570,5390,152.33,179.67,27.37,B,9008,7,CFD
20241122_Box_2_CFD_Day_7_(Context_B)_9010,9,0,644,0.0,21.47,21.5,B,9010,7,CFD
20241122_Box_2_CFD_Day_7_(Context_B)_9010,-1,645,686,21.5,22.87,1.4,B,9010,7,CFD
20241122_Box_2_CFD_Day_7_(Context_B)_9010,9,687,831,22.9,27.7,4.83,B,9010,7,CFD
20241122_Box_2_CFD_Day_7_(Context_B)_9010,-1,832,840,27.73,28.0,0.3,B,9010,7,CFD
20241122_Box_2_CFD_Day_7_(Context_B)_9010,9,841,998,28.03,33.27,5.27,B,9010,7,CFD
20241122_Box_2_CFD_Day_7_(Context_B)_9010,-1,999,1146,33.3,38.2,4.93,B,9010,7,CFD
20241122_Box_2_CFD_Day_7_(Context_B)_9010,9,1147,1227,38.23,40.9,2.7,B,9010,7,CFD
20241122_Box_2_CFD_Day_7_(Context_B)_9010,-1,1228,1843,40.93,61.43,20.53,B,9010,7,CFD
20241122_Box_2_CFD_Day_7_(Context_B)_9010,9,1844,2603,61.47,86.77,25.33,B,9010,7,CFD
20241122_Box_2_CFD_Day_7_(Context_B)_9010,-1,2604,2623,86.8,87.43,0.67,B,9010,7,CFD
20241122_Box_2_CFD_Day_7_(Context_B)_9010,9,2624,2671,87.47,89.03,1.6,B,9010,7,CFD
20241122_Box_2_CFD_Day_7_(Context_B)_9010,-1,2672,2693,89.07,89.77,0.73,B,9010,7,CFD
20241122_Box_2_CFD_Day_7_(Context_B)_9010,9,2694,2848,89.8,94.93,5.17,B,9010,7,CFD
20241122_Box_2_CFD_Day_7_(Context_B)_9010,-1,2849,3177,94.97,105.9,10.97,B,9010,7,CFD
20241122_Box_2_CFD_Day_7_(Context_B)_9010,9,3178,3558,105.93,118.6,12.7,B,9010,7,CFD
20241122_Box_2_CFD_Day_7_(Context_B)_9010,-1,3559,4024,118.63,134.13,15.53,B,9010,7,CFD
20241122_Box_2_CFD_Day_7_(Context_B)_9010,9,4025,4078,134.17,135.93,1.8,B,9010,7,CFD
20241122_Box_2_CFD_Day_7_(Context_B)_9010,-1,4079,4194,135.97,139.8,3.87,B,9010,7,CFD
20241122_Box_2_CFD_Day_7_(Context_B)_9010,9,4195,4281,139.83,142.7,2.9,B,9010,7,CFD
20241122_Box_2_CFD_Day_7_(Context_B)_9010,-1,4282,4317,142.73,143.9,1.2,B,9010,7,CFD
20241122_Box_2_CFD_Day_7_(Context_B)_9010,9,4318,4432,143.93,147.73,3.83,B,9010,7,CFD
20241122_Box_2_CFD_Day_7_(Context_B)_9010,-1,4433,4559,147.77,151.97,4.23,B,9010,7,CFD
20241122_Box_2_CFD_Day_7_(Context_B)_9010,9,4560,5391,152.0,179.7,27.73,B,9010,7,CFD
20241122_Box_2_CFD_Day_7_(Context_B)_9012,9,0,3813,0.0,127.1,127.13,B,9012,7,CFD
20241122_Box_2_CFD_Day_7_(Context_B)_9012,-1,3814,3822,127.13,127.4,0.3,B,9012,7,CFD
20241122_Box_2_CFD_Day_7_(Context_B)_9012,9,3823,4477,127.43,149.23,21.83,B,9012,7,CFD
20241122_Box_2_CFD_Day_7_(Context_B)_9012,-1,4478,4483,149.27,149.43,0.2,B,9012,7,CFD
20241122_Box_2_CFD_Day_7_(Context_B)_9012,9,4484,5072,149.47,169.07,19.63,B,9012,7,CFD
20241122_Box_2_CFD_Day_7_(Context_B)_9012,-1,5073,5160,169.1,172.0,2.93,B,9012,7,CFD
20241122_Box_2_CFD_Day_7_(Context_B)_9012,9,5161,5385,172.03,179.5,7.5,B,9012,7,CFD
20241122_Box_2_CFD_Day_7_(Context_B)_9014,9,0,5390,0.0,179.67,179.7,B,9014,7,CFD
20241122_Box_2_CFD_Day_7_(Context_B)_9016,9,0,809,0.0,26.97,27.0,B,9016,7,CFD
20241122_Box_2_CFD_Day_7_(Context_B)_9016,-1,810,826,27.0,27.53,0.57,B,9016,7,CFD
20241122_Box_2_CFD_Day_7_(Context_B)_9016,9,827,1260,27.57,42.0,14.47,B,9016,7,CFD
20241122_Box_2_CFD_Day_7_(Context_B)_9016,0,1261,1398,42.03,46.6,4.6,B,9016,7,CFD
20241122_Box_2_CFD_Day_7_(Context_B)_9016,9,1399,1486,46.63,49.53,2.93,B,9016,7,CFD
20241122_Box_2_CFD_Day_7_(Context_B)_9016,-1,1487,1494,49.57,49.8,0.27,B,9016,7,CFD
20241122_Box_2_CFD_Day_7_(Context_B)_9016,9,1495,2997,49.83,99.9,50.1,B,9016,7,CFD
20241122_Box_2_CFD_Day_7_(Context_B)_9016,-1,2998,3015,99.93,100.5,0.6,B,9016,7,CFD
20241122_Box_2_CFD_Day_7_(Context_B)_9016,9,3016,3190,100.53,106.33,5.83,B,9016,7,CFD
20241122_Box_2_CFD_Day_7_(Context_B)_9016,-1,3191,3205,106.37,106.83,0.5,B,9016,7,CFD
20241122_Box_2_CFD_Day_7_(Context_B)_9016,9,3206,3302,106.87,110.07,3.23,B,9016,7,CFD
20241122_Box_2_CFD_Day_7_(Context_B)_9016,-1,3303,3485,110.1,116.17,6.1,B,9016,7,CFD
20241122_Box_2_CFD_Day_7_(Context_B)_9016,9,3486,3595,116.2,119.83,3.67,B,9016,7,CFD
20241122_Box_2_CFD_Day_7_(Context_B)_9016,-1,3596,3608,119.87,120.27,0.43,B,9016,7,CFD
20241122_Box_2_CFD_Day_7_(Context_B)_9016,9,3609,3713,120.3,123.77,3.5,B,9016,7,CFD
20241122_Box_2_CFD_Day_7_(Context_B)_9016,-1,3714,3721,123.8,124.03,0.27,B,9016,7,CFD
20241122_Box_2_CFD_Day_7_(Context_B)_9016,9,3722,5390,124.07,179.67,55.63,B,9016,7,CFD
20250205_Box_3_CFC_Day_0_(Context_A)_543,9,0,3859,0.0,128.63,128.67,A,543,0,CFC
20250205_Box_3_CFC_Day_0_(Context_A)_543,-1,3860,3865,128.67,128.83,0.2,A,543,0,CFC
20250205_Box_3_CFC_Day_0_(Context_A)_543,9,3866,4111,128.87,137.03,8.2,A,543,0,CFC
20250205_Box_3_CFC_Day_0_(Context_A)_543,-1,4112,4124,137.07,137.47,0.43,A,543,0,CFC
20250205_Box_3_CFC_Day_0_(Context_A)_543,9,4125,5969,137.5,198.97,61.5,A,543,0,CFC
20250205_Box_3_CFC_Day_0_(Context_A)_543,9,5972,6033,199.07,201.1,2.07,A,543,0,CFC
20250205_Box_3_CFC_Day_0_(Context_A)_543,-1,6034,6061,201.13,202.03,0.93,A,543,0,CFC
20250205_Box_3_CFC_Day_0_(Context_A)_543,9,6062,6092,202.07,203.07,1.03,A,543,0,CFC
20250205_Box_3_CFC_Day_0_(Context_A)_543,-1,6093,6123,203.1,204.1,1.03,A,543,0,CFC
20250205_Box_3_CFC_Day_0_(Context_A)_543,9,6124,6302,204.13,210.07,5.97,A,543,0,CFC
"20250206_Box_1_CFC_Day_1_(Context_A,_No_Shock)_526",9,0,175,0.0,5.83,5.87,A,526,1,CFC
"20250206_Box_1_CFC_Day_1_(Context_A,_No_Shock)_526",-1,176,207,5.87,6.9,1.07,A,526,1,CFC
"20250206_Box_1_CFC_Day_1_(Context_A,_No_Shock)_526",9,208,1264,6.93,42.13,35.23,A,526,1,CFC
"20250206_Box_1_CFC_Day_1_(Context_A,_No_Shock)_526",0,1265,1400,42.17,46.67,4.53,A,526,1,CFC
"20250206_Box_1_CFC_Day_1_(Context_A,_No_Shock)_526",9,1401,1617,46.7,53.9,7.23,A,526,1,CFC
"20250206_Box_1_CFC_Day_1_(Context_A,_No_Shock)_526",-1,1618,1631,53.93,54.37,0.47,A,526,1,CFC
"20250206_Box_1_CFC_Day_1_(Context_A,_No_Shock)_526",9,1632,1678,54.4,55.93,1.57,A,526,1,CFC
"20250206_Box_1_CFC_Day_1_(Context_A,_No_Shock)_526",0,1679,1684,55.97,56.13,0.2,A,526,1,CFC
"20250206_Box_1_CFC_Day_1_(Context_A,_No_Shock)_526",-1,1685,1769,56.17,58.97,2.83,A,526,1,CFC
"20250206_Box_1_CFC_Day_1_(Context_A,_No_Shock)_526",9,1770,3743,59.0,124.77,65.8,A,526,1,CFC
"20250206_Box_1_CFC_Day_1_(Context_A,_No_Shock)_526",-1,3744,3774,124.8,125.8,1.03,A,526,1,CFC
"20250206_Box_1_CFC_Day_1_(Context_A,_No_Shock)_526",9,3775,3817,125.83,127.23,1.43,A,526,1,CFC
"20250206_Box_1_CFC_Day_1_(Context_A,_No_Shock)_526",-1,3818,3833,127.27,127.77,0.53,A,526,1,CFC
"20250206_Box_1_CFC_Day_1_(Context_A,_No_Shock)_526",9,3834,4256,127.8,141.87,14.1,A,526,1,CFC
"20250206_Box_1_CFC_Day_1_(Context_A,_No_Shock)_526",6,4257,4314,141.9,143.8,1.93,A,526,1,CFC
"20250206_Box_1_CFC_Day_1_(Context_A,_No_Shock)_526",9,4315,4599,143.83,153.3,9.5,A,526,1,CFC
"20250206_Box_1_CFC_Day_1_(Context_A,_No_Shock)_526",0,4600,4801,153.33,160.03,6.73,A,526,1,CFC
"20250206_Box_1_CFC_Day_1_(Context_A,_No_Shock)_526",9,4802,4889,160.07,162.97,2.93,A,526,1,CFC
"20250206_Box_1_CFC_Day_1_(Context_A,_No_Shock)_526",0,4890,4911,163.0,163.7,0.73,A,526,1,CFC
"20250206_Box_1_CFC_Day_1_(Context_A,_No_Shock)_526",9,4912,5126,163.73,170.87,7.17,A,526,1,CFC
"20250206_Box_1_CFC_Day_1_(Context_A,_No_Shock)_526",6,5127,5237,170.9,174.57,3.7,A,526,1,CFC
"20250206_Box_1_CFC_Day_1_(Context_A,_No_Shock)_526",9,5238,5315,174.6,177.17,2.6,A,526,1,CFC
"20250206_Box_1_CFC_Day_1_(Context_A,_No_Shock)_526",6,5316,5347,177.2,178.23,1.07,A,526,1,CFC
"20250206_Box_1_CFC_Day_1_(Context_A,_No_Shock)_526",9,5348,5402,178.27,180.07,1.83,A,526,1,CFC
"20250206_Box_3_CFC_Day_1_(Context_A,_No_Shock)_528",9,0,1981,0.0,66.03,66.07,A,528,1,CFC
"20250206_Box_3_CFC_Day_1_(Context_A,_No_Shock)_528",-1,1982,2167,66.07,72.23,6.2,A,528,1,CFC
"20250206_Box_3_CFC_Day_1_(Context_A,_No_Shock)_528",9,2168,2203,72.27,73.43,1.2,A,528,1,CFC
"20250206_Box_3_CFC_Day_1_(Context_A,_No_Shock)_528",-1,2204,2326,73.47,77.53,4.1,A,528,1,CFC
"20250206_Box_3_CFC_Day_1_(Context_A,_No_Shock)_528",9,2327,2916,77.57,97.2,19.67,A,528,1,CFC
"20250206_Box_3_CFC_Day_1_(Context_A,_No_Shock)_528",-1,2917,2963,97.23,98.77,1.57,A,528,1,CFC
"20250206_Box_3_CFC_Day_1_(Context_A,_No_Shock)_528",9,2964,3010,98.8,100.33,1.57,A,528,1,CFC
"20250206_Box_3_CFC_Day_1_(Context_A,_No_Shock)_528",-1,3011,3258,100.37,108.6,8.27,A,528,1,CFC
"20250206_Box_3_CFC_Day_1_(Context_A,_No_Shock)_528",9,3259,3362,108.63,112.07,3.47,A,528,1,CFC
"20250206_Box_3_CFC_Day_1_(Context_A,_No_Shock)_528",-1,3363,3560,112.1,118.67,6.6,A,528,1,CFC
"20250206_Box_3_CFC_Day_1_(Context_A,_No_Shock)_528",9,3561,5333,118.7,177.77,59.1,A,528,1,CFC
"20250206_Box_3_CFC_Day_1_(Context_A,_No_Shock)_528",-1,5334,5375,177.8,179.17,1.4,A,528,1,CFC
"20250206_Box_3_CFC_Day_1_(Context_A,_No_Shock)_528",9,5376,5400,179.2,180.0,0.83,A,528,1,CFC
"20250206_Box_3_CFC_Day_1_(Context_A,_No_Shock)_543",9,0,437,0.0,14.57,14.6,A,543,1,CFC
"20250206_Box_3_CFC_Day_1_(Context_A,_No_Shock)_543",-1,438,446,14.6,14.87,0.3,A,543,1,CFC
"20250206_Box_3_CFC_Day_1_(Context_A,_No_Shock)_543",9,447,852,14.9,28.4,13.53,A,543,1,CFC
"20250206_Box_3_CFC_Day_1_(Context_A,_No_Shock)_543",-1,853,862,28.43,28.73,0.33,A,543,1,CFC
"20250206_Box_3_CFC_Day_1_(Context_A,_No_Shock)_543",9,863,1230,28.77,41.0,12.27,A,543,1,CFC
"20250206_Box_3_CFC_Day_1_(Context_A,_No_Shock)_543",-1,1231,1243,41.03,41.43,0.43,A,543,1,CFC
"20250206_Box_3_CFC_Day_1_(Context_A,_No_Shock)_543",9,1244,5010,41.47,167.0,125.57,A,543,1,CFC
"20250206_Box_3_CFC_Day_1_(Context_A,_No_Shock)_543",-1,5011,5175,167.03,172.5,5.5,A,543,1,CFC
"20250206_Box_3_CFC_Day_1_(Context_A,_No_Shock)_543",9,5176,5400,172.53,180.0,7.5,A,543,1,CFC
20250207_Box_1_CFC_Day_2_(Context_C)_526,9,0,2172,0.0,72.4,72.43,C,526,2,CFC
20250207_Box_1_CFC_Day_2_(Context_C)_526,9,2177,2395,72.57,79.83,7.3,C,526,2,CFC
20250207_Box_1_CFC_Day_2_(Context_C)_526,-1,2396,2406,79.87,80.2,0.37,C,526,2,CFC
20250207_Box_1_CFC_Day_2_(Context_C)_526,9,2407,5397,80.23,179.9,99.7,C,526,2,CFC
20250207_Box_1_CFC_Day_2_(Context_C)_541,9,0,4778,0.0,159.27,159.3,C,541,2,CFC
20250207_Box_1_CFC_Day_2_(Context_C)_541,-1,4779,4793,159.3,159.77,0.5,C,541,2,CFC
20250207_Box_1_CFC_Day_2_(Context_C)_541,9,4794,5391,159.8,179.7,19.93,C,541,2,CFC
20250207_Box_2_CFC_Day_2_(Context_C)_527,9,0,3278,0.0,109.27,109.3,C,527,2,CFC
20250207_Box_2_CFC_Day_2_(Context_C)_527,-1,3279,3298,109.3,109.93,0.67,C,527,2,CFC
20250207_Box_2_CFC_Day_2_(Context_C)_527,9,3299,4422,109.97,147.4,37.47,C,527,2,CFC
20250207_Box_2_CFC_Day_2_(Context_C)_527,-1,4423,4429,147.43,147.63,0.23,C,527,2,CFC
20250207_Box_2_CFC_Day_2_(Context_C)_527,9,4430,5401,147.67,180.03,32.4,C,527,2,CFC
20250207_Box_2_CFC_Day_2_(Context_C)_542,9,0,1001,0.0,33.37,33.4,C,542,2,CFC
20250207_Box_2_CFC_Day_2_(Context_C)_542,9,1003,5400,33.43,180.0,146.6,C,542,2,CFC
20250207_Box_3_CFC_Day_2_(Context_C)_528,9,0,355,0.0,11.83,11.87,C,528,2,CFC
20250207_Box_3_CFC_Day_2_(Context_C)_528,-1,356,392,11.87,13.07,1.23,C,528,2,CFC
20250207_Box_3_CFC_Day_2_(Context_C)_528,9,393,401,13.1,13.37,0.3,C,528,2,CFC
20250207_Box_3_CFC_Day_2_(Context_C)_528,-1,402,410,13.4,13.67,0.3,C,528,2,CFC
20250207_Box_3_CFC_Day_2_(Context_C)_528,9,411,929,13.7,30.97,17.3,C,528,2,CFC
20250207_Box_3_CFC_Day_2_(Context_C)_528,-1,930,979,31.0,32.63,1.67,C,528,2,CFC
20250207_Box_3_CFC_Day_2_(Context_C)_528,9,980,1853,32.67,61.77,29.13,C,528,2,CFC
20250207_Box_3_CFC_Day_2_(Context_C)_528,5,1854,1862,61.8,62.07,0.3,C,528,2,CFC
20250207_Box_3_CFC_Day_2_(Context_C)_528,9,1863,2265,62.1,75.5,13.43,C,528,2,CFC
20250207_Box_3_CFC_Day_2_(Context_C)_528,-1,2266,2271,75.53,75.7,0.2,C,528,2,CFC
20250207_Box_3_CFC_Day_2_(Context_C)_528,9,2272,2304,75.73,76.8,1.1,C,528,2,CFC
20250207_Box_3_CFC_Day_2_(Context_C)_528,-1,2305,2315,76.83,77.17,0.37,C,528,2,CFC
20250207_Box_3_CFC_Day_2_(Context_C)_528,9,2316,3623,77.2,120.77,43.6,C,528,2,CFC
20250207_Box_3_CFC_Day_2_(Context_C)_528,-1,3624,3693,120.8,123.1,2.33,C,528,2,CFC
20250207_Box_3_CFC_Day_2_(Context_C)_528,9,3694,4523,123.13,150.77,27.67,C,528,2,CFC
20250207_Box_3_CFC_Day_2_(Context_C)_528,-1,4524,4532,150.8,151.07,0.3,C,528,2,CFC
20250207_Box_3_CFC_Day_2_(Context_C)_528,9,4533,4878,151.1,162.6,11.53,C,528,2,CFC
20250207_Box_3_CFC_Day_2_(Context_C)_528,-1,4879,5026,162.63,167.53,4.93,C,528,2,CFC
20250207_Box_3_CFC_Day_2_(Context_C)_528,9,5027,5225,167.57,174.17,6.63,C,528,2,CFC
20250207_Box_3_CFC_Day_2_(Context_C)_528,-1,5226,5391,174.2,179.7,5.53,C,528,2,CFC
20250207_Box_3_CFC_Day_2_(Context_C)_543,9,0,3375,0.0,112.5,112.53,C,543,2,CFC
20250207_Box_3_CFC_Day_2_(Context_C)_543,9,3379,3433,112.63,114.43,1.83,C,543,2,CFC
20250207_Box_3_CFC_Day_2_(Context_C)_543,-1,3434,3442,114.47,114.73,0.3,C,543,2,CFC
20250207_Box_3_CFC_Day_2_(Context_C)_543,9,3443,5295,114.77,176.5,61.77,C,543,2,CFC
20250207_Box_3_CFC_Day_2_(Context_C)_543,2,5296,5330,176.53,177.67,1.17,C,543,2,CFC
20250207_Box_3_CFC_Day_2_(Context_C)_543,9,5331,5392,177.7,179.73,2.07,C,543,2,CFC
20250210_Box_1_CFD_Day_3_(Context_A)_526,9,0,3693,0.0,123.1,123.13,A,526,3,CFD
20250210_Box_1_CFD_Day_3_(Context_A)_526,-1,3694,3708,123.13,123.6,0.5,A,526,3,CFD
20250210_Box_1_CFD_Day_3_(Context_A)_526,9,3709,4289,123.63,142.97,19.37,A,526,3,CFD
20250210_Box_1_CFD_Day_3_(Context_A)_526,-1,4290,4301,143.0,143.37,0.4,A,526,3,CFD
20250210_Box_1_CFD_Day_3_(Context_A)_526,9,4302,6300,143.4,210.0,66.63,A,526,3,CFD
20250210_Box_1_CFD_Day_3_(Context_A)_541,9,0,1116,0.0,37.2,37.23,A,541,3,CFD
20250210_Box_1_CFD_Day_3_(Context_A)_541,9,1119,2422,37.3,80.73,43.47,A,541,3,CFD
20250210_Box_1_CFD_Day_3_(Context_A)_541,9,2427,4375,80.9,145.83,64.97,A,541,3,CFD
20250210_Box_1_CFD_Day_3_(Context_A)_541,9,4380,5068,146.0,168.93,22.97,A,541,3,CFD
20250210_Box_1_CFD_Day_3_(Context_A)_541,9,5070,6300,169.0,210.0,41.03,A,541,3,CFD
20250210_Box_1_CFD_Day_3_(Context_B)_526,9,0,1542,0.0,51.4,51.43,B,526,3,CFD
20250210_Box_1_CFD_Day_3_(Context_B)_526,-1,1543,1551,51.43,51.7,0.3,B,526,3,CFD
20250210_Box_1_CFD_Day_3_(Context_B)_526,9,1552,2254,51.73,75.13,23.43,B,526,3,CFD
20250210_Box_1_CFD_Day_3_(Context_B)_526,-1,2255,2268,75.17,75.6,0.47,B,526,3,CFD
20250210_Box_1_CFD_Day_3_(Context_B)_526,2,2269,2279,75.63,75.97,0.37,B,526,3,CFD
20250210_Box_1_CFD_Day_3_(Context_B)_526,9,2280,4400,76.0,146.67,70.7,B,526,3,CFD
20250210_Box_1_CFD_Day_3_(Context_B)_526,-1,4401,4418,146.7,147.27,0.6,B,526,3,CFD
20250210_Box_1_CFD_Day_3_(Context_B)_526,9,4419,4568,147.3,152.27,5.0,B,526,3,CFD
20250210_Box_1_CFD_Day_3_(Context_B)_526,9,4573,4937,152.43,164.57,12.17,B,526,3,CFD
20250210_Box_1_CFD_Day_3_(Context_B)_526,-1,4938,4947,164.6,164.9,0.33,B,526,3,CFD
20250210_Box_1_CFD_Day_3_(Context_B)_526,9,4948,5390,164.93,179.67,14.77,B,526,3,CFD
20250210_Box_1_CFD_Day_3_(Context_B)_541,9,0,657,0.0,21.9,21.93,B,541,3,CFD
20250210_Box_1_CFD_Day_3_(Context_B)_541,-1,658,704,21.93,23.47,1.57,B,541,3,CFD
20250210_Box_1_CFD_Day_3_(Context_B)_541,9,705,1672,23.5,55.73,32.27,B,541,3,CFD
20250210_Box_1_CFD_Day_3_(Context_B)_541,-1,1673,1694,55.77,56.47,0.73,B,541,3,CFD
20250210_Box_1_CFD_Day_3_(Context_B)_541,9,1699,3574,56.63,119.13,62.53,B,541,3,CFD
20250210_Box_1_CFD_Day_3_(Context_B)_541,-1,3575,3582,119.17,119.4,0.27,B,541,3,CFD
20250210_Box_1_CFD_Day_3_(Context_B)_541,9,3583,4152,119.43,138.4,19.0,B,541,3,CFD
20250210_Box_1_CFD_Day_3_(Context_B)_541,-1,4153,4170,138.43,139.0,0.6,B,541,3,CFD
20250210_Box_1_CFD_Day_3_(Context_B)_541,9,4171,5380,139.03,179.33,40.33,B,541,3,CFD
20250210_Box_1_CFD_Day_3_(Context_B)_541,-1,5381,5390,179.37,179.67,0.33,B,541,3,CFD
20250210_Box_2_CFD_Day_3_(Context_A)_527,9,0,307,0.0,10.23,10.27,A,527,3,CFD
20250210_Box_2_CFD_Day_3_(Context_A)_527,9,311,3360,10.37,112.0,101.67,A,527,3,CFD
20250210_Box_2_CFD_Day_3_(Context_A)_527,-1,3361,3432,112.03,114.4,2.4,A,527,3,CFD
20250210_Box_2_CFD_Day_3_(Context_A)_527,9,3433,3527,114.43,117.57,3.17,A,527,3,CFD
20250210_Box_2_CFD_Day_3_(Context_A)_527,-1,3528,3536,117.6,117.87,0.3,A,527,3,CFD
20250210_Box_2_CFD_Day_3_(Context_A)_527,9,3537,4451,117.9,148.37,30.5,A,527,3,CFD
20250210_Box_2_CFD_Day_3_(Context_A)_527,2,4452,4600,148.4,153.33,4.97,A,527,3,CFD
20250210_Box_2_CFD_Day_3_(Context_A)_527,9,4601,5496,153.37,183.2,29.87,A,527,3,CFD
20250210_Box_2_CFD_Day_3_(Context_A)_527,-1,5497,5572,183.23,185.73,2.53,A,527,3,CFD
20250210_Box_2_CFD_Day_3_(Context_A)_527,9,5573,5601,185.77,186.7,0.97,A,527,3,CFD
20250210_Box_2_CFD_Day_3_(Context_A)_527,-1,5602,5683,186.73,189.43,2.73,A,527,3,CFD
20250210_Box_2_CFD_Day_3_(Context_A)_527,9,5684,5720,189.47,190.67,1.23,A,527,3,CFD
20250210_Box_2_CFD_Day_3_(Context_A)_527,-1,5721,5733,190.7,191.1,0.43,A,527,3,CFD
20250210_Box_2_CFD_Day_3_(Context_A)_527,9,5734,5747,191.13,191.57,0.47,A,527,3,CFD
20250210_Box_2_CFD_Day_3_(Context_A)_527,-1,5748,5798,191.6,193.27,1.7,A,527,3,CFD
20250210_Box_2_CFD_Day_3_(Context_A)_527,9,5799,5966,193.3,198.87,5.6,A,527,3,CFD
20250210_Box_2_CFD_Day_3_(Context_A)_527,-1,5967,5990,198.9,199.67,0.8,A,527,3,CFD
20250210_Box_2_CFD_Day_3_(Context_A)_527,9,5991,6076,199.7,202.53,2.87,A,527,3,CFD
20250210_Box_2_CFD_Day_3_(Context_A)_527,-1,6077,6092,202.57,203.07,0.53,A,527,3,CFD
20250210_Box_2_CFD_Day_3_(Context_A)_527,9,6093,6177,203.1,205.9,2.83,A,527,3,CFD
20250210_Box_2_CFD_Day_3_(Context_A)_527,-1,6178,6186,205.93,206.2,0.3,A,527,3,CFD
20250210_Box_2_CFD_Day_3_(Context_A)_527,9,6187,6215,206.23,207.17,0.97,A,527,3,CFD
20250210_Box_2_CFD_Day_3_(Context_A)_527,9,6220,6300,207.33,210.0,2.7,A,527,3,CFD
20250210_Box_2_CFD_Day_3_(Context_A)_542,9,0,591,0.0,19.7,19.73,A,542,3,CFD
20250210_Box_2_CFD_Day_3_(Context_A)_542,-1,592,658,19.73,21.93,2.23,A,542,3,CFD
20250210_Box_2_CFD_Day_3_(Context_A)_542,9,659,791,21.97,26.37,4.43,A,542,3,CFD
20250210_Box_2_CFD_Day_3_(Context_A)_542,-1,792,806,26.4,26.87,0.5,A,542,3,CFD
20250210_Box_2_CFD_Day_3_(Context_A)_542,9,807,1518,26.9,50.6,23.73,A,542,3,CFD
20250210_Box_2_CFD_Day_3_(Context_A)_542,-1,1519,1529,50.63,50.97,0.37,A,542,3,CFD
20250210_Box_2_CFD_Day_3_(Context_A)_542,9,1530,1594,51.0,53.13,2.17,A,542,3,CFD
20250210_Box_2_CFD_Day_3_(Context_A)_542,2,1595,1611,53.17,53.7,0.57,A,542,3,CFD
20250210_Box_2_CFD_Day_3_(Context_A)_542,9,1612,1858,53.73,61.93,8.23,A,542,3,CFD
20250210_Box_2_CFD_Day_3_(Context_A)_542,0,1859,1893,61.97,63.1,1.17,A,542,3,CFD
20250210_Box_2_CFD_Day_3_(Context_A)_542,9,1894,2033,63.13,67.77,4.67,A,542,3,CFD
20250210_Box_2_CFD_Day_3_(Context_A)_542,-1,2034,2042,67.8,68.07,0.3,A,542,3,CFD
20250210_Box_2_CFD_Day_3_(Context_A)_542,9,2043,2223,68.1,74.1,6.03,A,542,3,CFD
20250210_Box_2_CFD_Day_3_(Context_A)_542,-1,2224,2306,74.13,76.87,2.77,A,542,3,CFD
20250210_Box_2_CFD_Day_3_(Context_A)_542,9,2307,2741,76.9,91.37,14.5,A,542,3,CFD
20250210_Box_2_CFD_Day_3_(Context_A)_542,-1,2742,2765,91.4,92.17,0.8,A,542,3,CFD
20250210_Box_2_CFD_Day_3_(Context_A)_542,9,2766,2822,92.2,94.07,1.9,A,542,3,CFD
20250210_Box_2_CFD_Day_3_(Context_A)_542,-1,2823,2958,94.1,98.6,4.53,A,542,3,CFD
20250210_Box_2_CFD_Day_3_(Context_A)_542,9,2959,3190,98.63,106.33,7.73,A,542,3,CFD
20250210_Box_2_CFD_Day_3_(Context_A)_542,-1,3191,3198,106.37,106.6,0.27,A,542,3,CFD
20250210_Box_2_CFD_Day_3_(Context_A)_542,9,3199,3314,106.63,110.47,3.87,A,542,3,CFD
20250210_Box_2_CFD_Day_3_(Context_A)_542,-1,3315,3345,110.5,111.5,1.03,A,542,3,CFD
20250210_Box_2_CFD_Day_3_(Context_A)_542,9,3346,3473,111.53,115.77,4.27,A,542,3,CFD
20250210_Box_2_CFD_Day_3_(Context_A)_542,0,3474,3509,115.8,116.97,1.2,A,542,3,CFD
20250210_Box_2_CFD_Day_3_(Context_A)_542,9,3510,3841,117.0,128.03,11.07,A,542,3,CFD
20250210_Box_2_CFD_Day_3_(Context_A)_542,-1,3842,3872,128.07,129.07,1.03,A,542,3,CFD
20250210_Box_2_CFD_Day_3_(Context_A)_542,9,3873,4075,129.1,135.83,6.77,A,542,3,CFD
20250210_Box_2_CFD_Day_3_(Context_A)_542,-1,4076,4095,135.87,136.5,0.67,A,542,3,CFD
20250210_Box_2_CFD_Day_3_(Context_A)_542,9,4096,4134,136.53,137.8,1.3,A,542,3,CFD
20250210_Box_2_CFD_Day_3_(Context_A)_542,-1,4135,4162,137.83,138.73,0.93,A,542,3,CFD
20250210_Box_2_CFD_Day_3_(Context_A)_542,9,4163,4207,138.77,140.23,1.5,A,542,3,CFD
20250210_Box_2_CFD_Day_3_(Context_A)_542,-1,4208,4253,140.27,141.77,1.53,A,542,3,CFD
20250210_Box_2_CFD_Day_3_(Context_A)_542,9,4254,4311,141.8,143.7,1.93,A,542,3,CFD
20250210_Box_2_CFD_Day_3_(Context_A)_542,-1,4312,4444,143.73,148.13,4.43,A,542,3,CFD
20250210_Box_2_CFD_Day_3_(Context_A)_542,9,4445,4488,148.17,149.6,1.47,A,542,3,CFD
20250210_Box_2_CFD_Day_3_(Context_A)_542,-1,4489,4552,149.63,151.73,2.13,A,542,3,CFD
20250210_Box_2_CFD_Day_3_(Context_A)_542,9,4553,4588,151.77,152.93,1.2,A,542,3,CFD
20250210_Box_2_CFD_Day_3_(Context_A)_542,-1,4589,4664,152.97,155.47,2.53,A,542,3,CFD
20250210_Box_2_CFD_Day_3_(Context_A)_542,9,4665,5554,155.5,185.13,29.67,A,542,3,CFD
20250210_Box_2_CFD_Day_3_(Context_A)_542,7,5555,5568,185.17,185.6,0.47,A,542,3,CFD
20250210_Box_2_CFD_Day_3_(Context_A)_542,9,5569,5578,185.63,185.93,0.33,A,542,3,CFD
20250210_Box_2_CFD_Day_3_(Context_A)_542,-1,5579,5593,185.97,186.43,0.5,A,542,3,CFD
20250210_Box_2_CFD_Day_3_(Context_A)_542,9,5594,5640,186.47,188.0,1.57,A,542,3,CFD
20250210_Box_2_CFD_Day_3_(Context_A)_542,7,5641,5648,188.03,188.27,0.27,A,542,3,CFD
20250210_Box_2_CFD_Day_3_(Context_A)_542,9,5649,5971,188.3,199.03,10.77,A,542,3,CFD
20250210_Box_2_CFD_Day_3_(Context_A)_542,-1,5972,5985,199.07,199.5,0.47,A,542,3,CFD
20250210_Box_2_CFD_Day_3_(Context_A)_542,9,5986,5999,199.53,199.97,0.47,A,542,3,CFD
20250210_Box_2_CFD_Day_3_(Context_A)_542,-1,6000,6007,200.0,200.23,0.27,A,542,3,CFD
20250210_Box_2_CFD_Day_3_(Context_A)_542,9,6010,6079,200.33,202.63,2.33,A,542,3,CFD
20250210_Box_2_CFD_Day_3_(Context_A)_542,-1,6080,6207,202.67,206.9,4.27,A,542,3,CFD
20250210_Box_2_CFD_Day_3_(Context_A)_542,9,6208,6302,206.93,210.07,3.17,A,542,3,CFD
20250210_Box_2_CFD_Day_3_(Context_B)_527,9,0,540,0.0,18.0,18.03,B,527,3,CFD
20250210_Box_2_CFD_Day_3_(Context_B)_527,-1,541,553,18.03,18.43,0.43,B,527,3,CFD
20250210_Box_2_CFD_Day_3_(Context_B)_527,9,554,1327,18.47,44.23,25.8,B,527,3,CFD
20250210_Box_2_CFD_Day_3_(Context_B)_527,3,1328,1359,44.27,45.3,1.07,B,527,3,CFD
20250210_Box_2_CFD_Day_3_(Context_B)_527,9,1360,1863,45.33,62.1,16.8,B,527,3,CFD
20250210_Box_2_CFD_Day_3_(Context_B)_527,1,1864,1909,62.13,63.63,1.53,B,527,3,CFD
20250210_Box_2_CFD_Day_3_(Context_B)_527,9,1910,3143,63.67,104.77,41.13,B,527,3,CFD
20250210_Box_2_CFD_Day_3_(Context_B)_527,-1,3144,3191,104.8,106.37,1.6,B,527,3,CFD
20250210_Box_2_CFD_Day_3_(Context_B)_527,9,3192,4581,106.4,152.7,46.33,B,527,3,CFD
20250210_Box_2_CFD_Day_3_(Context_B)_527,1,4582,4595,152.73,153.17,0.47,B,527,3,CFD
20250210_Box_2_CFD_Day_3_(Context_B)_527,9,4596,4892,153.2,163.07,9.9,B,527,3,CFD
20250210_Box_2_CFD_Day_3_(Context_B)_527,-1,4893,4943,163.1,164.77,1.7,B,527,3,CFD
20250210_Box_2_CFD_Day_3_(Context_B)_527,9,4944,5000,164.8,166.67,1.9,B,527,3,CFD
20250210_Box_2_CFD_Day_3_(Context_B)_527,-1,5001,5030,166.7,167.67,1.0,B,527,3,CFD
20250210_Box_2_CFD_Day_3_(Context_B)_527,9,5031,5225,167.7,174.17,6.5,B,527,3,CFD
20250210_Box_2_CFD_Day_3_(Context_B)_527,2,5226,5252,174.2,175.07,0.9,B,527,3,CFD
20250210_Box_2_CFD_Day_3_(Context_B)_527,9,5253,5371,175.1,179.03,3.97,B,527,3,CFD
20250210_Box_2_CFD_Day_3_(Context_B)_527,-1,5372,5390,179.07,179.67,0.63,B,527,3,CFD
20250210_Box_2_CFD_Day_3_(Context_B)_542,9,0,713,0.0,23.77,23.8,B,542,3,CFD
20250210_Box_2_CFD_Day_3_(Context_B)_542,-1,714,727,23.8,24.23,0.47,B,542,3,CFD
20250210_Box_2_CFD_Day_3_(Context_B)_542,9,728,958,24.27,31.93,7.7,B,542,3,CFD
20250210_Box_2_CFD_Day_3_(Context_B)_542,-1,959,965,31.97,32.17,0.23,B,542,3,CFD
20250210_Box_2_CFD_Day_3_(Context_B)_542,9,966,985,32.2,32.83,0.67,B,542,3,CFD
20250210_Box_2_CFD_Day_3_(Context_B)_542,9,990,1854,33.0,61.8,28.83,B,542,3,CFD
20250210_Box_2_CFD_Day_3_(Context_B)_542,-1,1855,1919,61.83,63.97,2.17,B,542,3,CFD
20250210_Box_2_CFD_Day_3_(Context_B)_542,9,1920,2408,64.0,80.27,16.3,B,542,3,CFD
20250210_Box_2_CFD_Day_3_(Context_B)_542,-1,2409,2416,80.3,80.53,0.27,B,542,3,CFD
20250210_Box_2_CFD_Day_3_(Context_B)_542,9,2417,2896,80.57,96.53,16.0,B,542,3,CFD
20250210_Box_2_CFD_Day_3_(Context_B)_542,-1,2897,2977,96.57,99.23,2.7,B,542,3,CFD
20250210_Box_2_CFD_Day_3_(Context_B)_542,9,2978,3276,99.27,109.2,9.97,B,542,3,CFD
20250210_Box_2_CFD_Day_3_(Context_B)_542,-1,3277,3383,109.23,112.77,3.57,B,542,3,CFD
20250210_Box_2_CFD_Day_3_(Context_B)_542,9,3384,3600,112.8,120.0,7.23,B,542,3,CFD
20250210_Box_2_CFD_Day_3_(Context_B)_542,-1,3601,3608,120.03,120.27,0.27,B,542,3,CFD
20250210_Box_2_CFD_Day_3_(Context_B)_542,9,3609,3667,120.3,122.23,1.97,B,542,3,CFD
20250210_Box_2_CFD_Day_3_(Context_B)_542,-1,3668,3705,122.27,123.5,1.27,B,542,3,CFD
20250210_Box_2_CFD_Day_3_(Context_B)_542,9,3706,3828,123.53,127.6,4.1,B,542,3,CFD
20250210_Box_2_CFD_Day_3_(Context_B)_542,0,3829,3850,127.63,128.33,0.73,B,542,3,CFD
20250210_Box_2_CFD_Day_3_(Context_B)_542,9,3851,3942,128.37,131.4,3.07,B,542,3,CFD
20250210_Box_2_CFD_Day_3_(Context_B)_542,-1,3943,4038,131.43,134.6,3.2,B,542,3,CFD
20250210_Box_2_CFD_Day_3_(Context_B)_542,9,4039,4158,134.63,138.6,4.0,B,542,3,CFD
20250210_Box_2_CFD_Day_3_(Context_B)_542,-1,4159,4188,138.63,139.6,1.0,B,542,3,CFD
20250210_Box_2_CFD_Day_3_(Context_B)_542,9,4189,4606,139.63,153.53,13.93,B,542,3,CFD
20250210_Box_2_CFD_Day_3_(Context_B)_542,-1,4607,4767,153.57,158.9,5.37,B,542,3,CFD
20250210_Box_2_CFD_Day_3_(Context_B)_542,9,4768,5179,158.93,172.63,13.73,B,542,3,CFD
20250210_Box_2_CFD_Day_3_(Context_B)_542,-1,5180,5257,172.67,175.23,2.6,B,542,3,CFD
20250210_Box_2_CFD_Day_3_(Context_B)_542,9,5258,5290,175.27,176.33,1.1,B,542,3,CFD
20250210_Box_2_CFD_Day_3_(Context_B)_542,-1,5291,5317,176.37,177.23,0.9,B,542,3,CFD
20250210_Box_2_CFD_Day_3_(Context_B)_542,9,5318,5391,177.27,179.7,2.47,B,542,3,CFD
20250210_Box_3_CFD_Day_3_(Context_A)_528,9,0,543,0.0,18.1,18.13,A,528,3,CFD
20250210_Box_3_CFD_Day_3_(Context_A)_528,-1,544,586,18.13,19.53,1.43,A,528,3,CFD
20250210_Box_3_CFD_Day_3_(Context_A)_528,9,587,1070,19.57,35.67,16.13,A,528,3,CFD
20250210_Box_3_CFD_Day_3_(Context_A)_528,-1,1071,1083,35.7,36.1,0.43,A,528,3,CFD
20250210_Box_3_CFD_Day_3_(Context_A)_528,9,1084,1136,36.13,37.87,1.77,A,528,3,CFD
20250210_Box_3_CFD_Day_3_(Context_A)_528,-1,1137,1197,37.9,39.9,2.03,A,528,3,CFD
20250210_Box_3_CFD_Day_3_(Context_A)_528,9,1198,1563,39.93,52.1,12.2,A,528,3,CFD
20250210_Box_3_CFD_Day_3_(Context_A)_528,-1,1564,1576,52.13,52.53,0.43,A,528,3,CFD
20250210_Box_3_CFD_Day_3_(Context_A)_528,9,1577,1687,52.57,56.23,3.7,A,528,3,CFD
20250210_Box_3_CFD_Day_3_(Context_A)_528,-1,1688,1762,56.27,58.73,2.5,A,528,3,CFD
20250210_Box_3_CFD_Day_3_(Context_A)_528,9,1763,1792,58.77,59.73,1.0,A,528,3,CFD
20250210_Box_3_CFD_Day_3_(Context_A)_528,-1,1793,1858,59.77,61.93,2.2,A,528,3,CFD
20250210_Box_3_CFD_Day_3_(Context_A)_528,9,1859,2181,61.97,72.7,10.77,A,528,3,CFD
20250210_Box_3_CFD_Day_3_(Context_A)_528,-1,2182,2206,72.73,73.53,0.83,A,528,3,CFD
20250210_Box_3_CFD_Day_3_(Context_A)_528,9,2207,2788,73.57,92.93,19.4,A,528,3,CFD
20250210_Box_3_CFD_Day_3_(Context_A)_528,-1,2789,2925,92.97,97.5,4.57,A,528,3,CFD
20250210_Box_3_CFD_Day_3_(Context_A)_528,9,2926,3185,97.53,106.17,8.67,A,528,3,CFD
20250210_Box_3_CFD_Day_3_(Context_A)_528,0,3186,3249,106.2,108.3,2.13,A,528,3,CFD
20250210_Box_3_CFD_Day_3_(Context_A)_528,9,3250,4753,108.33,158.43,50.13,A,528,3,CFD
20250210_Box_3_CFD_Day_3_(Context_A)_528,-1,4754,4795,158.47,159.83,1.4,A,528,3,CFD
20250210_Box_3_CFD_Day_3_(Context_A)_528,9,4796,6302,159.87,210.07,50.23,A,528,3,CFD
20250210_Box_3_CFD_Day_3_(Context_A)_543,9,0,409,0.0,13.63,13.67,A,543,3,CFD
20250210_Box_3_CFD_Day_3_(Context_A)_543,-1,410,420,13.67,14.0,0.37,A,543,3,CFD
20250210_Box_3_CFD_Day_3_(Context_A)_543,9,421,575,14.03,19.17,5.17,A,543,3,CFD
20250210_Box_3_CFD_Day_3_(Context_A)_543,-1,576,590,19.2,19.67,0.5,A,543,3,CFD
20250210_Box_3_CFD_Day_3_(Context_A)_543,9,591,1134,19.7,37.8,18.13,A,543,3,CFD
20250210_Box_3_CFD_Day_3_(Context_A)_543,9,1139,1709,37.97,56.97,19.03,A,543,3,CFD
20250210_Box_3_CFD_Day_3_(Context_A)_543,-1,1710,1732,57.0,57.73,0.77,A,543,3,CFD
20250210_Box_3_CFD_Day_3_(Context_A)_543,9,1733,1769,57.77,58.97,1.23,A,543,3,CFD
20250210_Box_3_CFD_Day_3_(Context_A)_543,-1,1770,1798,59.0,59.93,0.97,A,543,3,CFD
20250210_Box_3_CFD_Day_3_(Context_A)_543,9,1799,1978,59.97,65.93,6.0,A,543,3,CFD
20250210_Box_3_CFD_Day_3_(Context_A)_543,9,1980,4176,66.0,139.2,73.23,A,543,3,CFD
20250210_Box_3_CFD_Day_3_(Context_A)_543,1,4177,4187,139.23,139.57,0.37,A,543,3,CFD
20250210_Box_3_CFD_Day_3_(Context_A)_543,9,4188,4495,139.6,149.83,10.27,A,543,3,CFD
20250210_Box_3_CFD_Day_3_(Context_A)_543,-1,4496,4513,149.87,150.43,0.6,A,543,3,CFD
20250210_Box_3_CFD_Day_3_(Context_A)_543,9,4514,5581,150.47,186.03,35.6,A,543,3,CFD
20250210_Box_3_CFD_Day_3_(Context_A)_543,-1,5582,5627,186.07,187.57,1.53,A,543,3,CFD
20250210_Box_3_CFD_Day_3_(Context_A)_543,9,5628,6301,187.6,210.03,22.47,A,543,3,CFD
20250210_Box_3_CFD_Day_3_(Context_B)_528,-1,5,17,0.17,0.57,0.43,B,528,3,CFD
20250210_Box_3_CFD_Day_3_(Context_B)_528,9,18,111,0.6,3.7,3.13,B,528,3,CFD
20250210_Box_3_CFD_Day_3_(Context_B)_528,-1,112,129,3.73,4.3,0.6,B,528,3,CFD
20250210_Box_3_CFD_Day_3_(Context_B)_528,9,130,180,4.33,6.0,1.7,B,528,3,CFD
20250210_Box_3_CFD_Day_3_(Context_B)_528,-1,181,1855,6.03,61.83,55.83,B,528,3,CFD
20250210_Box_3_CFD_Day_3_(Context_B)_528,9,1856,2043,61.87,68.1,6.27,B,528,3,CFD
20250210_Box_3_CFD_Day_3_(Context_B)_528,-1,2044,2055,68.13,68.5,0.4,B,528,3,CFD
20250210_Box_3_CFD_Day_3_(Context_B)_528,9,2056,2523,68.53,84.1,15.6,B,528,3,CFD
20250210_Box_3_CFD_Day_3_(Context_B)_528,9,2529,5391,84.3,179.7,95.43,B,528,3,CFD
20250210_Box_3_CFD_Day_3_(Context_B)_543,-1,6,23,0.2,0.77,0.6,B,543,3,CFD
20250210_Box_3_CFD_Day_3_(Context_B)_543,9,24,554,0.8,18.47,17.7,B,543,3,CFD
20250210_Box_3_CFD_Day_3_(Context_B)_543,-1,555,571,18.5,19.03,0.57,B,543,3,CFD
20250210_Box_3_CFD_Day_3_(Context_B)_543,9,572,633,19.07,21.1,2.07,B,543,3,CFD
20250210_Box_3_CFD_Day_3_(Context_B)_543,9,639,1108,21.3,36.93,15.67,B,543,3,CFD
20250210_Box_3_CFD_Day_3_(Context_B)_543,2,1109,1127,36.97,37.57,0.63,B,543,3,CFD
20250210_Box_3_CFD_Day_3_(Context_B)_543,9,1128,1912,37.6,63.73,26.17,B,543,3,CFD
20250210_Box_3_CFD_Day_3_(Context_B)_543,9,1915,2095,63.83,69.83,6.03,B,543,3,CFD
20250210_Box_3_CFD_Day_3_(Context_B)_543,-1,2096,2137,69.87,71.23,1.4,B,543,3,CFD
20250210_Box_3_CFD_Day_3_(Context_B)_543,9,2138,3036,71.27,101.2,29.97,B,543,3,CFD
20250210_Box_3_CFD_Day_3_(Context_B)_543,1,3037,3049,101.23,101.63,0.43,B,543,3,CFD
20250210_Box_3_CFD_Day_3_(Context_B)_543,9,3050,5216,101.67,173.87,72.23,B,543,3,CFD
20250210_Box_3_CFD_Day_3_(Context_B)_543,-1,5217,5326,173.9,177.53,3.67,B,543,3,CFD
20250210_Box_3_CFD_Day_3_(Context_B)_543,9,5327,5391,177.57,179.7,2.17,B,543,3,CFD
20250211_Box_1_CFD_Day_4_(Context_A)_526,9,0,500,0.0,16.67,16.7,A,526,4,CFD
20250211_Box_1_CFD_Day_4_(Context_A)_526,-1,501,513,16.7,17.1,0.43,A,526,4,CFD
20250211_Box_1_CFD_Day_4_(Context_A)_526,9,514,792,17.13,26.4,9.3,A,526,4,CFD
20250211_Box_1_CFD_Day_4_(Context_A)_526,9,797,6302,26.57,210.07,183.53,A,526,4,CFD
20250211_Box_1_CFD_Day_4_(Context_A)_541,9,0,1411,0.0,47.03,47.07,A,541,4,CFD
20250211_Box_1_CFD_Day_4_(Context_A)_541,-1,1412,1420,47.07,47.33,0.3,A,541,4,CFD
20250211_Box_1_CFD_Day_4_(Context_A)_541,9,1421,2253,47.37,75.1,27.77,A,541,4,CFD
20250211_Box_1_CFD_Day_4_(Context_A)_541,-1,2254,2268,75.13,75.6,0.5,A,541,4,CFD
20250211_Box_1_CFD_Day_4_(Context_A)_541,9,2269,2987,75.63,99.57,23.97,A,541,4,CFD
20250211_Box_1_CFD_Day_4_(Context_A)_541,7,2988,2999,99.6,99.97,0.4,A,541,4,CFD
20250211_Box_1_CFD_Day_4_(Context_A)_541,9,3000,4949,100.0,164.97,65.0,A,541,4,CFD
20250211_Box_1_CFD_Day_4_(Context_A)_541,7,4950,4960,165.0,165.33,0.37,A,541,4,CFD
20250211_Box_1_CFD_Day_4_(Context_A)_541,9,4961,5387,165.37,179.57,14.23,A,541,4,CFD
20250211_Box_1_CFD_Day_4_(Context_A)_541,-1,5388,5400,179.6,180.0,0.43,A,541,4,CFD
20250211_Box_1_CFD_Day_4_(Context_A)_541,9,5401,6301,180.03,210.03,30.03,A,541,4,CFD
20250211_Box_1_CFD_Day_4_(Context_B)_541,9,0,1180,0.0,39.33,39.37,B,541,4,CFD
20250211_Box_1_CFD_Day_4_(Context_B)_541,9,1186,1627,39.53,54.23,14.73,B,541,4,CFD
20250211_Box_1_CFD_Day_4_(Context_B)_541,0,1628,1655,54.27,55.17,0.93,B,541,4,CFD
20250211_Box_1_CFD_Day_4_(Context_B)_541,9,1656,1731,55.2,57.7,2.53,B,541,4,CFD
20250211_Box_1_CFD_Day_4_(Context_B)_541,0,1732,1768,57.73,58.93,1.23,B,541,4,CFD
20250211_Box_1_CFD_Day_4_(Context_B)_541,9,1769,1834,58.97,61.13,2.2,B,541,4,CFD
20250211_Box_1_CFD_Day_4_(Context_B)_541,-1,1835,1855,61.17,61.83,0.7,B,541,4,CFD
20250211_Box_1_CFD_Day_4_(Context_B)_541,9,1856,1916,61.87,63.87,2.03,B,541,4,CFD
20250211_Box_1_CFD_Day_4_(Context_B)_541,-1,1917,1924,63.9,64.13,0.27,B,541,4,CFD
20250211_Box_1_CFD_Day_4_(Context_B)_541,0,1925,1967,64.17,65.57,1.43,B,541,4,CFD
20250211_Box_1_CFD_Day_4_(Context_B)_541,9,1968,2034,65.6,67.8,2.23,B,541,4,CFD
20250211_Box_1_CFD_Day_4_(Context_B)_541,-1,2035,2058,67.83,68.6,0.8,B,541,4,CFD
20250211_Box_1_CFD_Day_4_(Context_B)_541,0,2059,2080,68.63,69.33,0.73,B,541,4,CFD
20250211_Box_1_CFD_Day_4_(Context_B)_541,9,2081,2169,69.37,72.3,2.97,B,541,4,CFD
20250211_Box_1_CFD_Day_4_(Context_B)_541,0,2170,2187,72.33,72.9,0.6,B,541,4,CFD
20250211_Box_1_CFD_Day_4_(Context_B)_541,9,2188,2280,72.93,76.0,3.1,B,541,4,CFD
20250211_Box_1_CFD_Day_4_(Context_B)_541,-1,2281,2326,76.03,77.53,1.53,B,541,4,CFD
20250211_Box_1_CFD_Day_4_(Context_B)_541,0,2327,2339,77.57,77.97,0.43,B,541,4,CFD
20250211_Box_1_CFD_Day_4_(Context_B)_541,9,2340,2582,78.0,86.07,8.1,B,541,4,CFD
20250211_Box_1_CFD_Day_4_(Context_B)_541,0,2583,2673,86.1,89.1,3.03,B,541,4,CFD
20250211_Box_1_CFD_Day_4_(Context_B)_541,9,2674,3554,89.13,118.47,29.37,B,541,4,CFD
20250211_Box_1_CFD_Day_4_(Context_B)_541,0,3555,3593,118.5,119.77,1.3,B,541,4,CFD
20250211_Box_1_CFD_Day_4_(Context_B)_541,9,3594,5090,119.8,169.67,49.9,B,541,4,CFD
20250211_Box_1_CFD_Day_4_(Context_B)_541,-1,5091,5096,169.7,169.87,0.2,B,541,4,CFD
20250211_Box_1_CFD_Day_4_(Context_B)_541,9,5097,5391,169.9,179.7,9.83,B,541,4,CFD
20250211_Box_2_CFD_Day_4_(Context_A)_542,9,0,34,0.0,1.13,1.17,A,542,4,CFD
20250211_Box_2_CFD_Day_4_(Context_A)_542,-1,35,213,1.17,7.1,5.97,A,542,4,CFD
20250211_Box_2_CFD_Day_4_(Context_A)_542,9,214,248,7.13,8.27,1.17,A,542,4,CFD
20250211_Box_2_CFD_Day_4_(Context_A)_542,-1,249,416,8.3,13.87,5.6,A,542,4,CFD
20250211_Box_2_CFD_Day_4_(Context_A)_542,9,417,543,13.9,18.1,4.23,A,542,4,CFD
20250211_Box_2_CFD_Day_4_(Context_A)_542,-1,544,595,18.13,19.83,1.73,A,542,4,CFD
20250211_Box_2_CFD_Day_4_(Context_A)_542,9,596,649,19.87,21.63,1.8,A,542,4,CFD
20250211_Box_2_CFD_Day_4_(Context_A)_542,-1,650,689,21.67,22.97,1.33,A,542,4,CFD
20250211_Box_2_CFD_Day_4_(Context_A)_542,9,690,726,23.0,24.2,1.23,A,542,4,CFD
20250211_Box_2_CFD_Day_4_(Context_A)_542,-1,727,773,24.23,25.77,1.57,A,542,4,CFD
20250211_Box_2_CFD_Day_4_(Context_A)_542,9,774,782,25.8,26.07,0.3,A,542,4,CFD
20250211_Box_2_CFD_Day_4_(Context_A)_542,-1,783,856,26.1,28.53,2.47,A,542,4,CFD
20250211_Box_2_CFD_Day_4_(Context_A)_542,9,857,980,28.57,32.67,4.13,A,542,4,CFD
20250211_Box_2_CFD_Day_4_(Context_A)_542,-1,981,1023,32.7,34.1,1.43,A,542,4,CFD
20250211_Box_2_CFD_Day_4_(Context_A)_542,9,1024,1218,34.13,40.6,6.5,A,542,4,CFD
20250211_Box_2_CFD_Day_4_(Context_A)_542,-1,1219,1230,40.63,41.0,0.4,A,542,4,CFD
20250211_Box_2_CFD_Day_4_(Context_A)_542,9,1231,1327,41.03,44.23,3.23,A,542,4,CFD
20250211_Box_2_CFD_Day_4_(Context_A)_542,-1,1328,1377,44.27,45.9,1.67,A,542,4,CFD
20250211_Box_2_CFD_Day_4_(Context_A)_542,9,1378,1463,45.93,48.77,2.87,A,542,4,CFD
20250211_Box_2_CFD_Day_4_(Context_A)_542,-1,1464,1478,48.8,49.27,0.5,A,542,4,CFD
20250211_Box_2_CFD_Day_4_(Context_A)_542,9,1479,1513,49.3,50.43,1.17,A,542,4,CFD
20250211_Box_2_CFD_Day_4_(Context_A)_542,-1,1514,1611,50.47,53.7,3.27,A,542,4,CFD
20250211_Box_2_CFD_Day_4_(Context_A)_542,9,1612,1689,53.73,56.3,2.6,A,542,4,CFD
20250211_Box_2_CFD_Day_4_(Context_A)_542,-1,1690,1725,56.33,57.5,1.2,A,542,4,CFD
20250211_Box_2_CFD_Day_4_(Context_A)_542,9,1726,1829,57.53,60.97,3.47,A,542,4,CFD
20250211_Box_2_CFD_Day_4_(Context_A)_542,-1,1830,1927,61.0,64.23,3.27,A,542,4,CFD
20250211_Box_2_CFD_Day_4_(Context_A)_542,9,1928,1933,64.27,64.43,0.2,A,542,4,CFD
20250211_Box_2_CFD_Day_4_(Context_A)_542,-1,1934,1988,64.47,66.27,1.83,A,542,4,CFD
20250211_Box_2_CFD_Day_4_(Context_A)_542,9,1989,2079,66.3,69.3,3.03,A,542,4,CFD
20250211_Box_2_CFD_Day_4_(Context_A)_542,-1,2080,2333,69.33,77.77,8.47,A,542,4,CFD
20250211_Box_2_CFD_Day_4_(Context_A)_542,9,2334,2425,77.8,80.83,3.07,A,542,4,CFD
20250211_Box_2_CFD_Day_4_(Context_A)_542,-1,2426,2631,80.87,87.7,6.87,A,542,4,CFD
20250211_Box_2_CFD_Day_4_(Context_A)_542,9,2632,6301,87.73,210.03,122.33,A,542,4,CFD
