state,A_frac,B_frac,C_frac,A_minus_B,A_minus_B_ci_lo,A_minus_B_ci_hi,cohen_d_A_B,A_minus_C,A_minus_C_ci_lo,A_minus_C_ci_hi,cohen_d_A_C,B_minus_C,B_minus_C_ci_lo,B_minus_C_ci_hi,cohen_d_B_C,A_enrichment,B_enrichment,C_enrichment,A_rank,B_rank,C_rank,heuristic_label
0,0.21560167881963715,0.16336891547600726,0.20883571437160728,0.0522,0.0088,0.0936,0.327,0.0068,-0.0757,0.0918,0.038,-0.0455,-0.1325,0.0349,-0.271,0.0295,-0.0488,0.0194,3,3,3,state_0: mixed (candidate)
1,0.010261382317754584,0.08080305683789428,0.39561227133608445,-0.0705,-0.1074,-0.0386,-0.632,-0.3854,-0.5887,-0.1757,-1.157,-0.3148,-0.5196,-0.1151,-0.898,-0.2279,-0.1221,0.3501,5,5,1,state_1: locomotion (candidate)
2,0.2669795393048198,0.18407795436252228,0.26311880534120546,0.0829,0.0231,0.1371,0.406,0.0039,-0.0991,0.1098,0.018,-0.079,-0.1831,0.0271,-0.37,0.0434,-0.081,0.0376,2,4,2,state_2: grooming/comfort-like (candidate)
3,0.5061339629914517,0.39532793829807134,0.12574470186815156,0.1108,0.0219,0.1956,0.367,0.3804,0.2958,0.4614,1.721,0.2696,0.1651,0.3608,1.054,0.2456,0.0794,-0.325,1,2,5,state_3: freezing-like (candidate)
4,0.001023436566336616,0.17642213502550472,0.006688507082951223,-0.1754,-0.2453,-0.1152,-0.843,-0.0057,-0.0128,-0.0007,-0.52,0.1697,0.1095,0.2393,0.815,-0.0905,0.1726,-0.082,4,1,4,state_4: locomotion (candidate)
