state,heuristic_label,context_A_frac,context_B_frac,context_C_frac,mean_centroid_speed,median_centroid_speed,mean_angular_vel,median_angular_vel,mean_body_length_px,median_body_length_px,mean_elongation,median_elongation,mean_entropy,median_entropy,mean_bout_dur_sec,median_bout_dur_sec,n_bouts
0,state_0: mixed (candidate),0.21560167881963715,0.16336891547600726,0.20883571437160728,135.77235412597656,98.2127456665039,9.906708717346191,2.2848339080810547,113.77175903320312,114.21954345703125,2.2039546966552734,2.024407386779785,0.043855153024196625,0.03368288651108742,1.7883106502484338,1.13,4629
1,state_1: locomotion (candidate),0.010261382317754584,0.08080305683789428,0.39561227133608445,300.544677734375,257.0525207519531,8.775670051574707,3.2772421836853027,177.63804626464844,180.2802734375,2.1649038791656494,1.8454393148422241,0.029355516657233238,0.02898593433201313,2.65530701754386,0.63,1140
2,state_2: grooming/comfort-like (candidate),0.2669795393048198,0.18407795436252228,0.26311880534120546,71.21952056884766,39.079551696777344,2.0214576721191406,0.30473122000694275,117.44984436035156,117.64446258544922,3.21042537689209,3.0980091094970703,0.20412160456180573,0.07246753573417664,2.618873023967364,1.17,3922
3,state_3: freezing-like (candidate),0.5061339629914517,0.39532793829807134,0.12574470186815156,23.286897659301758,9.143571853637695,0.7686895728111267,0.14868532121181488,111.52550506591797,111.6607894897461,2.360639810562134,2.3358840942382812,0.521578311920166,0.3092804253101349,4.945160085378869,1.43,3748
4,state_4: locomotion (candidate),0.001023436566336616,0.17642213502550472,0.006688507082951223,136.9657745361328,96.2093505859375,3.1060948371887207,0.8759728670120239,84.7356948852539,67.74925231933594,2.1206116676330566,1.7655675411224365,0.09429781138896942,0.03706682473421097,3.524171270718232,0.93,724
