,State_0,State_1,State_2
State_0,0.8769230769230769,0.11623931623931624,0.006837606837606838
State_1,0.09487268922218346,0.9030345308685037,0.0020927799093128706
State_2,0.09289617486338798,0.0273224043715847,0.8797814207650273
