,State_0,State_1,State_2
State_0,0.962059620596206,0.03116531165311653,0.006775067750677507
State_1,0.0052177858439201455,0.9909255898366606,0.003856624319419238
State_2,0.01968503937007874,0.07086614173228346,0.9094488188976378
