{
  "behavioral_states": {
    "n_states": 2,
    "states": {
      "state_0": {
        "occurrence_rate": 0.28619029988893,
        "total_frames": 1546,
        "total_duration_sec": 51.53333333333333,
        "n_bouts": 35,
        "mean_bout_duration_sec": 1.4723809523809523,
        "median_bout_duration_sec": 0.2,
        "max_bout_duration_sec": 19.633333333333333,
        "feature_profile": {
          "speed_kp0": {
            "mean": 77.78787781086479,
            "std": 62.12593642780631,
            "median": 67.8647095043462
          },
          "speed_kp1": {
            "mean": 75.11145731930858,
            "std": 60.88809059489459,
            "median": 64.55319196037112
          },
          "speed_kp2": {
            "mean": 108.7715640385395,
            "std": 92.85204945342969,
            "median": 92.89742969948546
          },
          "speed_kp3": {
            "mean": 54.737622274736516,
            "std": 44.15540528596123,
            "median": 45.352283964278634
          },
          "speed_kp4": {
            "mean": 51.401541520849236,
            "std": 73.54054023840123,
            "median": 27.99317413356959
          },
          "speed_kp5": {
            "mean": 48.508354771354604,
            "std": 70.78315701948281,
            "median": 29.249820924948757
          },
          "speed_kp6": {
            "mean": 40.675381061344765,
            "std": 51.26064384354412,
            "median": 23.16398723707659
          },
          "speed_kp7": {
            "mean": 188.0881065923255,
            "std": 526.852341543327,
            "median": 25.27297485639953
          },
          "dist_pair0": {
            "mean": 29.228965028854322,
            "std": 3.712340444680998,
            "median": 28.61395195265348
          },
          "dist_pair1": {
            "mean": 39.36851972412038,
            "std": 10.338713799277896,
            "median": 39.991163010657125
          },
          "dist_pair2": {
            "mean": 35.415450435545694,
            "std": 5.242975123408574,
            "median": 35.28978686602251
          },
          "dist_pair3": {
            "mean": 71.26423321828926,
            "std": 16.680194769388162,
            "median": 68.38910288436573
          },
          "dist_pair4": {
            "mean": 82.2925063051619,
            "std": 15.184735465444637,
            "median": 79.89428217286951
          },
          "dist_pair5": {
            "mean": 105.02437058448677,
            "std": 16.592897676188294,
            "median": 102.9467351571165
          },
          "dist_pair6": {
            "mean": 153.71066421960083,
            "std": 37.44334595040965,
            "median": 152.23724670928823
          },
          "dist_pair7": {
            "mean": 38.8592995970459,
            "std": 11.248032147981913,
            "median": 38.68351176841236
          },
          "dist_pair8": {
            "mean": 35.29558018634557,
            "std": 4.626283519792705,
            "median": 35.290322148475425
          },
          "dist_pair9": {
            "mean": 81.31909838593542,
            "std": 13.463621595502483,
            "median": 77.9413218429325
          },
          "dist_pair10": {
            "mean": 70.04646625638962,
            "std": 19.017454895247287,
            "median": 69.85584345182987
          },
          "dist_pair11": {
            "mean": 104.62595884117799,
            "std": 17.514953871492665,
            "median": 103.41809045444035
          },
          "dist_pair12": {
            "mean": 153.69900951837954,
            "std": 38.850136068954214,
            "median": 148.82986456360862
          },
          "dist_pair13": {
            "mean": 67.429763123112,
            "std": 10.45477720829121,
            "median": 67.97567825789332
          },
          "dist_pair14": {
            "mean": 107.24616262978479,
            "std": 17.184566675195196,
            "median": 105.93859543109653
          },
          "dist_pair15": {
            "mean": 105.78277045583027,
            "std": 20.729546273408964,
            "median": 106.3783051710159
          },
          "dist_pair16": {
            "mean": 136.10321236634533,
            "std": 17.811933940154674,
            "median": 134.1886118378908
          },
          "dist_pair17": {
            "mean": 177.04688609341073,
            "std": 43.719258285231426,
            "median": 173.8032438757752
          },
          "dist_pair18": {
            "mean": 47.46305512391663,
            "std": 10.587967907727265,
            "median": 44.284247929656416
          },
          "dist_pair19": {
            "mean": 49.76138099044965,
            "std": 10.87977208879847,
            "median": 48.175695806775074
          },
          "dist_pair20": {
            "mean": 73.45869241077847,
            "std": 12.546937458464264,
            "median": 71.5605458425268
          },
          "dist_pair21": {
            "mean": 130.95796025099955,
            "std": 32.95124255967344,
            "median": 128.270756935811
          },
          "dist_pair22": {
            "mean": 61.11873806897179,
            "std": 6.410329944344107,
            "median": 61.19243715637788
          },
          "dist_pair23": {
            "mean": 46.5703293801863,
            "std": 7.413430291655374,
            "median": 46.730490396012584
          },
          "dist_pair24": {
            "mean": 105.63227085939492,
            "std": 35.3995669006817,
            "median": 98.13280720698216
          },
          "dist_pair25": {
            "mean": 49.97880905864747,
            "std": 7.950785647346581,
            "median": 50.338972493066095
          },
          "dist_pair26": {
            "mean": 109.44478709036972,
            "std": 35.425295209188064,
            "median": 111.35540064270143
          },
          "dist_pair27": {
            "mean": 79.6563440625999,
            "std": 36.234673273019965,
            "median": 80.49136206911248
          },
          "centroid_speed": {
            "mean": 57.08210248606708,
            "std": 65.861478796631,
            "median": 41.58421531755123
          },
          "body_orientation": {
            "mean": -0.707705899809701,
            "std": 0.9037521175364701,
            "median": -0.6630151553611123
          },
          "elongation": {
            "mean": 2.505164886425528,
            "std": 0.907967125736203,
            "median": 2.389450574703985
          },
          "angular_velocity": {
            "mean": -0.28969656154577317,
            "std": 13.65317458214057,
            "median": 0.016954979677443194
          },
          "movement_entropy": {
            "mean": 0.22892561411181822,
            "std": 0.2594835597734858,
            "median": 0.16841389541252222
          },
          "speed_mean_window": {
            "mean": 80.51830765812063,
            "std": 49.39616805492265,
            "median": 73.63547514109271
          },
          "speed_std_window": {
            "mean": 122.34685939064678,
            "std": 149.16903471636306,
            "median": 68.58931760358583
          },
          "speed_max_window": {
            "mean": 907.1744831743853,
            "std": 1130.486112523271,
            "median": 445.51326786562373
          },
          "speed_p90_window": {
            "mean": 154.15025958558383,
            "std": 102.52381138621824,
            "median": 148.35449570312187
          },
          "dist_mean_window": {
            "mean": 83.26515141849964,
            "std": 10.380049685954413,
            "median": 80.13509419053185
          },
          "dist_std_window": {
            "mean": 43.14527525100907,
            "std": 8.854243859652755,
            "median": 42.025547617648115
          },
          "angular_vel_mean_window": {
            "mean": 3.139948936556212,
            "std": 5.2511979844265335,