state,occurrence_rate,total_duration_sec,n_bouts,mean_bout_duration_sec
state_0,0.28619029988893,51.53333333333333,35,1.4723809523809523
state_1,0.7138097001110699,128.53333333333333,35,3.6723809523809527
