,State_0,State_1
State_0,0.9773609314359638,0.022639068564036222
State_1,0.008819714656290532,0.9911802853437095
