{
  "behavioral_states": {
    "n_states": 2,
    "states": {
      "state_0": {
        "occurrence_rate": 0.38137636802077535,
        "total_frames": 2056,
        "total_duration_sec": 68.53333333333333,
        "n_bouts": 80,
        "mean_bout_duration_sec": 0.8566666666666667,
        "median_bout_duration_sec": 0.3,
        "max_bout_duration_sec": 6.066666666666666,
        "feature_profile": {
          "speed_kp0": {
            "mean": 62.77631906328414,
            "std": 53.09850056557205,
            "median": 49.44582972699412
          },
          "speed_kp1": {
            "mean": 71.46504649655154,
            "std": 70.421607587076,
            "median": 52.895600834073676
          },
          "speed_kp2": {
            "mean": 99.42068608010224,
            "std": 95.76481787191022,
            "median": 74.55088713566133
          },
          "speed_kp3": {
            "mean": 46.42691452053326,
            "std": 39.70941043558903,
            "median": 35.10684857926256
          },
          "speed_kp4": {
            "mean": 53.15238168824125,
            "std": 91.8485233080816,
            "median": 27.96636212450037
          },
          "speed_kp5": {
            "mean": 55.260026355498375,
            "std": 85.27243511076416,
            "median": 28.45197948314931
          },
          "speed_kp6": {
            "mean": 54.37210430213952,
            "std": 104.0349728970133,
            "median": 24.264819270793176
          },
          "speed_kp7": {
            "mean": 173.12601982864606,
            "std": 461.98833633517756,
            "median": 11.957592624679702
          },
          "dist_pair0": {
            "mean": 32.14023298246193,
            "std": 3.102704021643904,
            "median": 31.969875341485945
          },
          "dist_pair1": {
            "mean": 31.43506263498174,
            "std": 8.571115409031394,
            "median": 30.185519938989305
          },
          "dist_pair2": {
            "mean": 30.74881446961511,
            "std": 5.9056224746930255,
            "median": 29.80228777515469
          },
          "dist_pair3": {
            "mean": 58.92365111368625,
            "std": 12.490578805161173,
            "median": 58.14177306191687
          },
          "dist_pair4": {
            "mean": 68.54293431362908,
            "std": 7.956434559150017,
            "median": 67.16885699291811
          },
          "dist_pair5": {
            "mean": 87.21829103993043,
            "std": 13.711438178133188,
            "median": 86.82318326904837
          },
          "dist_pair6": {
            "mean": 154.71546949503838,
            "std": 41.592391139677005,
            "median": 152.26270236205391
          },
          "dist_pair7": {
            "mean": 34.95920551928587,
            "std": 9.0879710990951,
            "median": 35.0052875370961
          },
          "dist_pair8": {
            "mean": 32.80514275143036,
            "std": 4.613260089278609,
            "median": 32.82915344972268
          },
          "dist_pair9": {
            "mean": 71.66421018220392,
            "std": 8.071071070283878,
            "median": 70.40147778290812
          },
          "dist_pair10": {
            "mean": 57.054621737356086,
            "std": 11.123173621349732,
            "median": 56.82918936422051
          },
          "dist_pair11": {
            "mean": 87.79835805211215,
            "std": 13.152502890810082,
            "median": 87.61945883737113
          },
          "dist_pair12": {
            "mean": 156.82830649068038,
            "std": 37.26422198722215,
            "median": 158.6368730230285
          },
          "dist_pair13": {
            "mean": 55.49585557368727,
            "std": 10.762548935756973,
            "median": 55.296964502840495
          },
          "dist_pair14": {
            "mean": 88.20051351148577,
            "std": 14.50041147050542,
            "median": 87.51075816507529
          },
          "dist_pair15": {
            "mean": 88.16229556017508,
            "std": 13.233118133728631,
            "median": 87.26539246623798
          },
          "dist_pair16": {
            "mean": 112.3457396794125,
            "std": 16.29308532716772,
            "median": 111.6125255969583
          },
          "dist_pair17": {
            "mean": 171.55600387590977,
            "std": 40.40933700168431,
            "median": 173.98183529328432
          },
          "dist_pair18": {
            "mean": 40.22152331994579,
            "std": 5.952443617850125,
            "median": 39.52104418672491
          },
          "dist_pair19": {
            "mean": 39.56454781681515,
            "std": 6.402274749292916,
            "median": 39.20692042812567
          },
          "dist_pair20": {
            "mean": 60.51524480026002,
            "std": 9.413939703154462,
            "median": 59.23675738382977
          },
          "dist_pair21": {
            "mean": 138.3568515788833,
            "std": 36.377852047262586,
            "median": 135.86704096760866
          },
          "dist_pair22": {
            "mean": 50.28334850473634,
            "std": 10.723611243854107,
            "median": 52.31445928745744
          },
          "dist_pair23": {
            "mean": 40.44334161200361,
            "std": 9.791006223797718,
            "median": 40.724880767719654
          },
          "dist_pair24": {
            "mean": 121.3853548667436,
            "std": 47.35303260851181,
            "median": 110.83340406955256
          },
          "dist_pair25": {
            "mean": 42.94817684571386,
            "std": 9.838151306056066,
            "median": 43.27862864044171
          },
          "dist_pair26": {
            "mean": 129.0480809191269,
            "std": 37.98454535444925,
            "median": 129.86844327945263
          },
          "dist_pair27": {
            "mean": 106.06365098899012,
            "std": 46.180354253854304,
            "median": 105.5330987343435
          },
          "centroid_speed": {
            "mean": 51.64507888810325,
            "std": 58.721994565458104,
            "median": 33.889557597147174
          },
          "body_orientation": {
            "mean": -0.8791018582944374,
            "std": 0.908857734221413,
            "median": -0.8284114705864423
          },
          "elongation": {
            "mean": 2.466408173704015,
            "std": 0.8020099673927409,
            "median": 2.4064802283658806
          },
          "angular_velocity": {
            "mean": -0.049069174774664756,
            "std": 11.686698787448252,
            "median": -0.03424770928614762
          },
          "movement_entropy": {
            "mean": 0.15104039259680946,
            "std": 0.12151921060615158,
            "median": 0.11708956478619062
          },
          "speed_mean_window": {
            "mean": 72.79588246197841,
            "std": 40.75000836997367,
            "median": 63.58884246978673
          },
          "speed_std_window": {
            "mean": 130.80942320134233,
            "std": 109.19527428256232,
            "median": 86.35666206611467
          },
          "speed_max_window": {
            "mean": 1039.9942064998331,
            "std": 955.4572467068663,
            "median": 628.7628048356813
          },
          "speed_p90_window": {
            "mean": 132.79584146371167,
            "std": 67.91167511690098,
            "median": 121.1466130800016
          },
          "dist_mean_window": {
            "mean": 76.7893076299398,
            "std": 7.220812834205644,
            "median": 76.68985645504537
          },
          "dist_std_window": {
            "mean": 45.25481500051405,
            "std": 11.384206890159266,
            "median": 43.657889993976134
          },
          "angular_vel_mean_window": {
            "mean": 2.6652591273609225,
            "std": 4.052527765368998,