,State_0,State_1
State_0,0.9610894941634242,0.038910505836575876
State_1,0.023695260947810437,0.9763047390521895
