,State_0,State_1,State_2
State_0,0.8906844106463878,0.022813688212927757,0.08650190114068441
State_1,0.019699812382739212,0.8095684803001876,0.17073170731707318
State_2,0.0283363802559415,0.054844606946983544,0.916819012797075
