{
  "behavioral_states": {
    "n_states": 2,
    "states": {
      "state_0": {
        "occurrence_rate": 0.5371310695017455,
        "total_frames": 3385,
        "total_duration_sec": 112.83333333333333,
        "n_bouts": 96,
        "mean_bout_duration_sec": 1.175347222222222,
        "median_bout_duration_sec": 0.45,
        "max_bout_duration_sec": 10.0,
        "feature_profile": {
          "speed_kp0": {
            "mean": 82.71978521387842,
            "std": 103.2010564507212,
            "median": 61.62678411203229
          },
          "speed_kp1": {
            "mean": 81.5849992408138,
            "std": 94.19196323493885,
            "median": 62.677481472740645
          },
          "speed_kp2": {
            "mean": 117.87325593430083,
            "std": 131.7706194585191,
            "median": 89.53032169460558
          },
          "speed_kp3": {
            "mean": 56.27915660895875,
            "std": 80.58817696613738,
            "median": 39.775807337434934
          },
          "speed_kp4": {
            "mean": 59.54106676553577,
            "std": 111.14405764982101,
            "median": 30.550638324558207
          },
          "speed_kp5": {
            "mean": 57.25190616596251,
            "std": 101.39682858016526,
            "median": 29.55260800923276
          },
          "speed_kp6": {
            "mean": 47.19028633548303,
            "std": 91.39062074439516,
            "median": 18.375165839524037
          },
          "speed_kp7": {
            "mean": 105.84180205111839,
            "std": 293.8169302156745,
            "median": 10.983414542171358
          },
          "dist_pair0": {
            "mean": 30.326518196917082,
            "std": 4.137114923820264,
            "median": 30.189065298962753
          },
          "dist_pair1": {
            "mean": 35.014374349688524,
            "std": 11.578670262583278,
            "median": 33.60485342910475
          },
          "dist_pair2": {
            "mean": 37.378618010506464,
            "std": 4.9099782592351735,
            "median": 37.072069535238334
          },
          "dist_pair3": {
            "mean": 69.08962730980134,
            "std": 13.64271896466886,
            "median": 69.56264419067062
          },
          "dist_pair4": {
            "mean": 81.01046156412706,
            "std": 8.723091671522496,
            "median": 80.52233196335301
          },
          "dist_pair5": {
            "mean": 104.48130041303868,
            "std": 14.470346657062914,
            "median": 106.78221520574165
          },
          "dist_pair6": {
            "mean": 158.23081959051154,
            "std": 30.55545520790612,
            "median": 165.67353707228932
          },
          "dist_pair7": {
            "mean": 31.236092299140957,
            "std": 14.246514254783651,
            "median": 29.33803065254381
          },
          "dist_pair8": {
            "mean": 35.319795527321794,
            "std": 4.583788704623686,
            "median": 35.244949560521064
          },
          "dist_pair9": {
            "mean": 77.9650005164627,
            "std": 8.840854675694066,
            "median": 78.72517664092089
          },
          "dist_pair10": {
            "mean": 66.00945844592488,
            "std": 14.613692772802297,
            "median": 64.47570537266921
          },
          "dist_pair11": {
            "mean": 101.99026360558233,
            "std": 14.005498617413444,
            "median": 104.91108297236286
          },
          "dist_pair12": {
            "mean": 152.96731322500386,
            "std": 30.66432602171339,
            "median": 155.85745297863207
          },
          "dist_pair13": {
            "mean": 60.910449747335825,
            "std": 12.56557355568143,
            "median": 59.17050221971791
          },
          "dist_pair14": {
            "mean": 99.03841252198221,
            "std": 15.378581894399312,
            "median": 97.90590377848878
          },
          "dist_pair15": {
            "mean": 94.6736209008873,
            "std": 16.440058450661493,
            "median": 92.32901923540612
          },
          "dist_pair16": {
            "mean": 127.35571012768105,
            "std": 13.756733574685086,
            "median": 125.62787462267079
          },
          "dist_pair17": {
            "mean": 172.88764182509425,
            "std": 33.943592720281394,
            "median": 179.19535765285144
          },
          "dist_pair18": {
            "mean": 44.92507490339267,
            "std": 6.103407574160009,
            "median": 45.08120236193371
          },
          "dist_pair19": {
            "mean": 47.154690384686326,
            "std": 6.434280027644537,
            "median": 46.58365498258388
          },
          "dist_pair20": {
            "mean": 72.18991607116183,
            "std": 9.026990011800684,
            "median": 73.73687647377454
          },
          "dist_pair21": {
            "mean": 133.2166786808191,
            "std": 24.50359374190682,
            "median": 133.17533705426902
          },
          "dist_pair22": {
            "mean": 61.82874132346573,
            "std": 7.5557880700915945,
            "median": 62.52591327656812
          },
          "dist_pair23": {
            "mean": 48.15610136182302,
            "std": 9.018117876414475,
            "median": 49.06850362391453
          },
          "dist_pair24": {
            "mean": 115.33253182582139,
            "std": 30.18063332727137,
            "median": 125.09911993476375
          },
          "dist_pair25": {
            "mean": 52.43272504405762,
            "std": 9.804371823695305,
            "median": 53.598521382895065
          },
          "dist_pair26": {
            "mean": 108.04154035562685,
            "std": 29.797954331545842,
            "median": 102.56341118473036
          },
          "dist_pair27": {
            "mean": 79.65842823582678,
            "std": 23.939851079803883,
            "median": 85.46608923751435
          },
          "centroid_speed": {
            "mean": 49.0346134062387,
            "std": 77.74808709621628,
            "median": 33.53027514623855
          },
          "body_orientation": {
            "mean": -0.700381514896684,
            "std": 0.8744610814509195,
            "median": -0.7749966748292092
          },
          "elongation": {
            "mean": 2.3588944426964233,
            "std": 0.7036101412154329,
            "median": 2.35919631428641
          },
          "angular_velocity": {
            "mean": -0.005126321350639078,
            "std": 8.634656041281353,
            "median": 0.02855661048165592
          },
          "movement_entropy": {
            "mean": 0.2191296554546763,
            "std": 0.20072692137186132,
            "median": 0.17612741942710133
          },
          "speed_mean_window": {
            "mean": 78.49186204163817,
            "std": 80.9045213635247,
            "median": 66.67834519245433
          },
          "speed_std_window": {
            "mean": 92.18818196419515,
            "std": 81.42005947280516,
            "median": 67.54876573280065
          },
          "speed_max_window": {
            "mean": 654.3028667717642,
            "std": 590.7248688021734,
            "median": 433.19887575270343
          },
          "speed_p90_window": {
            "mean": 161.05082477063584,
            "std": 161.88973100090274,
            "median": 141.58934189231067
          },
          "dist_mean_window": {
            "mean": 84.15809851832519,
            "std": 6.967540995434201,
            "median": 83.98371237848917
          },
          "dist_std_window": {
            "mean": 44.602391722652406,
            "std": 7.751616793107002,
            "median": 43.929336329509255
          },
          "angular_vel_mean_window": {
            "mean": 1.7711990887951496,
            "std": 2.287036804921708,