state,occurrence_rate,total_duration_sec,n_bouts,mean_bout_duration_sec
state_0,0.5371310695017455,112.83333333333333,96,1.175347222222222
state_1,0.4628689304982545,97.23333333333333,96,1.0128472222222222
