,State_0,State_1
State_0,0.9719267139479906,0.028073286052009455
State_1,0.0329105245114844,0.9670894754885156
