{
  "behavioral_states": {
    "n_states": 2,
    "states": {
      "state_0": {
        "occurrence_rate": 0.7959054118393906,
        "total_frames": 5015,
        "total_duration_sec": 167.16666666666666,
        "n_bouts": 105,
        "mean_bout_duration_sec": 1.592063492063492,
        "median_bout_duration_sec": 0.1,
        "max_bout_duration_sec": 44.93333333333333,
        "feature_profile": {
          "speed_kp0": {
            "mean": 41.69806134720304,
            "std": 95.06956719080043,
            "median": 15.29579308418036
          },
          "speed_kp1": {
            "mean": 123.33056784549423,
            "std": 139.4273017337138,
            "median": 49.92911903876417
          },
          "speed_kp2": {
            "mean": 99.4183593141906,
            "std": 454.68293839478093,
            "median": 10.662663948249124
          },
          "speed_kp3": {
            "mean": 61.730312610986275,
            "std": 65.0252225337433,
            "median": 34.51860822998843
          },
          "speed_kp4": {
            "mean": 91.96198501277168,
            "std": 102.67550708505969,
            "median": 48.836715840679766
          },
          "speed_kp5": {
            "mean": 95.0741667822328,
            "std": 130.59302901786864,
            "median": 48.40323019467632
          },
          "speed_kp6": {
            "mean": 215.7338792120114,
            "std": 316.4802235578411,
            "median": 79.45891968928018
          },
          "speed_kp7": {
            "mean": 799.8747517839919,
            "std": 539.4427304735345,
            "median": 722.2290725354447
          },
          "dist_pair0": {
            "mean": 31.551774201460322,
            "std": 8.381485754776064,
            "median": 31.399246284051674
          },
          "dist_pair1": {
            "mean": 28.979106801986273,
            "std": 16.878668097136075,
            "median": 26.30214703779254
          },
          "dist_pair2": {
            "mean": 51.35574500777791,
            "std": 8.688557621519472,
            "median": 52.42466881826
          },
          "dist_pair3": {
            "mean": 73.56053828923918,
            "std": 12.163501692434552,
            "median": 74.928527036758
          },
          "dist_pair4": {
            "mean": 91.61757530649717,
            "std": 9.053615337284759,
            "median": 93.41366797548885
          },
          "dist_pair5": {
            "mean": 84.79401961871298,
            "std": 14.267873660479724,
            "median": 86.2757748976072
          },
          "dist_pair6": {
            "mean": 187.74961860393842,
            "std": 45.69927651173127,
            "median": 192.82821340856918
          },
          "dist_pair7": {
            "mean": 39.42331977487671,
            "std": 16.271328051388252,
            "median": 41.16956835580444
          },
          "dist_pair8": {
            "mean": 34.141641002311935,
            "std": 13.375277751855672,
            "median": 32.556943899307704
          },
          "dist_pair9": {
            "mean": 65.31219933337206,
            "std": 13.292633897654584,
            "median": 63.188718035798864
          },
          "dist_pair10": {
            "mean": 72.35060699827854,
            "std": 13.377983792253088,
            "median": 69.67170694853598
          },
          "dist_pair11": {
            "mean": 75.44478491324485,
            "std": 16.173340820460407,
            "median": 73.38352197727079
          },
          "dist_pair12": {
            "mean": 182.69692620834914,
            "std": 43.47582970953848,
            "median": 186.49286374135113
          },
          "dist_pair13": {
            "mean": 69.56047406759475,
            "std": 11.41411062281104,
            "median": 68.63238137402972
          },
          "dist_pair14": {
            "mean": 95.43743619407954,
            "std": 13.60583235780959,
            "median": 94.51538480419032
          },
          "dist_pair15": {
            "mean": 107.49545013409299,
            "std": 12.98235311656617,
            "median": 109.83876460456223
          },
          "dist_pair16": {
            "mean": 105.37511451597588,
            "std": 16.008163947282796,
            "median": 108.4236651834182
          },
          "dist_pair17": {
            "mean": 209.12098261263338,
            "std": 47.705192830627475,
            "median": 214.84719922099913
          },
          "dist_pair18": {
            "mean": 34.62949772088505,
            "std": 6.97029661812447,
            "median": 35.000496033535335
          },
          "dist_pair19": {
            "mean": 41.663791578710544,
            "std": 7.234308655106397,
            "median": 41.50762684356059
          },
          "dist_pair20": {
            "mean": 44.931763923418416,
            "std": 13.43036356120985,
            "median": 46.00224561960974
          },
          "dist_pair21": {
            "mean": 153.7035551168291,
            "std": 41.43994500730857,
            "median": 156.7506049490382
          },
          "dist_pair22": {
            "mean": 38.32705158116144,
            "std": 10.955239892528292,
            "median": 38.725937585508774
          },
          "dist_pair23": {
            "mean": 21.180065397823977,
            "std": 13.553185780544908,
            "median": 18.719362816623057
          },
          "dist_pair24": {
            "mean": 124.54019058604932,
            "std": 42.66361059262538,
            "median": 125.98678886459189
          },
          "dist_pair25": {
            "mean": 39.745458655046164,
            "std": 15.105683614988862,
            "median": 39.50951460090631
          },
          "dist_pair26": {
            "mean": 132.50474859914507,
            "std": 37.27562101216727,
            "median": 132.61905009206498
          },
          "dist_pair27": {
            "mean": 116.83341441155119,
            "std": 45.582609606994254,
            "median": 118.01621099251147
          },
          "centroid_speed": {
            "mean": 120.88661094866836,
            "std": 81.91230085266017,
            "median": 106.00293469997965
          },
          "body_orientation": {
            "mean": -1.6766387705640085,
            "std": 0.25798806378942846,
            "median": -1.72821537732478
          },
          "elongation": {
            "mean": 3.685420918249948,
            "std": 1.239622178170498,
            "median": 3.5126665192988256
          },
          "angular_velocity": {
            "mean": -0.15063019802438493,
            "std": 4.730725867437743,
            "median": -0.028745507755125743
          },
          "movement_entropy": {
            "mean": 0.047480323933902224,
            "std": 0.015117776490406725,
            "median": 0.04711155047306294
          },
          "speed_mean_window": {
            "mean": 196.92532129322015,
            "std": 63.78619839758726,
            "median": 179.22673301807788
          },
          "speed_std_window": {
            "mean": 361.11693256539326,
            "std": 133.47098644477578,
            "median": 315.5446266182084
          },
          "speed_max_window": {
            "mean": 2167.5504951198504,
            "std": 913.9655709064313,
            "median": 1894.0579727644554
          },
          "speed_p90_window": {
            "mean": 582.8056327901951,
            "std": 210.18954537936924,
            "median": 540.0748400201373
          },
          "dist_mean_window": {
            "mean": 84.11753217384782,
            "std": 5.0842494790992525,
            "median": 84.63928731602427
          },
          "dist_std_window": {
            "mean": 56.16690711590399,
            "std": 6.234037074351348,
            "median": 56.496286022201566
          },
          "angular_vel_mean_window": {
            "mean": 3.0520833358821724,
            "std": 1.96405096784379,