state,occurrence_rate,total_duration_sec,n_bouts,mean_bout_duration_sec
state_0,0.7959054118393906,167.16666666666666,105,1.592063492063492
state_1,0.20409458816060944,42.86666666666667,105,0.4082539682539682
