,State_0,State_1
State_0,0.9792580773833267,0.020741922616673316
State_1,0.08164852255054432,0.9183514774494557
