,State_0,State_1,State_2,State_3
State_0,0.9217809867629362,0.019253910950661854,0.030685920577617327,0.028279181708784597
State_1,0.032423208191126277,0.8293515358361775,0.06399317406143344,0.07423208191126279
State_2,0.04429783223374175,0.07351555136663525,0.8039585296889726,0.07822808671065033
State_3,0.030100334448160536,0.06020066889632107,0.0548494983277592,0.8548494983277592
