{
  "behavioral_states": {
    "n_states": 2,
    "states": {
      "state_0": {
        "occurrence_rate": 0.8498889241510632,
        "total_frames": 5356,
        "total_duration_sec": 178.53333333333333,
        "n_bouts": 34,
        "mean_bout_duration_sec": 5.250980392156863,
        "median_bout_duration_sec": 0.25,
        "max_bout_duration_sec": 55.233333333333334,
        "feature_profile": {
          "speed_kp0": {
            "mean": 17.145904929997187,
            "std": 28.500191919606912,
            "median": 6.724455983707874
          },
          "speed_kp1": {
            "mean": 18.395205332824414,
            "std": 31.30859058181485,
            "median": 8.539131044048212
          },
          "speed_kp2": {
            "mean": 30.28925327185988,
            "std": 59.27120267418695,
            "median": 5.870276515145088
          },
          "speed_kp3": {
            "mean": 11.145415498055726,
            "std": 16.31430202890218,
            "median": 5.50342578988378
          },
          "speed_kp4": {
            "mean": 12.32969505966067,
            "std": 42.04572701880931,
            "median": 4.725854008797903
          },
          "speed_kp5": {
            "mean": 15.271749863582851,
            "std": 39.61179212741809,
            "median": 6.603584624839353
          },
          "speed_kp6": {
            "mean": 5.711587364714254,
            "std": 14.84189525021059,
            "median": 2.111397430221425
          },
          "speed_kp7": {
            "mean": 31.147219035083086,
            "std": 259.5016593102634,
            "median": 0.9855450910313055
          },
          "dist_pair0": {
            "mean": 30.017467873831823,
            "std": 2.479392881273146,
            "median": 29.482125440238782
          },
          "dist_pair1": {
            "mean": 31.94948931980609,
            "std": 10.437898429891291,
            "median": 33.506634606662004
          },
          "dist_pair2": {
            "mean": 35.13177823112531,
            "std": 3.2209498327231736,
            "median": 34.83364625288722
          },
          "dist_pair3": {
            "mean": 67.4152224752593,
            "std": 12.107796711525856,
            "median": 69.88365216480675
          },
          "dist_pair4": {
            "mean": 79.65412756662718,
            "std": 8.540199537325227,
            "median": 75.43258516910493
          },
          "dist_pair5": {
            "mean": 99.24463965888552,
            "std": 9.882299525704722,
            "median": 98.28395360995043
          },
          "dist_pair6": {
            "mean": 157.42937276150693,
            "std": 19.898986972949118,
            "median": 166.63506136818245
          },
          "dist_pair7": {
            "mean": 31.569439015518785,
            "std": 8.225258343902901,
            "median": 31.533480882560795
          },
          "dist_pair8": {
            "mean": 32.78370205032744,
            "std": 3.2014281090522463,
            "median": 32.261295855341935
          },
          "dist_pair9": {
            "mean": 79.32718598567264,
            "std": 6.147338053453139,
            "median": 79.13534608502647
          },
          "dist_pair10": {
            "mean": 66.99846212319108,
            "std": 11.205503945815261,
            "median": 66.57417377262004
          },
          "dist_pair11": {
            "mean": 97.79162868126393,
            "std": 9.596148368725283,
            "median": 96.88574706838767
          },
          "dist_pair12": {
            "mean": 164.9726222520986,
            "std": 14.89300593205697,
            "median": 167.6343898779286
          },
          "dist_pair13": {
            "mean": 57.09344296603394,
            "std": 9.692300436840231,
            "median": 56.99521534672884
          },
          "dist_pair14": {
            "mean": 95.21066090671172,
            "std": 10.953750811709018,
            "median": 93.79331295956442
          },
          "dist_pair15": {
            "mean": 94.56424486001458,
            "std": 10.985908571701467,
            "median": 94.50880870286464
          },
          "dist_pair16": {
            "mean": 120.93368165329596,
            "std": 7.035753329649896,
            "median": 120.94416934104456
          },
          "dist_pair17": {
            "mean": 181.97702443778232,
            "std": 21.311471673704716,
            "median": 187.04022493959798
          },
          "dist_pair18": {
            "mean": 49.5246464196269,
            "std": 4.095278984970842,
            "median": 50.18473074409586
          },
          "dist_pair19": {
            "mean": 46.42410801171329,
            "std": 5.809612094107858,
            "median": 44.371046503729765
          },
          "dist_pair20": {
            "mean": 69.27548874184461,
            "std": 5.590106087635873,
            "median": 68.11810823354769
          },
          "dist_pair21": {
            "mean": 135.773007849993,
            "std": 13.925494288576466,
            "median": 139.28425614989104
          },
          "dist_pair22": {
            "mean": 62.714379184646546,
            "std": 8.03559248596824,
            "median": 64.46319453600671
          },
          "dist_pair23": {
            "mean": 50.14823817130169,
            "std": 5.193014888997911,
            "median": 50.863288453504424
          },
          "dist_pair24": {
            "mean": 94.26629449938937,
            "std": 14.818230505474476,
            "median": 97.27098697870775
          },
          "dist_pair25": {
            "mean": 43.21257003986575,
            "std": 8.270164388345119,
            "median": 43.07379645014067
          },
          "dist_pair26": {
            "mean": 120.89289463633745,
            "std": 16.985692328235388,
            "median": 124.65112835573758
          },
          "dist_pair27": {
            "mean": 78.76696712711671,
            "std": 14.199574675089767,
            "median": 82.65652133191301
          },
          "centroid_speed": {
            "mean": 12.160739428812652,
            "std": 35.275796379953874,
            "median": 3.9641745574014804
          },
          "body_orientation": {
            "mean": -0.23942804719656197,
            "std": 0.24033831848853315,
            "median": -0.2194279236068837
          },
          "elongation": {
            "mean": 2.6834515056935477,
            "std": 0.5507532560128805,
            "median": 2.882515090034424
          },
          "angular_velocity": {
            "mean": 0.12333585173014289,
            "std": 3.3702200454648916,
            "median": 0.00028683409857660665
          },
          "movement_entropy": {
            "mean": 0.9057919934416401,
            "std": 0.6669120337030563,
            "median": 0.8744942971657941
          },
          "speed_mean_window": {
            "mean": 19.446687464358195,
            "std": 31.874892756622568,
            "median": 6.618795660896396
          },
          "speed_std_window": {
            "mean": 41.18543728675602,
            "std": 110.07705887095376,
            "median": 7.571410500350188
          },
          "speed_max_window": {
            "mean": 301.6534800455861,
            "std": 825.9492682214744,
            "median": 46.85248230431803
          },
          "speed_p90_window": {
            "mean": 35.578670089229036,
            "std": 47.93825457056293,
            "median": 14.588991528936182
          },
          "dist_mean_window": {
            "mean": 81.69021631376843,
            "std": 3.6975304702408165,
            "median": 81.72692928885456
          },
          "dist_std_window": {
            "mean": 43.350226787232955,
            "std": 4.2540983209163,
            "median": 43.29433015856223
          },
          "angular_vel_mean_window": {
            "mean": 0.5312375974101843,
            "std": 1.7181367559535694,