state,occurrence_rate,total_duration_sec,n_bouts,mean_bout_duration_sec
state_0,0.8498889241510632,178.53333333333333,34,5.250980392156863
state_1,0.15011107584893685,31.533333333333335,34,0.9274509803921569
