,State_0,State_1
State_0,0.9938375350140056,0.0061624649859943975
State_1,0.035940803382663845,0.9640591966173362
