{
  "behavioral_states": {
    "n_states": 2,
    "states": {
      "state_0": {
        "occurrence_rate": 0.27999258297793433,
        "total_frames": 1510,
        "total_duration_sec": 50.333333333333336,
        "n_bouts": 58,
        "mean_bout_duration_sec": 0.867816091954023,
        "median_bout_duration_sec": 0.13333333333333333,
        "max_bout_duration_sec": 10.966666666666667,
        "feature_profile": {
          "speed_kp0": {
            "mean": 147.86035697159915,
            "std": 232.3934267827934,
            "median": 90.58601906321542
          },
          "speed_kp1": {
            "mean": 177.82392366596883,
            "std": 373.6720363493497,
            "median": 92.5392583795358
          },
          "speed_kp2": {
            "mean": 285.3909890488888,
            "std": 418.7474197282765,
            "median": 135.75150121757054
          },
          "speed_kp3": {
            "mean": 68.53560710258606,
            "std": 63.07522590913829,
            "median": 50.63502311077481
          },
          "speed_kp4": {
            "mean": 77.44268704147096,
            "std": 126.0530231276645,
            "median": 39.917657421982206
          },
          "speed_kp5": {
            "mean": 106.72094540654155,
            "std": 177.96099580865433,
            "median": 46.32944030604325
          },
          "speed_kp6": {
            "mean": 85.94483372008945,
            "std": 202.34899852290314,
            "median": 31.429635502126946
          },
          "speed_kp7": {
            "mean": 204.36445216129076,
            "std": 447.64859380502793,
            "median": 19.94056354230139
          },
          "dist_pair0": {
            "mean": 34.58638559816408,
            "std": 21.91100576388216,
            "median": 30.52664544536855
          },
          "dist_pair1": {
            "mean": 48.092026307705105,
            "std": 31.658347001260946,
            "median": 36.56687999108692
          },
          "dist_pair2": {
            "mean": 32.32543212145558,
            "std": 15.005875458146038,
            "median": 29.862007255401856
          },
          "dist_pair3": {
            "mean": 58.05350567202658,
            "std": 19.60905877187886,
            "median": 56.87163874707643
          },
          "dist_pair4": {
            "mean": 68.13298242420203,
            "std": 17.867431534400325,
            "median": 67.38865585415267
          },
          "dist_pair5": {
            "mean": 84.45801872332542,
            "std": 20.908141621769722,
            "median": 84.57044743209168
          },
          "dist_pair6": {
            "mean": 158.61662085022786,
            "std": 38.585341798570525,
            "median": 160.67410135958448
          },
          "dist_pair7": {
            "mean": 49.33664924980253,
            "std": 33.434212038085796,
            "median": 39.56605510747193
          },
          "dist_pair8": {
            "mean": 33.85619118654299,
            "std": 20.347921835901126,
            "median": 30.534759971530455
          },
          "dist_pair9": {
            "mean": 72.90387669380628,
            "std": 22.31219594774488,
            "median": 70.59252824483536
          },
          "dist_pair10": {
            "mean": 60.016192956456365,
            "std": 25.145880397659894,
            "median": 57.01606197499808
          },
          "dist_pair11": {
            "mean": 90.34208651064858,
            "std": 26.23698990648445,
            "median": 87.8186453744681
          },
          "dist_pair12": {
            "mean": 166.76337320689672,
            "std": 41.69368155658578,
            "median": 172.77889205544818
          },
          "dist_pair13": {
            "mean": 67.08722328839501,
            "std": 26.357467447779694,
            "median": 59.986292609590336
          },
          "dist_pair14": {
            "mean": 97.10488947645607,
            "std": 24.444158678085763,
            "median": 93.15449546963896
          },
          "dist_pair15": {
            "mean": 95.77235216157962,
            "std": 28.7987967879155,
            "median": 92.26779823096146
          },
          "dist_pair16": {
            "mean": 117.23652611059435,
            "std": 27.628708547939947,
            "median": 113.10637568959544
          },
          "dist_pair17": {
            "mean": 164.67529480699096,
            "std": 54.62580784926619,
            "median": 170.6174635424325
          },
          "dist_pair18": {
            "mean": 42.0189800490807,
            "std": 9.738042312667647,
            "median": 41.967714385649884
          },
          "dist_pair19": {
            "mean": 40.09117728230518,
            "std": 8.172641127017746,
            "median": 39.844680300295465
          },
          "dist_pair20": {
            "mean": 62.36478083330463,
            "std": 11.999523142208616,
            "median": 60.958273858085
          },
          "dist_pair21": {
            "mean": 151.14639364735442,
            "std": 31.84529624660066,
            "median": 152.62262143655892
          },
          "dist_pair22": {
            "mean": 53.62332191961673,
            "std": 9.51134410572783,
            "median": 54.00399358118432
          },
          "dist_pair23": {
            "mean": 40.70761832271959,
            "std": 11.702872659838341,
            "median": 38.63506535023312
          },
          "dist_pair24": {
            "mean": 133.11144086977257,
            "std": 34.659062953209705,
            "median": 133.13121951997914
          },
          "dist_pair25": {
            "mean": 47.05985165894748,
            "std": 14.79481398469371,
            "median": 46.5419711376203
          },
          "dist_pair26": {
            "mean": 143.96396352878858,
            "std": 42.14744809159711,
            "median": 142.95287288427335
          },
          "dist_pair27": {
            "mean": 117.66334910039333,
            "std": 44.97626714653179,
            "median": 108.66300871223757
          },
          "centroid_speed": {
            "mean": 92.87048450207791,
            "std": 93.90069977115331,
            "median": 63.306930970874504
          },
          "body_orientation": {
            "mean": -0.5100300878042803,
            "std": 0.9476257130881174,
            "median": -0.513115889499514
          },
          "elongation": {
            "mean": 2.625341545666623,
            "std": 1.0070096980166239,
            "median": 2.557566399359327
          },
          "angular_velocity": {
            "mean": -0.1897718965186101,
            "std": 17.84703604811305,
            "median": -0.006232039365431374
          },
          "movement_entropy": {
            "mean": 0.12816910280647506,
            "std": 0.27308783627445216,
            "median": 0.050192444690177584
          },
          "speed_mean_window": {
            "mean": 135.66119325201652,
            "std": 72.56321284411831,
            "median": 129.04457274336306
          },
          "speed_std_window": {
            "mean": 236.49696963801443,
            "std": 134.5834827830232,
            "median": 231.86304454287608
          },
          "speed_max_window": {
            "mean": 1690.0864492022524,
            "std": 967.1967587413606,
            "median": 1693.8673752107215
          },
          "speed_p90_window": {
            "mean": 284.92472436595034,
            "std": 190.54895403327882,
            "median": 243.84019703629437
          },
          "dist_mean_window": {
            "mean": 82.05235611437953,
            "std": 8.536949043990726,
            "median": 81.46209455680727
          },
          "dist_std_window": {
            "mean": 49.38025070707156,
            "std": 9.507964227323924,
            "median": 49.01907321938822
          },
          "angular_vel_mean_window": {
            "mean": 4.960521656317388,