state,occurrence_rate,total_duration_sec,n_bouts,mean_bout_duration_sec
state_0,0.27999258297793433,50.333333333333336,58,0.867816091954023
state_1,0.7200074170220656,129.43333333333334,59,2.193785310734463
