,State_0,State_1
State_0,0.9615894039735099,0.038410596026490065
State_1,0.014940752189592994,0.985059247810407
