{
  "behavioral_states": {
    "n_states": 2,
    "states": {
      "state_0": {
        "occurrence_rate": 0.652101462692094,
        "total_frames": 3522,
        "total_duration_sec": 117.4,
        "n_bouts": 47,
        "mean_bout_duration_sec": 2.497872340425532,
        "median_bout_duration_sec": 0.13333333333333333,
        "max_bout_duration_sec": 34.96666666666667,
        "feature_profile": {
          "speed_kp0": {
            "mean": 44.92890666419951,
            "std": 48.992851166795795,
            "median": 27.675004127075333
          },
          "speed_kp1": {
            "mean": 53.56533180436982,
            "std": 74.25950628661971,
            "median": 30.16318738892771
          },
          "speed_kp2": {
            "mean": 91.4994974542802,
            "std": 128.32618025670646,
            "median": 50.41756117945717
          },
          "speed_kp3": {
            "mean": 31.70323551191223,
            "std": 32.137721899861766,
            "median": 20.433151114242033
          },
          "speed_kp4": {
            "mean": 63.41334332462153,
            "std": 125.3728994470907,
            "median": 26.910508028743266
          },
          "speed_kp5": {
            "mean": 55.34473515856045,
            "std": 118.96850606046424,
            "median": 22.34739946400444
          },
          "speed_kp6": {
            "mean": 63.94309769839465,
            "std": 151.8474779684275,
            "median": 20.059243343369168
          },
          "speed_kp7": {
            "mean": 932.6424645718117,
            "std": 1097.8833323954925,
            "median": 469.3634767094939
          },
          "dist_pair0": {
            "mean": 31.975473171420976,
            "std": 4.7158907243203565,
            "median": 32.297400618758054
          },
          "dist_pair1": {
            "mean": 32.95864851386739,
            "std": 8.96988671817653,
            "median": 32.784162126168
          },
          "dist_pair2": {
            "mean": 28.959739746949197,
            "std": 5.028687050641097,
            "median": 28.731863844413777
          },
          "dist_pair3": {
            "mean": 47.398489399526326,
            "std": 10.504733710790475,
            "median": 46.270744116228386
          },
          "dist_pair4": {
            "mean": 59.54741651593786,
            "std": 8.024027393531446,
            "median": 59.637099665486176
          },
          "dist_pair5": {
            "mean": 70.44970516808903,
            "std": 13.386962295781782,
            "median": 71.3823047865197
          },
          "dist_pair6": {
            "mean": 110.88450688344759,
            "std": 42.1388754596341,
            "median": 107.46556654216418
          },
          "dist_pair7": {
            "mean": 32.974337407519705,
            "std": 11.068366557361038,
            "median": 33.57411606632712
          },
          "dist_pair8": {
            "mean": 32.250934254498304,
            "std": 4.668794222292448,
            "median": 32.39268935752209
          },
          "dist_pair9": {
            "mean": 64.33794048141495,
            "std": 9.536708701907063,
            "median": 64.84946251733626
          },
          "dist_pair10": {
            "mean": 45.54861726562794,
            "std": 10.260452432462483,
            "median": 44.477387845803634
          },
          "dist_pair11": {
            "mean": 74.05463750126471,
            "std": 13.148661831007146,
            "median": 73.97500756063167
          },
          "dist_pair12": {
            "mean": 111.66255085487565,
            "std": 44.30502127493475,
            "median": 106.6640402493174
          },
          "dist_pair13": {
            "mean": 53.34926801523916,
            "std": 9.222195684170828,
            "median": 53.39504903007956
          },
          "dist_pair14": {
            "mean": 76.50255080325037,
            "std": 13.139403822500894,
            "median": 75.01258403468617
          },
          "dist_pair15": {
            "mean": 74.8846035473357,
            "std": 13.367107844030057,
            "median": 73.9459619918635
          },
          "dist_pair16": {
            "mean": 94.99519909426485,
            "std": 17.497386472546932,
            "median": 96.54666076033891
          },
          "dist_pair17": {
            "mean": 116.88490482498186,
            "std": 47.477508659506725,
            "median": 119.07775519380777
          },
          "dist_pair18": {
            "mean": 35.34284478891884,
            "std": 6.048102751449974,
            "median": 35.08009154223801
          },
          "dist_pair19": {
            "mean": 33.815329344825436,
            "std": 4.806986818349738,
            "median": 33.691971603843385
          },
          "dist_pair20": {
            "mean": 47.3728708875992,
            "std": 8.58127970835966,
            "median": 47.28898121879704
          },
          "dist_pair21": {
            "mean": 108.18624455181765,
            "std": 42.17657898442867,
            "median": 107.08026999205777
          },
          "dist_pair22": {
            "mean": 56.50296510915326,
            "std": 8.027696561098072,
            "median": 56.83280185635224
          },
          "dist_pair23": {
            "mean": 37.063730791890954,
            "std": 11.481209042916007,
            "median": 36.87338658194193
          },
          "dist_pair24": {
            "mean": 111.51112786968143,
            "std": 45.18673160580059,
            "median": 110.25613268498445
          },
          "dist_pair25": {
            "mean": 44.37821218928066,
            "std": 12.681517470277264,
            "median": 44.99668501489873
          },
          "dist_pair26": {
            "mean": 108.96334842292507,
            "std": 51.1271169758754,
            "median": 100.4693855572535
          },
          "dist_pair27": {
            "mean": 108.18318560883179,
            "std": 53.28316240021102,
            "median": 107.07613909523259
          },
          "centroid_speed": {
            "mean": 130.8479999177955,
            "std": 132.2826223908836,
            "median": 79.97409436129396
          },
          "body_orientation": {
            "mean": -0.8504332914883317,
            "std": 0.8335397376440674,
            "median": -0.7954524240475858
          },
          "elongation": {
            "mean": 2.0765647031427066,
            "std": 0.6562468342769752,
            "median": 1.9776113580985961
          },
          "angular_velocity": {
            "mean": 0.0018364143983181673,
            "std": 21.517442543645174,
            "median": -0.012180947417628207
          },
          "movement_entropy": {
            "mean": 0.09280708575275552,
            "std": 0.17037591553354636,
            "median": 0.031035542318194255
          },
          "speed_mean_window": {
            "mean": 164.433472996792,
            "std": 89.86042152729092,
            "median": 167.38125924893828
          },
          "speed_std_window": {
            "mean": 403.333951027159,
            "std": 258.8809296862425,
            "median": 437.8304650052732
          },
          "speed_max_window": {
            "mean": 2650.526449934505,
            "std": 1563.8680099710277,
            "median": 2916.0137655648923
          },
          "speed_p90_window": {
            "mean": 408.50151995594746,
            "std": 311.8865043466913,
            "median": 344.0102446277785
          },
          "dist_mean_window": {
            "mean": 66.91078058082638,
            "std": 6.892171772860576,
            "median": 65.81070907390378
          },
          "dist_std_window": {
            "mean": 38.706882755740295,
            "std": 8.668170707536408,
            "median": 38.41630355100606
          },
          "angular_vel_mean_window": {
            "mean": 10.606465678085618,
            "std": 8.482923839989756,