state,occurrence_rate,total_duration_sec,n_bouts,mean_bout_duration_sec
state_0,0.652101462692094,117.4,47,2.497872340425532
state_1,0.34789853730790593,62.63333333333333,46,1.3615942028985508
