,State_0,State_1
State_0,0.9869355296790685,0.013064470320931554
State_1,0.024481106971793506,0.9755188930282065
