,State_0,State_1,State_2
State_0,0.9159335288367546,0.05474095796676442,0.02932551319648094
State_1,0.03126744835287549,0.9156895589056393,0.053042992741485204
State_2,0.011645962732919254,0.036490683229813664,0.9518633540372671
