{
  "behavioral_states": {
    "n_states": 2,
    "states": {
      "state_0": {
        "occurrence_rate": 0.3940019041574103,
        "total_frames": 2483,
        "total_duration_sec": 82.76666666666667,
        "n_bouts": 67,
        "mean_bout_duration_sec": 1.2353233830845771,
        "median_bout_duration_sec": 0.16666666666666666,
        "max_bout_duration_sec": 23.166666666666668,
        "feature_profile": {
          "speed_kp0": {
            "mean": 47.52815906048792,
            "std": 59.972493672882464,
            "median": 22.50849298631984
          },
          "speed_kp1": {
            "mean": 46.31493176055448,
            "std": 62.569784965762075,
            "median": 20.685651617594008
          },
          "speed_kp2": {
            "mean": 70.4928806071737,
            "std": 87.18854498642332,
            "median": 31.610356511891112
          },
          "speed_kp3": {
            "mean": 34.43476344800263,
            "std": 43.118767876028386,
            "median": 19.04868744816832
          },
          "speed_kp4": {
            "mean": 39.187783392877435,
            "std": 52.771645364724435,
            "median": 26.85121062755186
          },
          "speed_kp5": {
            "mean": 44.23310375199799,
            "std": 86.70394032227686,
            "median": 24.247436894505352
          },
          "speed_kp6": {
            "mean": 24.67220847758082,
            "std": 48.50392475965331,
            "median": 13.27143063604005
          },
          "speed_kp7": {
            "mean": 142.75930274319072,
            "std": 419.83705637588014,
            "median": 24.00403188054006
          },
          "dist_pair0": {
            "mean": 31.307290835725258,
            "std": 3.490088721880774,
            "median": 31.466255568456987
          },
          "dist_pair1": {
            "mean": 40.62197995703413,
            "std": 8.9836067505429,
            "median": 43.44743043411913
          },
          "dist_pair2": {
            "mean": 27.318309515710894,
            "std": 5.073782692023592,
            "median": 26.679662451131556
          },
          "dist_pair3": {
            "mean": 44.64747655932603,
            "std": 11.49995596898459,
            "median": 42.266302340301124
          },
          "dist_pair4": {
            "mean": 63.79908962314311,
            "std": 10.18775296047528,
            "median": 62.525741121115715
          },
          "dist_pair5": {
            "mean": 74.69329103574347,
            "std": 15.308148202728837,
            "median": 75.22512115805112
          },
          "dist_pair6": {
            "mean": 116.51013441948886,
            "std": 32.184752686005766,
            "median": 115.05221841786113
          },
          "dist_pair7": {
            "mean": 42.095989258149814,
            "std": 10.04034624045452,
            "median": 45.64222898650381
          },
          "dist_pair8": {
            "mean": 30.642608690581277,
            "std": 3.3105313418747566,
            "median": 30.22401761713866
          },
          "dist_pair9": {
            "mean": 68.12523079035886,
            "std": 5.914294398323929,
            "median": 68.46509503575932
          },
          "dist_pair10": {
            "mean": 59.30396478431106,
            "std": 13.590049144727116,
            "median": 61.687324935239076
          },
          "dist_pair11": {
            "mean": 88.2267099783668,
            "std": 11.032743444980513,
            "median": 90.75877956051237
          },
          "dist_pair12": {
            "mean": 133.40195316191404,
            "std": 32.177637795736,
            "median": 141.15149796590052
          },
          "dist_pair13": {
            "mean": 61.5346672801974,
            "std": 7.469775593609469,
            "median": 63.24407141344427
          },
          "dist_pair14": {
            "mean": 79.90263201654216,
            "std": 12.31568044861611,
            "median": 79.53669929491477
          },
          "dist_pair15": {
            "mean": 93.981996040123,
            "std": 13.345768862906928,
            "median": 97.59017182706174
          },
          "dist_pair16": {
            "mean": 110.70968018469344,
            "std": 11.300933587258688,
            "median": 110.28886717738098
          },
          "dist_pair17": {
            "mean": 148.21281485320006,
            "std": 33.492498110092775,
            "median": 145.64978811326753
          },
          "dist_pair18": {
            "mean": 42.50270623639451,
            "std": 5.1097711539881265,
            "median": 43.68530953698663
          },
          "dist_pair19": {
            "mean": 40.058609246801595,
            "std": 5.754747961526314,
            "median": 39.49243047268461
          },
          "dist_pair20": {
            "mean": 59.15392686905992,
            "std": 9.297937954211232,
            "median": 61.81172183745346
          },
          "dist_pair21": {
            "mean": 107.81927868680998,
            "std": 31.506948720170243,
            "median": 112.21756235522179
          },
          "dist_pair22": {
            "mean": 60.94589829885427,
            "std": 11.15981077202112,
            "median": 63.67332429432276
          },
          "dist_pair23": {
            "mean": 40.68852112508458,
            "std": 10.005104671318465,
            "median": 40.168163886357505
          },
          "dist_pair24": {
            "mean": 81.91440634840063,
            "std": 32.15358196904619,
            "median": 84.64020152319833
          },
          "dist_pair25": {
            "mean": 50.69102874520951,
            "std": 8.859301649724735,
            "median": 50.6718376783974
          },
          "dist_pair26": {
            "mean": 100.60471979175342,
            "std": 30.9417669035169,
            "median": 93.07510503998223
          },
          "dist_pair27": {
            "mean": 60.65631996475823,
            "std": 29.574543020406338,
            "median": 58.80928963434038
          },
          "centroid_speed": {
            "mean": 36.45342333181912,
            "std": 60.48452977806145,
            "median": 15.462818775380384
          },
          "body_orientation": {
            "mean": -0.42718489605460486,
            "std": 0.6847673838570256,
            "median": -0.3129510109817544
          },
          "elongation": {
            "mean": 2.164271060708982,
            "std": 0.5715511886622634,
            "median": 2.081898001293495
          },
          "angular_velocity": {
            "mean": -0.07363397049219048,
            "std": 9.43876364990666,
            "median": -0.014881934606081684
          },
          "movement_entropy": {
            "mean": 0.26342078007198555,
            "std": 0.24451819056731267,
            "median": 0.18021278508374017
          },
          "speed_mean_window": {
            "mean": 56.616784991769755,
            "std": 46.802651303263545,
            "median": 43.71555196496264
          },
          "speed_std_window": {
            "mean": 96.75175350874369,
            "std": 122.12549653722074,
            "median": 60.849704519375926
          },
          "speed_max_window": {
            "mean": 737.6761754275304,
            "std": 897.5570007195786,
            "median": 406.30868807684544
          },
          "speed_p90_window": {
            "mean": 101.42707761668622,
            "std": 91.07516276723977,
            "median": 76.78490947308711
          },
          "dist_mean_window": {
            "mean": 71.57775769382673,
            "std": 9.855307382601154,
            "median": 72.29900049037387
          },
          "dist_std_window": {
            "mean": 36.16703628900235,
            "std": 8.614174738814077,
            "median": 35.34946737239722
          },
          "angular_vel_mean_window": {
            "mean": 2.0818950617652705,
            "std": 3.336870735331896,