state,occurrence_rate,total_duration_sec,n_bouts,mean_bout_duration_sec
state_0,0.3940019041574103,82.76666666666667,67,1.2353233830845771
state_1,0.6059980958425897,127.3,67,1.9
