,State_0,State_1
State_0,0.9734085414987913,0.0265914585012087
State_1,0.017543859649122806,0.9824561403508771
