{
  "behavioral_states": {
    "n_states": 2,
    "states": {
      "state_0": {
        "occurrence_rate": 0.258160237388724,
        "total_frames": 1392,
        "total_duration_sec": 46.4,
        "n_bouts": 44,
        "mean_bout_duration_sec": 1.0545454545454545,
        "median_bout_duration_sec": 0.3,
        "max_bout_duration_sec": 14.166666666666666,
        "feature_profile": {
          "speed_kp0": {
            "mean": 85.29999210580763,
            "std": 89.51793916694834,
            "median": 63.822526195937584
          },
          "speed_kp1": {
            "mean": 91.90863979204177,
            "std": 105.86761857594169,
            "median": 63.958520384161176
          },
          "speed_kp2": {
            "mean": 127.00887011173535,
            "std": 120.57248042370118,
            "median": 95.29398300040938
          },
          "speed_kp3": {
            "mean": 60.8364461574977,
            "std": 52.391036724464264,
            "median": 46.564799660507134
          },
          "speed_kp4": {
            "mean": 51.10093840033188,
            "std": 64.34586186956011,
            "median": 30.427436963047995
          },
          "speed_kp5": {
            "mean": 50.92644948956172,
            "std": 71.82471433100685,
            "median": 29.737445390850148
          },
          "speed_kp6": {
            "mean": 50.3615696885206,
            "std": 74.05447134750767,
            "median": 24.406279654772085
          },
          "speed_kp7": {
            "mean": 114.65276721508296,
            "std": 298.148590465985,
            "median": 16.348268112473306
          },
          "dist_pair0": {
            "mean": 33.886990541558525,
            "std": 5.013269951294164,
            "median": 33.3067139026249
          },
          "dist_pair1": {
            "mean": 38.36084930058327,
            "std": 11.38340163515513,
            "median": 38.17284217637171
          },
          "dist_pair2": {
            "mean": 31.681775908500686,
            "std": 5.775530316309755,
            "median": 31.37327487050558
          },
          "dist_pair3": {
            "mean": 69.0711936497021,
            "std": 15.515582480314016,
            "median": 68.72691679944458
          },
          "dist_pair4": {
            "mean": 76.96681445287193,
            "std": 12.203608734357706,
            "median": 75.20884524935043
          },
          "dist_pair5": {
            "mean": 98.97398964055644,
            "std": 17.475608353650962,
            "median": 100.08216646739598
          },
          "dist_pair6": {
            "mean": 175.89823872747124,
            "std": 39.415205942939636,
            "median": 171.16671536512547
          },
          "dist_pair7": {
            "mean": 39.59205328373749,
            "std": 11.763729285574112,
            "median": 39.53100870402586
          },
          "dist_pair8": {
            "mean": 33.70941661004499,
            "std": 6.0497429247156695,
            "median": 33.060561425574676
          },
          "dist_pair9": {
            "mean": 79.42250540285728,
            "std": 12.035690316864807,
            "median": 76.73343275607354
          },
          "dist_pair10": {
            "mean": 65.58135668866423,
            "std": 15.467351176124374,
            "median": 62.77246283500287
          },
          "dist_pair11": {
            "mean": 98.83280413032902,
            "std": 17.13730149081318,
            "median": 97.83678138748272
          },
          "dist_pair12": {
            "mean": 175.63437998862486,
            "std": 38.9756399252431,
            "median": 175.1326480436967
          },
          "dist_pair13": {
            "mean": 61.654779966203826,
            "std": 12.2534472288161,
            "median": 61.84402647355968
          },
          "dist_pair14": {
            "mean": 103.76880046552,
            "std": 16.475390300942518,
            "median": 103.61098425011087
          },
          "dist_pair15": {
            "mean": 101.69569467339346,
            "std": 18.292337583643913,
            "median": 99.96488274252647
          },
          "dist_pair16": {
            "mean": 129.6439298689899,
            "std": 18.118765368522894,
            "median": 127.63900834082568
          },
          "dist_pair17": {
            "mean": 202.53663935982848,
            "std": 42.89863389898209,
            "median": 201.13719287268322
          },
          "dist_pair18": {
            "mean": 46.91662094785361,
            "std": 9.155149843089434,
            "median": 44.77070545785736
          },
          "dist_pair19": {
            "mean": 47.09145580229301,
            "std": 10.24277796506004,
            "median": 45.82028094020508
          },
          "dist_pair20": {
            "mean": 71.62486780422559,
            "std": 13.33904160185684,
            "median": 70.29706278932801
          },
          "dist_pair21": {
            "mean": 154.60519178082419,
            "std": 33.77732799311329,
            "median": 151.1315751883297
          },
          "dist_pair22": {
            "mean": 48.80857433232878,
            "std": 4.558692840921191,
            "median": 48.856918539975396
          },
          "dist_pair23": {
            "mean": 39.68260091798242,
            "std": 9.519462072961081,
            "median": 40.54536120911014
          },
          "dist_pair24": {
            "mean": 125.55467439860676,
            "std": 34.528832001838104,
            "median": 123.35895561668305
          },
          "dist_pair25": {
            "mean": 41.97464454121515,
            "std": 8.457649929507115,
            "median": 43.146306874046815
          },
          "dist_pair26": {
            "mean": 125.66330251966131,
            "std": 29.515353054013037,
            "median": 130.89440611142197
          },
          "dist_pair27": {
            "mean": 98.67166671258445,
            "std": 31.65356456865669,
            "median": 105.64465269318987
          },
          "centroid_speed": {
            "mean": 55.06160967063135,
            "std": 50.65322531449676,
            "median": 39.91210877661483
          },
          "body_orientation": {
            "mean": -0.7660182279862406,
            "std": 0.8186218117615174,
            "median": -0.7814597980296524
          },
          "elongation": {
            "mean": 3.1400011412616635,
            "std": 1.0920546551256067,
            "median": 3.091953757587926
          },
          "angular_velocity": {
            "mean": -0.14031349778159247,
            "std": 6.279437458625498,
            "median": 0.00883209041784655
          },
          "movement_entropy": {
            "mean": 0.13699859241386472,
            "std": 0.0770934485730735,
            "median": 0.1319800418617636
          },
          "speed_mean_window": {
            "mean": 79.6695324086893,
            "std": 38.514619168294985,
            "median": 72.018943919261
          },
          "speed_std_window": {
            "mean": 112.02994028305659,
            "std": 76.84080994129894,
            "median": 81.65337717960533
          },
          "speed_max_window": {
            "mean": 842.9195975255599,
            "std": 666.7963431876917,
            "median": 584.8835686158735
          },
          "speed_p90_window": {
            "mean": 170.6566370858753,
            "std": 95.25524495077582,
            "median": 153.04823007295303
          },
          "dist_mean_window": {
            "mean": 84.07024372628658,
            "std": 10.928788019496698,
            "median": 82.90520294958972
          },
          "dist_std_window": {
            "mean": 48.88173291589229,
            "std": 10.352849231997268,
            "median": 47.44976879518044
          },
          "angular_vel_mean_window": {
            "mean": 1.361087276243307,
            "std": 2.236408380134973,