state,occurrence_rate,total_duration_sec,n_bouts,mean_bout_duration_sec
state_0,0.258160237388724,46.4,44,1.0545454545454545
state_1,0.7418397626112759,133.33333333333334,45,2.962962962962963
