,State_0,State_1
State_0,0.9683908045977011,0.031609195402298854
State_1,0.011002750687671918,0.9889972493123281
