{
  "behavioral_states": {
    "n_states": 2,
    "states": {
      "state_0": {
        "occurrence_rate": 0.145985401459854,
        "total_frames": 920,
        "total_duration_sec": 30.666666666666668,
        "n_bouts": 44,
        "mean_bout_duration_sec": 0.696969696969697,
        "median_bout_duration_sec": 0.1,
        "max_bout_duration_sec": 8.466666666666667,
        "feature_profile": {
          "speed_kp0": {
            "mean": 167.3363041667766,
            "std": 299.66933578737996,
            "median": 82.5213575958604
          },
          "speed_kp1": {
            "mean": 164.60421331224526,
            "std": 272.9467615783054,
            "median": 91.14890238824174
          },
          "speed_kp2": {
            "mean": 237.0064054573671,
            "std": 394.09865364465185,
            "median": 111.08453412664238
          },
          "speed_kp3": {
            "mean": 141.73218015992012,
            "std": 246.50933646795588,
            "median": 70.92530277250918
          },
          "speed_kp4": {
            "mean": 158.84191031707252,
            "std": 283.4063467518557,
            "median": 49.38235431577891
          },
          "speed_kp5": {
            "mean": 174.72198487766906,
            "std": 320.9901354833009,
            "median": 51.79102764903012
          },
          "speed_kp6": {
            "mean": 142.87406765098174,
            "std": 262.2330164119805,
            "median": 50.96680507303302
          },
          "speed_kp7": {
            "mean": 169.65782596073598,
            "std": 321.939091412195,
            "median": 28.23099844158375
          },
          "dist_pair0": {
            "mean": 25.871394517199818,
            "std": 8.57696840689723,
            "median": 25.893195085210888
          },
          "dist_pair1": {
            "mean": 30.703837000850807,
            "std": 17.08440073249371,
            "median": 26.59152177852103
          },
          "dist_pair2": {
            "mean": 47.254576275274985,
            "std": 10.850274632834408,
            "median": 45.36309813906752
          },
          "dist_pair3": {
            "mean": 78.11814133393906,
            "std": 15.885749451330927,
            "median": 79.45389068551819
          },
          "dist_pair4": {
            "mean": 81.53684456809944,
            "std": 20.225301795871093,
            "median": 80.72623780575785
          },
          "dist_pair5": {
            "mean": 107.3182406249546,
            "std": 17.79577924706349,
            "median": 107.59926053613593
          },
          "dist_pair6": {
            "mean": 176.45238600720268,
            "std": 44.739444408447916,
            "median": 178.23512928190212
          },
          "dist_pair7": {
            "mean": 30.038408356711468,
            "std": 18.29878390427755,
            "median": 26.70944777979098
          },
          "dist_pair8": {
            "mean": 47.67250374616934,
            "std": 11.000110534629735,
            "median": 46.05665594324839
          },
          "dist_pair9": {
            "mean": 83.14558323231113,
            "std": 18.815744564256047,
            "median": 84.21191851066183
          },
          "dist_pair10": {
            "mean": 77.64012315365927,
            "std": 21.620010091138443,
            "median": 76.18865019504616
          },
          "dist_pair11": {
            "mean": 109.07667892044036,
            "std": 19.85053399240929,
            "median": 109.65212698658658
          },
          "dist_pair12": {
            "mean": 177.11685286258344,
            "std": 45.44137173742791,
            "median": 175.7760147801789
          },
          "dist_pair13": {
            "mean": 68.48633926879576,
            "std": 19.642631469063065,
            "median": 64.02168944865986
          },
          "dist_pair14": {
            "mean": 101.06014235060769,
            "std": 24.216438778762697,
            "median": 98.82671701606824
          },
          "dist_pair15": {
            "mean": 99.65743948190806,
            "std": 27.64095016669884,
            "median": 98.52077931404179
          },
          "dist_pair16": {
            "mean": 128.14609544148857,
            "std": 25.80841324221319,
            "median": 128.31522226352956
          },
          "dist_pair17": {
            "mean": 188.2268912179963,
            "std": 50.40807336780736,
            "median": 190.7001396135176
          },
          "dist_pair18": {
            "mean": 41.43643539288721,
            "std": 11.415523567053752,
            "median": 41.33790640690932
          },
          "dist_pair19": {
            "mean": 41.36295090858862,
            "std": 13.886930328992573,
            "median": 40.13298429098514
          },
          "dist_pair20": {
            "mean": 64.27400574346758,
            "std": 13.981553618466494,
            "median": 64.41619866125427
          },
          "dist_pair21": {
            "mean": 147.73608048124206,
            "std": 33.568246554346764,
            "median": 145.95625270506025
          },
          "dist_pair22": {
            "mean": 45.29317771425767,
            "std": 16.517106059210324,
            "median": 48.87476928965124
          },
          "dist_pair23": {
            "mean": 39.54686141190465,
            "std": 13.080629441449517,
            "median": 38.362383692104984
          },
          "dist_pair24": {
            "mean": 128.50705866080466,
            "std": 38.11382204266239,
            "median": 126.87414789820608
          },
          "dist_pair25": {
            "mean": 45.36038786607575,
            "std": 17.400629578800533,
            "median": 42.687916603767526
          },
          "dist_pair26": {
            "mean": 126.68850109775232,
            "std": 35.92043911479615,
            "median": 122.04239732721072
          },
          "dist_pair27": {
            "mean": 111.39063828635348,
            "std": 36.96264822221434,
            "median": 103.87993944175486
          },
          "centroid_speed": {
            "mean": 117.93553384087448,
            "std": 200.72588942904332,
            "median": 58.470541706642194
          },
          "body_orientation": {
            "mean": -0.715138019492396,
            "std": 0.9051948643863027,
            "median": -0.649233805590949
          },
          "elongation": {
            "mean": 3.2366204224327224,
            "std": 1.3969824180925055,
            "median": 2.9819107853144025
          },
          "angular_velocity": {
            "mean": 0.22437365005512894,
            "std": 13.584861824720171,
            "median": 0.026961491157461645
          },
          "movement_entropy": {
            "mean": 0.09904693236428175,
            "std": 0.06648499047026435,
            "median": 0.08244837647655556
          },
          "speed_mean_window": {
            "mean": 165.2311227906509,
            "std": 195.13817571780547,
            "median": 106.97346807925587
          },
          "speed_std_window": {
            "mean": 185.8100107748496,
            "std": 144.46502997410883,
            "median": 143.07046840090592
          },
          "speed_max_window": {
            "mean": 1254.7372382370663,
            "std": 831.4440545700976,
            "median": 986.0057621654383
          },
          "speed_p90_window": {
            "mean": 339.2643726515008,
            "std": 386.69801953252784,
            "median": 217.00603164290104
          },
          "dist_mean_window": {
            "mean": 85.982449547091,
            "std": 9.036121711929733,
            "median": 84.77075509326986
          },
          "dist_std_window": {
            "mean": 51.06129258612859,
            "std": 9.677987280957158,
            "median": 49.795693972080834
          },
          "angular_vel_mean_window": {
            "mean": 3.61182918706119,
            "std": 4.992687794416754,