state,occurrence_rate,total_duration_sec,n_bouts,mean_bout_duration_sec
state_0,0.145985401459854,30.666666666666668,44,0.696969696969697
state_1,0.8540145985401459,179.4,45,3.9866666666666664
