,State_0,State_1
State_0,0.9521739130434783,0.04782608695652174
State_1,0.008176918788329306,0.9918230812116707
