{
  "behavioral_states": {
    "n_states": 2,
    "states": {
      "state_0": {
        "occurrence_rate": 0.1756863989842882,
        "total_frames": 1107,
        "total_duration_sec": 36.9,
        "n_bouts": 27,
        "mean_bout_duration_sec": 1.3666666666666667,
        "median_bout_duration_sec": 0.1,
        "max_bout_duration_sec": 11.066666666666666,
        "feature_profile": {
          "speed_kp0": {
            "mean": 69.63841434577701,
            "std": 149.0848966109288,
            "median": 32.01891920678298
          },
          "speed_kp1": {
            "mean": 70.61668203833587,
            "std": 142.09305421995936,
            "median": 33.89894267550121
          },
          "speed_kp2": {
            "mean": 93.07077067117119,
            "std": 171.09158834438117,
            "median": 42.44225453072586
          },
          "speed_kp3": {
            "mean": 52.61467010452555,
            "std": 129.36773106133882,
            "median": 22.170493815478714
          },
          "speed_kp4": {
            "mean": 63.8630305948712,
            "std": 215.43630939318115,
            "median": 18.202569653488958
          },
          "speed_kp5": {
            "mean": 64.2127994476194,
            "std": 149.4396001299234,
            "median": 26.345556401739753
          },
          "speed_kp6": {
            "mean": 130.68311265653944,
            "std": 220.695700435709,
            "median": 38.4607207945004
          },
          "speed_kp7": {
            "mean": 1474.0858641827322,
            "std": 1439.7586728837957,
            "median": 1057.8343412569966
          },
          "dist_pair0": {
            "mean": 32.006413581484225,
            "std": 3.514738720619529,
            "median": 31.69277340178744
          },
          "dist_pair1": {
            "mean": 32.0470157252391,
            "std": 6.899721645769488,
            "median": 30.72335621808456
          },
          "dist_pair2": {
            "mean": 31.32903813616359,
            "std": 3.9962284493508724,
            "median": 30.49465477099476
          },
          "dist_pair3": {
            "mean": 60.98041967442204,
            "std": 13.095420853876886,
            "median": 56.852788585246074
          },
          "dist_pair4": {
            "mean": 72.52955049124405,
            "std": 9.162210349894519,
            "median": 71.26918626677119
          },
          "dist_pair5": {
            "mean": 83.76282195309821,
            "std": 14.445126325204807,
            "median": 84.10478567478744
          },
          "dist_pair6": {
            "mean": 126.91508939770812,
            "std": 79.60122412893554,
            "median": 105.17643738057524
          },
          "dist_pair7": {
            "mean": 33.04670357096731,
            "std": 8.147196039929911,
            "median": 32.16363866072833
          },
          "dist_pair8": {
            "mean": 35.81082213641443,
            "std": 3.776667625959404,
            "median": 36.41368716965792
          },
          "dist_pair9": {
            "mean": 76.96460823718596,
            "std": 8.02013072851488,
            "median": 76.7171640071203
          },
          "dist_pair10": {
            "mean": 64.81370003530687,
            "std": 13.817281551431872,
            "median": 64.46208695548732
          },
          "dist_pair11": {
            "mean": 82.61945288948297,
            "std": 16.35544937642347,
            "median": 82.59431679498996
          },
          "dist_pair12": {
            "mean": 133.19429112867095,
            "std": 84.1416551189032,
            "median": 104.3698186367643
          },
          "dist_pair13": {
            "mean": 56.551712805484144,
            "std": 7.479439341221565,
            "median": 55.21059224228293
          },
          "dist_pair14": {
            "mean": 90.00787500262588,
            "std": 15.014926714045426,
            "median": 84.95714591825629
          },
          "dist_pair15": {
            "mean": 92.31071858996967,
            "std": 12.477984897254634,
            "median": 91.49044358077232
          },
          "dist_pair16": {
            "mean": 107.68359990771454,
            "std": 16.824687024211002,
            "median": 108.61311546374526
          },
          "dist_pair17": {
            "mean": 138.38705901681573,
            "std": 78.40028998286058,
            "median": 121.27795679116836
          },
          "dist_pair18": {
            "mean": 43.49499279322482,
            "std": 6.117856205081554,
            "median": 42.522688396657294
          },
          "dist_pair19": {
            "mean": 43.21050983401381,
            "std": 6.738025682295875,
            "median": 42.45737086501945
          },
          "dist_pair20": {
            "mean": 54.78991696921638,
            "std": 11.890845897420451,
            "median": 54.7249428080587
          },
          "dist_pair21": {
            "mean": 122.66625032359022,
            "std": 84.62978927514531,
            "median": 98.40962046548196
          },
          "dist_pair22": {
            "mean": 56.43070245433592,
            "std": 7.108807435416925,
            "median": 57.44568000489798
          },
          "dist_pair23": {
            "mean": 48.27237619096397,
            "std": 11.951601551300923,
            "median": 46.40587031527546
          },
          "dist_pair24": {
            "mean": 123.47305649856686,
            "std": 80.29072634705288,
            "median": 101.2355770718071
          },
          "dist_pair25": {
            "mean": 27.60891689101015,
            "std": 16.192322488223972,
            "median": 30.24737505664245
          },
          "dist_pair26": {
            "mean": 132.2065377239244,
            "std": 96.04448391624835,
            "median": 104.56402985460804
          },
          "dist_pair27": {
            "mean": 130.06677592173702,
            "std": 99.17921205164576,
            "median": 106.06832568016625
          },
          "centroid_speed": {
            "mean": 211.3245552013355,
            "std": 200.3671648576738,
            "median": 153.87979393204034
          },
          "body_orientation": {
            "mean": -0.7180242798719632,
            "std": 0.713652814049781,
            "median": -0.6859842687227947
          },
          "elongation": {
            "mean": 2.5400203258395315,
            "std": 0.950530348176236,
            "median": 2.3396673630478375
          },
          "angular_velocity": {
            "mean": -0.11161675359125679,
            "std": 18.22143428832117,
            "median": 0.012969079364739677
          },
          "movement_entropy": {
            "mean": 0.03462899131315042,
            "std": 0.052149079467990696,
            "median": 0.02445061927668445
          },
          "speed_mean_window": {
            "mean": 247.8943631240736,
            "std": 127.1498815029147,
            "median": 233.30720797525123
          },
          "speed_std_window": {
            "mean": 628.0640665771903,
            "std": 250.53090660620467,
            "median": 614.2846675799528
          },
          "speed_max_window": {
            "mean": 3890.970935604075,
            "std": 1236.8599072427046,
            "median": 3889.7005012386485
          },
          "speed_p90_window": {
            "mean": 450.2743727902055,
            "std": 309.7066205561264,
            "median": 393.9340352039932
          },
          "dist_mean_window": {
            "mean": 74.62184750001012,
            "std": 12.597018743958138,
            "median": 71.74699492629955
          },
          "dist_std_window": {
            "mean": 51.60941392396881,
            "std": 18.52781118254557,
            "median": 48.07616171012894
          },
          "angular_vel_mean_window": {
            "mean": 8.200966481049406,
            "std": 5.886315699576105,