state,occurrence_rate,total_duration_sec,n_bouts,mean_bout_duration_sec
state_0,0.1756863989842882,36.9,27,1.3666666666666667
state_1,0.8243136010157118,173.13333333333333,27,6.412345679012346
