,State_0,State_1
State_0,0.976491862567812,0.023508137432188065
State_1,0.005198305737389296,0.9948016942626107
