{
  "behavioral_states": {
    "n_states": 2,
    "states": {
      "state_0": {
        "occurrence_rate": 0.7113708031905027,
        "total_frames": 3835,
        "total_duration_sec": 127.83333333333333,
        "n_bouts": 38,
        "mean_bout_duration_sec": 3.3640350877192984,
        "median_bout_duration_sec": 0.15,
        "max_bout_duration_sec": 57.166666666666664,
        "feature_profile": {
          "speed_kp0": {
            "mean": 19.581200667571593,
            "std": 27.058518066877998,
            "median": 9.754204182495238
          },
          "speed_kp1": {
            "mean": 24.015256040053263,
            "std": 28.56611449274028,
            "median": 14.107372023767725
          },
          "speed_kp2": {
            "mean": 32.09128371026365,
            "std": 64.14803669942975,
            "median": 10.28850808143767
          },
          "speed_kp3": {
            "mean": 14.61733035298299,
            "std": 17.676745829180543,
            "median": 8.134996617595949
          },
          "speed_kp4": {
            "mean": 19.53114147143689,
            "std": 29.032174917924834,
            "median": 13.030945569523535
          },
          "speed_kp5": {
            "mean": 13.17218708101597,
            "std": 19.441390718758274,
            "median": 7.100356997320041
          },
          "speed_kp6": {
            "mean": 31.361393020514868,
            "std": 44.35727094695032,
            "median": 16.7932277973499
          },
          "speed_kp7": {
            "mean": 27.56961527207897,
            "std": 169.9829418918066,
            "median": 8.609594066520948
          },
          "dist_pair0": {
            "mean": 30.387934571895993,
            "std": 2.5464626875720935,
            "median": 30.602884764388083
          },
          "dist_pair1": {
            "mean": 30.978914629960475,
            "std": 6.296912589820083,
            "median": 29.49040424162499
          },
          "dist_pair2": {
            "mean": 26.11976323267817,
            "std": 1.877606139155834,
            "median": 26.30825581672884
          },
          "dist_pair3": {
            "mean": 42.674935042971455,
            "std": 5.813864951772551,
            "median": 42.23287006378495
          },
          "dist_pair4": {
            "mean": 63.7669950232668,
            "std": 4.397761243295315,
            "median": 65.66328444313531
          },
          "dist_pair5": {
            "mean": 62.64701499467962,
            "std": 7.2136696177804085,
            "median": 62.31959296216439
          },
          "dist_pair6": {
            "mean": 138.5810883919483,
            "std": 43.410295039863286,
            "median": 164.12175081328164
          },
          "dist_pair7": {
            "mean": 30.785396066236995,
            "std": 5.500917945365719,
            "median": 31.281278524240477
          },
          "dist_pair8": {
            "mean": 26.22250357283333,
            "std": 2.1616303185532657,
            "median": 26.075275665144346
          },
          "dist_pair9": {
            "mean": 61.72393425905346,
            "std": 3.600763702400173,
            "median": 61.43898616621035
          },
          "dist_pair10": {
            "mean": 52.21186251622783,
            "std": 7.156049614640788,
            "median": 52.30547839982442
          },
          "dist_pair11": {
            "mean": 71.56965108680217,
            "std": 5.234795116786218,
            "median": 71.09477017649975
          },
          "dist_pair12": {
            "mean": 126.57359379348196,
            "std": 23.003052061742537,
            "median": 133.8469687924858
          },
          "dist_pair13": {
            "mean": 47.7367459534022,
            "std": 5.412096219709113,
            "median": 46.465262125266776
          },
          "dist_pair14": {
            "mean": 72.6101329402434,
            "std": 8.426052581562276,
            "median": 71.87409201209131
          },
          "dist_pair15": {
            "mean": 80.37735592834329,
            "std": 8.046025440708542,
            "median": 81.15839664579198
          },
          "dist_pair16": {
            "mean": 90.20385174168756,
            "std": 7.495686170803705,
            "median": 89.19639764253463
          },
          "dist_pair17": {
            "mean": 139.69293424372998,
            "std": 38.27220770046871,
            "median": 158.33471907331614
          },
          "dist_pair18": {
            "mean": 37.72398057882824,
            "std": 2.3036384669158125,
            "median": 37.97075137864133
          },
          "dist_pair19": {
            "mean": 38.22639275176085,
            "std": 3.9100439360019577,
            "median": 39.50997445962313
          },
          "dist_pair20": {
            "mean": 46.61438448720877,
            "std": 4.619134579501009,
            "median": 46.05367100622217
          },
          "dist_pair21": {
            "mean": 129.986567423705,
            "std": 28.384442288374288,
            "median": 145.62602231795566
          },
          "dist_pair22": {
            "mean": 57.423768629517,
            "std": 2.3045747797281413,
            "median": 57.560450547059794
          },
          "dist_pair23": {
            "mean": 27.46242630369816,
            "std": 7.131757760615704,
            "median": 27.549659806076985
          },
          "dist_pair24": {
            "mean": 143.65234032419087,
            "std": 52.246036464207705,
            "median": 175.82145383465723
          },
          "dist_pair25": {
            "mean": 44.44364905259007,
            "std": 7.405240603971326,
            "median": 41.693179304263005
          },
          "dist_pair26": {
            "mean": 120.92163632152138,
            "std": 13.530042124126753,
            "median": 121.05721111936013
          },
          "dist_pair27": {
            "mean": 136.7593641817624,
            "std": 40.94495652008326,
            "median": 160.0594149694712
          },
          "centroid_speed": {
            "mean": 13.233485722333448,
            "std": 24.921483248695182,
            "median": 7.0480272756437525
          },
          "body_orientation": {
            "mean": -1.7223636873570611,
            "std": 0.29434721990271423,
            "median": -1.8490382202947437
          },
          "elongation": {
            "mean": 1.837027050530413,
            "std": 0.359484619571766,
            "median": 1.902437513493804
          },
          "angular_velocity": {
            "mean": 0.023779012464458685,
            "std": 3.172694462458298,
            "median": 0.005514533816526334
          },
          "movement_entropy": {
            "mean": 0.5293141181477317,
            "std": 0.29506508016856403,
            "median": 0.4683849715475646
          },
          "speed_mean_window": {
            "mean": 24.160131076148254,
            "std": 24.494976370009777,
            "median": 13.92939785501071
          },
          "speed_std_window": {
            "mean": 35.40001076170032,
            "std": 63.97291845283788,
            "median": 16.159013105867974
          },
          "speed_max_window": {
            "mean": 272.61069411818835,
            "std": 579.2285644301777,
            "median": 113.65462966398503
          },
          "speed_p90_window": {
            "mean": 48.528499915622646,
            "std": 46.47915615246543,
            "median": 28.98481874706951
          },
          "dist_mean_window": {
            "mean": 71.18947337946878,
            "std": 8.537222464705932,
            "median": 75.28074934010402
          },
          "dist_std_window": {
            "mean": 42.4861086731678,
            "std": 10.558491255357106,
            "median": 47.95935682504396
          },
          "angular_vel_mean_window": {
            "mean": 0.5222085487155333,
            "std": 1.3312014994310941,