,State_0,State_1
State_0,0.9903495044340115,0.009650495565988524
State_1,0.02442159383033419,0.9755784061696658
