,State_0,State_1,State_2
State_0,0.9297124600638977,0.01810436634717785,0.05218317358892439
State_1,0.04093567251461988,0.868421052631579,0.09064327485380116
State_2,0.010358565737051793,0.005577689243027889,0.9840637450199203
