{
  "behavioral_states": {
    "n_states": 2,
    "states": {
      "state_0": {
        "occurrence_rate": 0.6971439169139466,
        "total_frames": 3759,
        "total_duration_sec": 125.3,
        "n_bouts": 52,
        "mean_bout_duration_sec": 2.4096153846153845,
        "median_bout_duration_sec": 0.25,
        "max_bout_duration_sec": 62.13333333333333,
        "feature_profile": {
          "speed_kp0": {
            "mean": 33.44382712235165,
            "std": 32.93655257901804,
            "median": 23.331683328394497
          },
          "speed_kp1": {
            "mean": 32.012200559714984,
            "std": 33.91957638058689,
            "median": 21.830439899432303
          },
          "speed_kp2": {
            "mean": 65.7699531416386,
            "std": 74.17368569691563,
            "median": 42.11839271406668
          },
          "speed_kp3": {
            "mean": 20.025266328361923,
            "std": 17.191640680813,
            "median": 15.531123062854062
          },
          "speed_kp4": {
            "mean": 21.83054860771762,
            "std": 21.13684798165315,
            "median": 15.894649180022542
          },
          "speed_kp5": {
            "mean": 21.902089603839165,
            "std": 32.40816959446767,
            "median": 12.971345222099337
          },
          "speed_kp6": {
            "mean": 15.829518742279594,
            "std": 27.485071638862024,
            "median": 9.609906885380733
          },
          "speed_kp7": {
            "mean": 38.3689723368312,
            "std": 150.11911515801046,
            "median": 7.8842857013981265
          },
          "dist_pair0": {
            "mean": 33.48902693703579,
            "std": 3.2953634882699188,
            "median": 33.44444903448127
          },
          "dist_pair1": {
            "mean": 23.543366341489698,
            "std": 5.732207439918916,
            "median": 23.063829288695892
          },
          "dist_pair2": {
            "mean": 25.19832137057046,
            "std": 2.3663131143557816,
            "median": 24.95181853678692
          },
          "dist_pair3": {
            "mean": 53.710762707170616,
            "std": 6.251042024742665,
            "median": 53.33759475388933
          },
          "dist_pair4": {
            "mean": 60.92797895694773,
            "std": 4.651054374729451,
            "median": 60.975003586922234
          },
          "dist_pair5": {
            "mean": 77.58665085765216,
            "std": 6.983860946959937,
            "median": 77.79419256549427
          },
          "dist_pair6": {
            "mean": 140.0363903702124,
            "std": 29.47143742609604,
            "median": 133.83494975791766
          },
          "dist_pair7": {
            "mean": 27.46001242044838,
            "std": 7.876637567175897,
            "median": 28.22832203715162
          },
          "dist_pair8": {
            "mean": 29.966793361288875,
            "std": 2.7014678329875066,
            "median": 30.22870161317167
          },
          "dist_pair9": {
            "mean": 70.63638623495902,
            "std": 4.621963048753813,
            "median": 71.06296091669695
          },
          "dist_pair10": {
            "mean": 45.40504569364836,
            "std": 7.103495168498391,
            "median": 45.11213015164112
          },
          "dist_pair11": {
            "mean": 78.34673363312565,
            "std": 10.811535989919525,
            "median": 79.71482143050402
          },
          "dist_pair12": {
            "mean": 142.67995950979153,
            "std": 33.900273682007786,
            "median": 151.08086236277802
          },
          "dist_pair13": {
            "mean": 40.09686729450564,
            "std": 5.5034377838896065,
            "median": 39.18003660025002
          },
          "dist_pair14": {
            "mean": 74.50587165593677,
            "std": 7.288743037340265,
            "median": 73.91930654531726
          },
          "dist_pair15": {
            "mean": 68.15484969165985,
            "std": 8.796166221986246,
            "median": 68.28609211224935
          },
          "dist_pair16": {
            "mean": 92.92282888112034,
            "std": 8.716123945346892,
            "median": 93.87194343976707
          },
          "dist_pair17": {
            "mean": 153.96018148717343,
            "std": 30.96231504476195,
            "median": 152.52371804404103
          },
          "dist_pair18": {
            "mean": 41.5967932908942,
            "std": 3.1521403455800794,
            "median": 41.62730334555842
          },
          "dist_pair19": {
            "mean": 37.20700518863202,
            "std": 3.5804066024385635,
            "median": 36.70214814399107
          },
          "dist_pair20": {
            "mean": 55.948099922555585,
            "std": 5.493822025334917,
            "median": 56.70205249837002
          },
          "dist_pair21": {
            "mean": 122.71110932648672,
            "std": 30.225703726616743,
            "median": 126.74504874441841
          },
          "dist_pair22": {
            "mean": 57.8908626479941,
            "std": 5.0276353592926295,
            "median": 57.71540910692978
          },
          "dist_pair23": {
            "mean": 39.98225465049582,
            "std": 6.052191368050943,
            "median": 39.287802399439435
          },
          "dist_pair24": {
            "mean": 97.3765443021987,
            "std": 28.91812873025539,
            "median": 88.63012867036421
          },
          "dist_pair25": {
            "mean": 42.549558348484936,
            "std": 10.615184666298017,
            "median": 43.524276693994594
          },
          "dist_pair26": {
            "mean": 108.5118016852796,
            "std": 36.57261741256889,
            "median": 112.45343909096516
          },
          "dist_pair27": {
            "mean": 73.62413054503364,
            "std": 29.092535324307367,
            "median": 77.56148438910009
          },
          "centroid_speed": {
            "mean": 19.52827450956133,
            "std": 22.96142343292171,
            "median": 13.099820636131428
          },
          "body_orientation": {
            "mean": -1.636546939854367,
            "std": 0.5632840183271174,
            "median": -1.7697207429309936
          },
          "elongation": {
            "mean": 2.538089817594181,
            "std": 0.49832960247749386,
            "median": 2.535298488609769
          },
          "angular_velocity": {
            "mean": -0.059328752888481356,
            "std": 6.911937476261378,
            "median": -0.01154235832223849
          },
          "movement_entropy": {
            "mean": 0.39431876100389346,
            "std": 0.33663037555426256,
            "median": 0.30721762653691764
          },
          "speed_mean_window": {
            "mean": 32.28580797100086,
            "std": 21.046161804828632,
            "median": 27.77080375709287
          },
          "speed_std_window": {
            "mean": 43.59509921478044,
            "std": 45.829927824692945,
            "median": 31.333586876762553
          },
          "speed_max_window": {
            "mean": 314.9664835382517,
            "std": 364.81259410859315,
            "median": 202.35018163087
          },
          "speed_p90_window": {
            "mean": 66.6505212168223,
            "std": 40.927628993697844,
            "median": 60.68131065004495
          },
          "dist_mean_window": {
            "mean": 68.91474771036265,
            "std": 9.23926738565219,
            "median": 71.16138243860124
          },
          "dist_std_window": {
            "mean": 38.299537854263846,
            "std": 10.099779867667932,
            "median": 38.9207442078751
          },
          "angular_vel_mean_window": {
            "mean": 0.8838539388128626,
            "std": 2.1927467208804123,