state,occurrence_rate,total_duration_sec,n_bouts,mean_bout_duration_sec
state_0,0.6971439169139466,125.3,52,2.4096153846153845
state_1,0.3028560830860534,54.43333333333333,53,1.0270440251572326
