,State_0,State_1
State_0,0.9861665336525671,0.013833466347432828
State_1,0.031862745098039214,0.9681372549019608
