{
  "behavioral_states": {
    "n_states": 2,
    "states": {
      "state_0": {
        "occurrence_rate": 0.33185208697032215,
        "total_frames": 2091,
        "total_duration_sec": 69.7,
        "n_bouts": 233,
        "mean_bout_duration_sec": 0.29914163090128754,
        "median_bout_duration_sec": 0.13333333333333333,
        "max_bout_duration_sec": 3.7333333333333334,
        "feature_profile": {
          "speed_kp0": {
            "mean": 148.37075268120864,
            "std": 196.11946292843237,
            "median": 108.43157230234088
          },
          "speed_kp1": {
            "mean": 145.78411454447837,
            "std": 132.9046571525032,
            "median": 118.80381033722936
          },
          "speed_kp2": {
            "mean": 1050.8319007089408,
            "std": 1272.5700764861886,
            "median": 396.90273453484355
          },
          "speed_kp3": {
            "mean": 103.58469173582658,
            "std": 106.06901128746154,
            "median": 75.07214960841092
          },
          "speed_kp4": {
            "mean": 159.80980133523474,
            "std": 195.9897044226849,
            "median": 82.04974548666367
          },
          "speed_kp5": {
            "mean": 208.84641184908114,
            "std": 255.5287796314498,
            "median": 99.65229336177056
          },
          "speed_kp6": {
            "mean": 204.1336126086161,
            "std": 518.9730715189909,
            "median": 61.443591063411716
          },
          "speed_kp7": {
            "mean": 792.937712139687,
            "std": 756.7383248922941,
            "median": 611.8020174040952
          },
          "dist_pair0": {
            "mean": 26.484122914070298,
            "std": 11.84779907398222,
            "median": 29.20068974359491
          },
          "dist_pair1": {
            "mean": 86.52922369542637,
            "std": 94.35561998294843,
            "median": 43.99139257254729
          },
          "dist_pair2": {
            "mean": 57.03721064767368,
            "std": 14.914496123071014,
            "median": 55.21878114557003
          },
          "dist_pair3": {
            "mean": 90.47245091080445,
            "std": 22.412945684457352,
            "median": 90.21315355795808
          },
          "dist_pair4": {
            "mean": 92.41886840073663,
            "std": 20.209136294217572,
            "median": 92.68007247530949
          },
          "dist_pair5": {
            "mean": 127.23646234116916,
            "std": 27.263530137466194,
            "median": 126.85186206421506
          },
          "dist_pair6": {
            "mean": 162.57466502539853,
            "std": 56.957628848863784,
            "median": 163.45714517857763
          },
          "dist_pair7": {
            "mean": 89.54794979405487,
            "std": 96.68353106505886,
            "median": 43.397617989595396
          },
          "dist_pair8": {
            "mean": 54.62554457333992,
            "std": 11.2458239281701,
            "median": 53.05698241751471
          },
          "dist_pair9": {
            "mean": 92.37028430354029,
            "std": 20.04656868243732,
            "median": 94.00144063575014
          },
          "dist_pair10": {
            "mean": 87.73034533809393,
            "std": 18.09122931440613,
            "median": 87.20151949648152
          },
          "dist_pair11": {
            "mean": 124.82565671918746,
            "std": 26.15101123892269,
            "median": 126.33842383752437
          },
          "dist_pair12": {
            "mean": 165.0645566062219,
            "std": 57.60858277429286,
            "median": 163.88809112441422
          },
          "dist_pair13": {
            "mean": 117.79888535440456,
            "std": 79.4688367697536,
            "median": 83.66903693151849
          },
          "dist_pair14": {
            "mean": 143.70584210525521,
            "std": 68.38242888492535,
            "median": 125.1129486986842
          },
          "dist_pair15": {
            "mean": 139.23783196018024,
            "std": 65.7273953124684,
            "median": 121.00945482902925
          },
          "dist_pair16": {
            "mean": 166.08009562759804,
            "std": 62.25564429747309,
            "median": 154.8758823743749
          },
          "dist_pair17": {
            "mean": 164.43519928780813,
            "std": 72.70997120047564,
            "median": 164.69202205082095
          },
          "dist_pair18": {
            "mean": 43.80236477079212,
            "std": 14.022932730632267,
            "median": 43.93625272110377
          },
          "dist_pair19": {
            "mean": 44.25684635884875,
            "std": 13.04331983092296,
            "median": 42.94599770250034
          },
          "dist_pair20": {
            "mean": 77.10969971316854,
            "std": 30.51986846087334,
            "median": 73.21702744387348
          },
          "dist_pair21": {
            "mean": 149.01127421703217,
            "std": 49.921415625594165,
            "median": 148.12116178156802
          },
          "dist_pair22": {
            "mean": 46.71519049666829,
            "std": 18.77981071374218,
            "median": 51.040013166574774
          },
          "dist_pair23": {
            "mean": 55.697746263268485,
            "std": 33.87950317420301,
            "median": 49.81927447011777
          },
          "dist_pair24": {
            "mean": 144.65363416477632,
            "std": 54.893103281151205,
            "median": 141.90755715059038
          },
          "dist_pair25": {
            "mean": 55.199423080399605,
            "std": 36.137508211740105,
            "median": 48.79487675335837
          },
          "dist_pair26": {
            "mean": 139.9997894480487,
            "std": 53.36474239790068,
            "median": 132.2660098622457
          },
          "dist_pair27": {
            "mean": 132.67990616079166,
            "std": 65.5464958087196,
            "median": 123.8176060076955
          },
          "centroid_speed": {
            "mean": 220.0944552133694,
            "std": 164.21228481369033,
            "median": 178.20895223182782
          },
          "body_orientation": {
            "mean": -1.101654585420261,
            "std": 0.7277216222130243,
            "median": -1.240157029840341
          },
          "elongation": {
            "mean": 2.8768414308335184,
            "std": 1.3922096591077207,
            "median": 2.606923856824939
          },
          "angular_velocity": {
            "mean": -0.3860080987112462,
            "std": 18.657539012610563,
            "median": -0.02413803793905489
          },
          "movement_entropy": {
            "mean": 0.028867462586715572,
            "std": 0.011878851838026214,
            "median": 0.026366494846403285
          },
          "speed_mean_window": {
            "mean": 325.94352507186096,
            "std": 94.53399739302063,
            "median": 325.2170670560471
          },
          "speed_std_window": {
            "mean": 587.9334633478901,
            "std": 199.0809328882276,
            "median": 585.989860378342
          },
          "speed_max_window": {
            "mean": 3757.847315176307,
            "std": 1196.7479377122147,
            "median": 3673.0154988611966
          },
          "speed_p90_window": {
            "mean": 882.7016580793809,
            "std": 367.2670778152394,
            "median": 829.5300625894762
          },
          "dist_mean_window": {
            "mean": 98.7686530206403,
            "std": 10.394431461109408,
            "median": 97.84792158135009
          },
          "dist_std_window": {
            "mean": 61.57965435631562,
            "std": 11.335635406958643,
            "median": 60.25432066486451
          },
          "angular_vel_mean_window": {
            "mean": 8.164903290904654,
            "std": 6.788777636925382,