state,occurrence_rate,total_duration_sec,n_bouts,mean_bout_duration_sec
state_0,0.33185208697032215,69.7,233,0.29914163090128754
state_1,0.6681479130296778,140.33333333333334,233,0.6022889842632332
