,State_0,State_1
State_0,0.8885700621712099,0.11142993782879006
State_1,0.05511998099311,0.94488001900689
