{
  "behavioral_states": {
    "n_states": 2,
    "states": {
      "state_0": {
        "occurrence_rate": 0.31311445000927474,
        "total_frames": 1688,
        "total_duration_sec": 56.266666666666666,
        "n_bouts": 130,
        "mean_bout_duration_sec": 0.4328205128205128,
        "median_bout_duration_sec": 0.1,
        "max_bout_duration_sec": 18.533333333333335,
        "feature_profile": {
          "speed_kp0": {
            "mean": 517.1957590603417,
            "std": 639.9701497772191,
            "median": 202.28668637291483
          },
          "speed_kp1": {
            "mean": 349.7502324370136,
            "std": 549.2612114600634,
            "median": 92.59323634416508
          },
          "speed_kp2": {
            "mean": 609.2916704812499,
            "std": 781.7966828240726,
            "median": 225.7414737059882
          },
          "speed_kp3": {
            "mean": 358.5282052567765,
            "std": 632.3129767239641,
            "median": 75.17964600552571
          },
          "speed_kp4": {
            "mean": 437.62061371751213,
            "std": 631.1045117246548,
            "median": 85.16196996172107
          },
          "speed_kp5": {
            "mean": 461.540662843001,
            "std": 793.7618176753846,
            "median": 48.60516910928773
          },
          "speed_kp6": {
            "mean": 271.8727382221434,
            "std": 595.8810433256402,
            "median": 16.78659412533305
          },
          "speed_kp7": {
            "mean": 340.5898750194911,
            "std": 647.9031073470433,
            "median": 21.87108539198035
          },
          "dist_pair0": {
            "mean": 67.81331244393783,
            "std": 50.505540885026946,
            "median": 53.55745419383272
          },
          "dist_pair1": {
            "mean": 92.44016098048154,
            "std": 58.49493849635378,
            "median": 92.13107963299393
          },
          "dist_pair2": {
            "mean": 107.18093443236562,
            "std": 65.23109185164228,
            "median": 106.01195555103715
          },
          "dist_pair3": {
            "mean": 101.4336823661743,
            "std": 52.64873377318565,
            "median": 99.25450803295416
          },
          "dist_pair4": {
            "mean": 108.274640243435,
            "std": 64.09951784157569,
            "median": 103.83696433297632
          },
          "dist_pair5": {
            "mean": 122.7625324521674,
            "std": 49.253138417850536,
            "median": 137.14446155992277
          },
          "dist_pair6": {
            "mean": 122.04118630796238,
            "std": 56.880081372354766,
            "median": 126.5984459120935
          },
          "dist_pair7": {
            "mean": 98.08591494321412,
            "std": 59.28253345691251,
            "median": 108.37629083621279
          },
          "dist_pair8": {
            "mean": 90.57753502206462,
            "std": 68.27984780936076,
            "median": 59.984428128147215
          },
          "dist_pair9": {
            "mean": 100.30906068380636,
            "std": 58.57824230818113,
            "median": 110.73663473285133
          },
          "dist_pair10": {
            "mean": 116.6612681735661,
            "std": 63.0308568774492,
            "median": 116.42300974723531
          },
          "dist_pair11": {
            "mean": 130.72983124723822,
            "std": 50.30141262505405,
            "median": 139.51821056491502
          },
          "dist_pair12": {
            "mean": 100.73476066246555,
            "std": 45.59615432655325,
            "median": 96.87137529437518
          },
          "dist_pair13": {
            "mean": 97.63757748122096,
            "std": 57.710312743143106,
            "median": 74.75499687787847
          },
          "dist_pair14": {
            "mean": 124.18319116788899,
            "std": 56.15734630030977,
            "median": 134.65573351708036
          },
          "dist_pair15": {
            "mean": 154.3235919087772,
            "std": 63.26732315607006,
            "median": 162.19196657653617
          },
          "dist_pair16": {
            "mean": 93.4246257962,
            "std": 68.69717413708386,
            "median": 92.73610815834095
          },
          "dist_pair17": {
            "mean": 144.04045124614913,
            "std": 48.3388140444774,
            "median": 142.5851829888348
          },
          "dist_pair18": {
            "mean": 113.27129388301417,
            "std": 66.17828399539387,
            "median": 125.38513646627109
          },
          "dist_pair19": {
            "mean": 155.1231629204949,
            "std": 79.28666740166071,
            "median": 151.63979871192203
          },
          "dist_pair20": {
            "mean": 108.6801177858926,
            "std": 57.7549971671428,
            "median": 107.09530391108851
          },
          "dist_pair21": {
            "mean": 129.35286394541373,
            "std": 63.9961681714119,
            "median": 113.66267227269861
          },
          "dist_pair22": {
            "mean": 126.10625259627756,
            "std": 82.19812932199964,
            "median": 118.13467980577465
          },
          "dist_pair23": {
            "mean": 108.81442284539595,
            "std": 60.305842907676116,
            "median": 118.42153621862602
          },
          "dist_pair24": {
            "mean": 134.21874506959063,
            "std": 61.929071115754226,
            "median": 145.64077155038933
          },
          "dist_pair25": {
            "mean": 160.58780875614528,
            "std": 80.02700014244101,
            "median": 173.2019595330138
          },
          "dist_pair26": {
            "mean": 129.48106807786903,
            "std": 67.17829591420131,
            "median": 130.34799002589048
          },
          "dist_pair27": {
            "mean": 163.89036236103829,
            "std": 57.37050828508732,
            "median": 167.4656032590126
          },
          "centroid_speed": {
            "mean": 244.85294881354028,
            "std": 178.29327043630607,
            "median": 205.03676110561702
          },
          "body_orientation": {
            "mean": -0.9202784070179956,
            "std": 0.6125579978459347,
            "median": -0.8443051705170187
          },
          "elongation": {
            "mean": 1.8074488389703482,
            "std": 0.776516031647531,
            "median": 1.573618382607675
          },
          "angular_velocity": {
            "mean": 0.19489666957744986,
            "std": 16.522316935807474,
            "median": 0.0014116715301482063
          },
          "movement_entropy": {
            "mean": 0.03403887752275824,
            "std": 0.007349212172071133,
            "median": 0.034846462996582395
          },
          "speed_mean_window": {
            "mean": 403.69175701132275,
            "std": 142.65903342807763,
            "median": 384.07505642561125
          },
          "speed_std_window": {
            "mean": 627.9461533299104,
            "std": 141.21962882195663,
            "median": 631.2257996553858
          },
          "speed_max_window": {
            "mean": 3047.312229753527,
            "std": 874.3145334831713,
            "median": 2858.7817664617487
          },
          "speed_p90_window": {
            "mean": 1313.8486963022563,
            "std": 409.4769664527616,
            "median": 1353.176558160114
          },
          "dist_mean_window": {
            "mean": 115.46902637012239,
            "std": 21.89036253565104,
            "median": 118.13587985229395
          },
          "dist_std_window": {
            "mean": 61.91577065309212,
            "std": 9.498534094450452,
            "median": 61.0332589948763
          },
          "angular_vel_mean_window": {
            "mean": 7.105157241233009,
            "std": 5.459007016138217,