,State_0,State_1
State_0,0.9235328986366331,0.07646710136336693
State_1,0.03483661895760194,0.9651633810423981
