{
  "behavioral_states": {
    "n_states": 2,
    "states": {
      "state_0": {
        "occurrence_rate": 0.4964302712993812,
        "total_frames": 3129,
        "total_duration_sec": 104.3,
        "n_bouts": 65,
        "mean_bout_duration_sec": 1.6046153846153848,
        "median_bout_duration_sec": 0.16666666666666666,
        "max_bout_duration_sec": 15.6,
        "feature_profile": {
          "speed_kp0": {
            "mean": 40.45521155185038,
            "std": 69.26546681295895,
            "median": 21.71267724992629
          },
          "speed_kp1": {
            "mean": 44.04506350512936,
            "std": 56.03217911866519,
            "median": 23.728464485418996
          },
          "speed_kp2": {
            "mean": 65.733993147413,
            "std": 124.6013644606805,
            "median": 30.247618999927955
          },
          "speed_kp3": {
            "mean": 22.13523594368014,
            "std": 25.905014042035813,
            "median": 12.661830001979515
          },
          "speed_kp4": {
            "mean": 66.18179708812147,
            "std": 146.18493874498878,
            "median": 14.278881765302273
          },
          "speed_kp5": {
            "mean": 86.65945481298911,
            "std": 178.6695826908712,
            "median": 19.418998541446573
          },
          "speed_kp6": {
            "mean": 77.94323771130895,
            "std": 216.19867897102992,
            "median": 8.327986012154964
          },
          "speed_kp7": {
            "mean": 111.54499238347769,
            "std": 327.5755812108876,
            "median": 3.9760859078470703
          },
          "dist_pair0": {
            "mean": 28.818876763762237,
            "std": 7.1535081149503,
            "median": 28.626610933880976
          },
          "dist_pair1": {
            "mean": 28.075235651906578,
            "std": 10.357845554489826,
            "median": 26.27955360309039
          },
          "dist_pair2": {
            "mean": 44.18811548764247,
            "std": 6.231450178055019,
            "median": 44.1406715968098
          },
          "dist_pair3": {
            "mean": 66.4540272350564,
            "std": 12.981680316009985,
            "median": 65.936735089346
          },
          "dist_pair4": {
            "mean": 74.25863944354953,
            "std": 13.669453285695488,
            "median": 74.42290344223333
          },
          "dist_pair5": {
            "mean": 95.69235953994257,
            "std": 16.94780271129369,
            "median": 93.18387358654988
          },
          "dist_pair6": {
            "mean": 112.23455198641044,
            "std": 19.413527073132386,
            "median": 116.54921046200784
          },
          "dist_pair7": {
            "mean": 22.041017582892344,
            "std": 10.514016997225168,
            "median": 20.3829102005684
          },
          "dist_pair8": {
            "mean": 43.23894420888267,
            "std": 6.042421743496796,
            "median": 44.074164003954024
          },
          "dist_pair9": {
            "mean": 71.05335545326729,
            "std": 13.65346737440206,
            "median": 75.01184063372301
          },
          "dist_pair10": {
            "mean": 70.5252777892013,
            "std": 13.635483637951637,
            "median": 69.92030960988046
          },
          "dist_pair11": {
            "mean": 94.91199171653604,
            "std": 19.08000797513514,
            "median": 91.90829411609309
          },
          "dist_pair12": {
            "mean": 113.96084704631001,
            "std": 20.76313912293018,
            "median": 123.0153875071234
          },
          "dist_pair13": {
            "mean": 58.5846493601007,
            "std": 7.994802800867256,
            "median": 57.5192442161961
          },
          "dist_pair14": {
            "mean": 82.98549833814998,
            "std": 16.072093126121096,
            "median": 83.30439341549611
          },
          "dist_pair15": {
            "mean": 87.85678690510949,
            "std": 13.1950709495943,
            "median": 87.89910300740965
          },
          "dist_pair16": {
            "mean": 110.35015411648862,
            "std": 19.202411086053754,
            "median": 105.9617684227444
          },
          "dist_pair17": {
            "mean": 126.89455734680416,
            "std": 21.311452040555462,
            "median": 135.18449550134227
          },
          "dist_pair18": {
            "mean": 35.875967665582785,
            "std": 7.364210255190781,
            "median": 36.191688129549554
          },
          "dist_pair19": {
            "mean": 38.89559645999548,
            "std": 9.16910096814968,
            "median": 37.45772187695714
          },
          "dist_pair20": {
            "mean": 59.5985525496082,
            "std": 17.96300050184299,
            "median": 52.61920885127523
          },
          "dist_pair21": {
            "mean": 83.96501119250291,
            "std": 13.822191403396062,
            "median": 83.40806608132078
          },
          "dist_pair22": {
            "mean": 47.51330915804119,
            "std": 17.81972469827743,
            "median": 53.80883658005308
          },
          "dist_pair23": {
            "mean": 51.92757371688499,
            "std": 18.79006289110934,
            "median": 49.945816857260105
          },
          "dist_pair24": {
            "mean": 71.90925051770822,
            "std": 22.59799176436479,
            "median": 70.79941640842488
          },
          "dist_pair25": {
            "mean": 40.81965261623245,
            "std": 23.65049688263831,
            "median": 40.33117439511868
          },
          "dist_pair26": {
            "mean": 67.87388700346143,
            "std": 25.01857133392516,
            "median": 62.81788100884961
          },
          "dist_pair27": {
            "mean": 45.74517917744416,
            "std": 31.3129959947277,
            "median": 38.09006445911383
          },
          "centroid_speed": {
            "mean": 41.3351597530711,
            "std": 53.74707893024502,
            "median": 21.141367030642286
          },
          "body_orientation": {
            "mean": -0.8941480254776164,
            "std": 1.0202969882005954,
            "median": -0.7855092587812014
          },
          "elongation": {
            "mean": 2.4394589718480355,
            "std": 0.929633583587964,
            "median": 2.2924664144021265
          },
          "angular_velocity": {
            "mean": 0.039528950819860555,
            "std": 9.721112007546317,
            "median": 0.002456926172105245
          },
          "movement_entropy": {
            "mean": 0.18462530875658167,
            "std": 0.25465848977720756,
            "median": 0.08385712648408333
          },
          "speed_mean_window": {
            "mean": 64.75399395694521,
            "std": 48.770673755499004,
            "median": 53.58310705825459
          },
          "speed_std_window": {
            "mean": 131.20814397290985,
            "std": 96.40260625075854,
            "median": 119.66693319624636
          },
          "speed_max_window": {
            "mean": 915.4761920853169,
            "std": 654.5021198110127,
            "median": 880.9348330830443
          },
          "speed_p90_window": {
            "mean": 149.77797867056893,
            "std": 141.36413895795604,
            "median": 100.55332237711292
          },
          "dist_mean_window": {
            "mean": 67.98823846606899,
            "std": 4.966722693350042,
            "median": 67.61971887603457
          },
          "dist_std_window": {
            "mean": 33.228162579922326,
            "std": 4.320274359789177,
            "median": 32.31210557505372
          },
          "angular_vel_mean_window": {
            "mean": 2.3558530395958615,
            "std": 3.5391945085885532,