,State_0,State_1
State_0,0.979226589964845,0.020773410035155003
State_1,0.02017018594390167,0.9798298140560984
