{
  "behavioral_states": {
    "n_states": 2,
    "states": {
      "state_0": {
        "occurrence_rate": 0.47403560830860536,
        "total_frames": 2556,
        "total_duration_sec": 85.2,
        "n_bouts": 218,
        "mean_bout_duration_sec": 0.39082568807339446,
        "median_bout_duration_sec": 0.1,
        "max_bout_duration_sec": 9.3,
        "feature_profile": {
          "speed_kp0": {
            "mean": 377.0830299899148,
            "std": 738.9142736267861,
            "median": 83.14709495898813
          },
          "speed_kp1": {
            "mean": 1091.552403425483,
            "std": 1152.006297742549,
            "median": 670.5356884832397
          },
          "speed_kp2": {
            "mean": 126.23446597003533,
            "std": 385.61002672390737,
            "median": 25.88100849602105
          },
          "speed_kp3": {
            "mean": 491.83052640047435,
            "std": 640.1904915663174,
            "median": 204.13705094229658
          },
          "speed_kp4": {
            "mean": 1079.2861659155556,
            "std": 868.6069852943368,
            "median": 899.4384304913231
          },
          "speed_kp5": {
            "mean": 943.0245599724274,
            "std": 769.256661408005,
            "median": 769.9911638373956
          },
          "speed_kp6": {
            "mean": 503.1293487996908,
            "std": 595.2058255378744,
            "median": 331.8208052183427
          },
          "speed_kp7": {
            "mean": 1913.5190595921947,
            "std": 1446.3191804035182,
            "median": 1678.3077566600714
          },
          "dist_pair0": {
            "mean": 139.9367348346415,
            "std": 95.3769229658813,
            "median": 112.63537084568281
          },
          "dist_pair1": {
            "mean": 58.37011788483418,
            "std": 46.47604941487754,
            "median": 46.6241638099651
          },
          "dist_pair2": {
            "mean": 111.8094608361358,
            "std": 63.67904319409589,
            "median": 91.6354666416977
          },
          "dist_pair3": {
            "mean": 159.55552064495495,
            "std": 67.18099934638718,
            "median": 157.98727373647822
          },
          "dist_pair4": {
            "mean": 150.41551866289106,
            "std": 61.09441182881205,
            "median": 147.34234851287863
          },
          "dist_pair5": {
            "mean": 236.05427948682473,
            "std": 39.28200577999337,
            "median": 247.9258707563381
          },
          "dist_pair6": {
            "mean": 234.1087011541541,
            "std": 63.240496721224915,
            "median": 237.16706994163718
          },
          "dist_pair7": {
            "mean": 153.83876991448156,
            "std": 105.44205664224654,
            "median": 138.77066160878832
          },
          "dist_pair8": {
            "mean": 104.78696637275681,
            "std": 68.85955718882535,
            "median": 84.74275609757524
          },
          "dist_pair9": {
            "mean": 128.08131764685052,
            "std": 66.5671358753996,
            "median": 120.77452940180373
          },
          "dist_pair10": {
            "mean": 127.37312906547672,
            "std": 62.22809105329567,
            "median": 120.15317453577231
          },
          "dist_pair11": {
            "mean": 172.12393079272763,
            "std": 66.13761379853123,
            "median": 159.98733474448179
          },
          "dist_pair12": {
            "mean": 191.67709245850492,
            "std": 76.18762991024106,
            "median": 190.70225474383727
          },
          "dist_pair13": {
            "mean": 121.10602491283733,
            "std": 63.44136289867711,
            "median": 108.46981979736502
          },
          "dist_pair14": {
            "mean": 171.70162633928393,
            "std": 68.65264152485892,
            "median": 175.23515065646194
          },
          "dist_pair15": {
            "mean": 166.71175127173584,
            "std": 61.918717921868314,
            "median": 163.60261152091465
          },
          "dist_pair16": {
            "mean": 242.73079343830867,
            "std": 30.95637048077289,
            "median": 246.24897805503258
          },
          "dist_pair17": {
            "mean": 237.41114125258076,
            "std": 64.64477474925481,
            "median": 238.29297498375644
          },
          "dist_pair18": {
            "mean": 98.55839921163854,
            "std": 61.0190386954952,
            "median": 84.44000482022383
          },
          "dist_pair19": {
            "mean": 95.35293542466684,
            "std": 53.56845824461034,
            "median": 85.4420321445
          },
          "dist_pair20": {
            "mean": 175.70537354911386,
            "std": 48.204220952529845,
            "median": 190.32176639560606
          },
          "dist_pair21": {
            "mean": 190.9708347850384,
            "std": 71.2484695048498,
            "median": 191.63528310075006
          },
          "dist_pair22": {
            "mean": 98.78213528012495,
            "std": 59.01352225829323,
            "median": 89.23667108703421
          },
          "dist_pair23": {
            "mean": 143.44822232278543,
            "std": 62.29480515521866,
            "median": 142.12471490654895
          },
          "dist_pair24": {
            "mean": 171.74712705934857,
            "std": 79.5469136792968,
            "median": 166.67501993529544
          },
          "dist_pair25": {
            "mean": 158.46865427362056,
            "std": 52.659709922415836,
            "median": 161.34847487797992
          },
          "dist_pair26": {
            "mean": 177.1251248555468,
            "std": 81.96288771412672,
            "median": 176.39713849238063
          },
          "dist_pair27": {
            "mean": 127.00324248190161,
            "std": 84.26184385380444,
            "median": 102.85367593780634
          },
          "centroid_speed": {
            "mean": 425.34914894434394,
            "std": 241.4397279105383,
            "median": 388.9766244280981
          },
          "body_orientation": {
            "mean": -1.3314030253385563,
            "std": 0.47939855117474034,
            "median": -1.4036964157175684
          },
          "elongation": {
            "mean": 2.040069850347621,
            "std": 0.7568180055422671,
            "median": 1.8561750162095199
          },
          "angular_velocity": {
            "mean": -0.3222172798531728,
            "std": 14.942367381596696,
            "median": -0.1684965529798521
          },
          "movement_entropy": {
            "mean": 0.02239222353456115,
            "std": 0.004683093700427683,
            "median": 0.022677893503909127
          },
          "speed_mean_window": {
            "mean": 810.4143931357426,
            "std": 141.22514005358914,
            "median": 805.8216088379523
          },
          "speed_std_window": {
            "mean": 1012.2597023083755,
            "std": 147.29306588599857,
            "median": 999.215938334034
          },
          "speed_max_window": {
            "mean": 5143.586259745335,
            "std": 1059.3354208356068,
            "median": 4987.754215080682
          },
          "speed_p90_window": {
            "mean": 2250.9097047552996,
            "std": 369.85769790721827,
            "median": 2247.8985603408
          },
          "dist_mean_window": {
            "mean": 153.58612212509715,
            "std": 11.858431145872775,
            "median": 151.71690729907465
          },
          "dist_std_window": {
            "mean": 79.86896146037567,
            "std": 4.955621450820985,
            "median": 79.76654507410304
          },
          "angular_vel_mean_window": {
            "mean": 8.363271769673032,
            "std": 3.624937017237334,