state,occurrence_rate,total_duration_sec,n_bouts,mean_bout_duration_sec
state_0,0.47403560830860536,85.2,218,0.39082568807339446
state_1,0.5259643916913946,94.53333333333333,217,0.4356374807987711
