,State_0,State_1
State_0,0.915068493150685,0.08493150684931507
State_1,0.07651622002820875,0.9234837799717912
