{
  "behavioral_states": {
    "n_states": 2,
    "states": {
      "state_0": {
        "occurrence_rate": 0.44075653625069533,
        "total_frames": 2377,
        "total_duration_sec": 79.23333333333333,
        "n_bouts": 120,
        "mean_bout_duration_sec": 0.6602777777777777,
        "median_bout_duration_sec": 0.2,
        "max_bout_duration_sec": 5.233333333333333,
        "feature_profile": {
          "speed_kp0": {
            "mean": 124.84589405329942,
            "std": 100.84638743920262,
            "median": 104.07728114433043
          },
          "speed_kp1": {
            "mean": 136.0989814246588,
            "std": 108.6271967132022,
            "median": 114.52259200570896
          },
          "speed_kp2": {
            "mean": 153.67641423582134,
            "std": 116.98535133431064,
            "median": 132.47140379305415
          },
          "speed_kp3": {
            "mean": 100.09141851200746,
            "std": 87.15275178336366,
            "median": 76.19031979455362
          },
          "speed_kp4": {
            "mean": 92.74553790271322,
            "std": 99.13056472801775,
            "median": 55.44828582729779
          },
          "speed_kp5": {
            "mean": 81.05023871519035,
            "std": 89.45259721035629,
            "median": 50.407732441176265
          },
          "speed_kp6": {
            "mean": 90.6497188525918,
            "std": 83.68703550093849,
            "median": 62.44302156224382
          },
          "speed_kp7": {
            "mean": 378.0734985299933,
            "std": 676.4806390120108,
            "median": 84.9817761498561
          },
          "dist_pair0": {
            "mean": 30.42351684888376,
            "std": 6.299255119632563,
            "median": 31.01127964957713
          },
          "dist_pair1": {
            "mean": 38.78780697741009,
            "std": 10.433238180486038,
            "median": 36.483802958749685
          },
          "dist_pair2": {
            "mean": 35.190958336718424,
            "std": 5.065626198992227,
            "median": 34.61954155495166
          },
          "dist_pair3": {
            "mean": 69.37139089706889,
            "std": 10.674636576573429,
            "median": 68.49884573600715
          },
          "dist_pair4": {
            "mean": 79.88179759678215,
            "std": 8.595498458724284,
            "median": 79.29438024767194
          },
          "dist_pair5": {
            "mean": 103.98456748726942,
            "std": 10.832253264532005,
            "median": 103.5649895450265
          },
          "dist_pair6": {
            "mean": 193.13244502429367,
            "std": 35.607902987211425,
            "median": 199.40549606889695
          },
          "dist_pair7": {
            "mean": 37.96404093904037,
            "std": 11.329287221505995,
            "median": 35.13948636532085
          },
          "dist_pair8": {
            "mean": 36.59652558312501,
            "std": 5.37689699786354,
            "median": 36.201698659921064
          },
          "dist_pair9": {
            "mean": 80.31173318319125,
            "std": 7.875122285887413,
            "median": 79.73992959501207
          },
          "dist_pair10": {
            "mean": 69.5549971666887,
            "std": 11.983305877139582,
            "median": 69.03923628971818
          },
          "dist_pair11": {
            "mean": 104.03662297190647,
            "std": 11.170745609750837,
            "median": 104.86023594823102
          },
          "dist_pair12": {
            "mean": 189.50602419727167,
            "std": 39.64656601836685,
            "median": 193.5029461006325
          },
          "dist_pair13": {
            "mean": 66.70539408402166,
            "std": 11.809621106560305,
            "median": 64.02673280588581
          },
          "dist_pair14": {
            "mean": 105.74168952751101,
            "std": 12.196444180943017,
            "median": 105.06803188793474
          },
          "dist_pair15": {
            "mean": 105.24737301710572,
            "std": 13.153994834798834,
            "median": 105.82874631277879
          },
          "dist_pair16": {
            "mean": 136.03599335195318,
            "std": 11.96278308970844,
            "median": 135.96023827854063
          },
          "dist_pair17": {
            "mean": 215.72270195254274,
            "std": 46.136604947152264,
            "median": 220.33332628567578
          },
          "dist_pair18": {
            "mean": 44.93775206555281,
            "std": 6.015409010360643,
            "median": 45.02566106118621
          },
          "dist_pair19": {
            "mean": 46.19246551203745,
            "std": 6.8998315479873265,
            "median": 46.05242307845494
          },
          "dist_pair20": {
            "mean": 71.63311645269228,
            "std": 8.239119291378719,
            "median": 72.40905895956782
          },
          "dist_pair21": {
            "mean": 169.90278026948926,
            "std": 30.981722935350998,
            "median": 173.92537848600278
          },
          "dist_pair22": {
            "mean": 54.05342220749195,
            "std": 4.305967295121916,
            "median": 53.87051087437265
          },
          "dist_pair23": {
            "mean": 44.91021368340485,
            "std": 5.473441710355709,
            "median": 45.28612502636183
          },
          "dist_pair24": {
            "mean": 153.42565222589155,
            "std": 31.35632213982685,
            "median": 158.1719744824406
          },
          "dist_pair25": {
            "mean": 44.26873902618458,
            "std": 4.965531522890885,
            "median": 44.462455751530605
          },
          "dist_pair26": {
            "mean": 142.99967507167042,
            "std": 38.97827578694541,
            "median": 145.3928558971026
          },
          "dist_pair27": {
            "mean": 126.98542105191433,
            "std": 34.304787177254504,
            "median": 125.69304196575736
          },
          "centroid_speed": {
            "mean": 101.17693197233355,
            "std": 92.54753789862048,
            "median": 76.65664818015124
          },
          "body_orientation": {
            "mean": -0.8311427564299936,
            "std": 0.7988708600174149,
            "median": -0.9303130502115148
          },
          "elongation": {
            "mean": 2.754680606477547,
            "std": 1.0267913121621548,
            "median": 2.557811670319021
          },
          "angular_velocity": {
            "mean": -0.24880692660006748,
            "std": 12.61111475882476,
            "median": 0.06412066753936352
          },
          "movement_entropy": {
            "mean": 0.1136436988527645,
            "std": 0.12632323635639042,
            "median": 0.06261172008682978
          },
          "speed_mean_window": {
            "mean": 144.4181252072804,
            "std": 71.43045038745622,
            "median": 138.3881071362184
          },
          "speed_std_window": {
            "mean": 226.5771776567898,
            "std": 174.03112031646017,
            "median": 160.1779703389817
          },
          "speed_max_window": {
            "mean": 1677.831621455353,
            "std": 1266.4128781607321,
            "median": 1381.7529229469449
          },
          "speed_p90_window": {
            "mean": 258.10357951353404,
            "std": 118.47832546875712,
            "median": 260.3396976885242
          },
          "dist_mean_window": {
            "mean": 90.07500525710758,
            "std": 7.807414477725703,
            "median": 90.19561627538934
          },
          "dist_std_window": {
            "mean": 54.26340451635157,
            "std": 8.934989106691587,
            "median": 54.53176161105719
          },
          "angular_vel_mean_window": {
            "mean": 4.394532964492841,
            "std": 5.01281015355119,