,State_0,State_1
State_0,0.9495161968868321,0.05048380311316786
State_1,0.03946932006633499,0.960530679933665
