{
  "behavioral_states": {
    "n_states": 2,
    "states": {
      "state_0": {
        "occurrence_rate": 0.8354490637892732,
        "total_frames": 5265,
        "total_duration_sec": 175.5,
        "n_bouts": 82,
        "mean_bout_duration_sec": 2.1402439024390243,
        "median_bout_duration_sec": 0.26666666666666666,
        "max_bout_duration_sec": 52.36666666666667,
        "feature_profile": {
          "speed_kp0": {
            "mean": 32.49916542184896,
            "std": 74.5034937373729,
            "median": 15.212664759385204
          },
          "speed_kp1": {
            "mean": 37.31203923285213,
            "std": 54.91920767691863,
            "median": 17.8841894341854
          },
          "speed_kp2": {
            "mean": 96.29190413802644,
            "std": 310.8903059649145,
            "median": 17.145133012329275
          },
          "speed_kp3": {
            "mean": 23.732683404818562,
            "std": 36.54737693161136,
            "median": 15.375347107102208
          },
          "speed_kp4": {
            "mean": 132.65494506288152,
            "std": 511.1056008380609,
            "median": 12.10598431641868
          },
          "speed_kp5": {
            "mean": 259.0215167712746,
            "std": 454.87250472015705,
            "median": 31.205797890600365
          },
          "speed_kp6": {
            "mean": 110.74531833403091,
            "std": 211.17649064567735,
            "median": 24.42941890909216
          },
          "speed_kp7": {
            "mean": 209.21286279166827,
            "std": 432.59148500814075,
            "median": 24.30606996369995
          },
          "dist_pair0": {
            "mean": 24.148118067741365,
            "std": 7.330794630182122,
            "median": 23.352714793258347
          },
          "dist_pair1": {
            "mean": 30.217214728757707,
            "std": 18.082435503308428,
            "median": 25.579241795882233
          },
          "dist_pair2": {
            "mean": 42.78672079060843,
            "std": 5.092514736990396,
            "median": 42.38386339471698
          },
          "dist_pair3": {
            "mean": 49.25977460778206,
            "std": 14.494327054486051,
            "median": 48.11845859684199
          },
          "dist_pair4": {
            "mean": 70.35868337679291,
            "std": 36.94279079352095,
            "median": 56.975479906289806
          },
          "dist_pair5": {
            "mean": 82.02658205074108,
            "std": 13.936791082512174,
            "median": 85.0396341566789
          },
          "dist_pair6": {
            "mean": 126.4369975039831,
            "std": 23.777704866260105,
            "median": 130.53818499746797
          },
          "dist_pair7": {
            "mean": 28.574497739451438,
            "std": 14.765882883099126,
            "median": 27.883088420292058
          },
          "dist_pair8": {
            "mean": 44.56571407504987,
            "std": 5.841041778155839,
            "median": 45.15641072788182
          },
          "dist_pair9": {
            "mean": 62.40710421265705,
            "std": 9.095762167867658,
            "median": 64.1154899129613
          },
          "dist_pair10": {
            "mean": 83.77088302027194,
            "std": 38.0799096380523,
            "median": 68.58931100758
          },
          "dist_pair11": {
            "mean": 86.47512245872234,
            "std": 13.141018970745858,
            "median": 89.30891579612342
          },
          "dist_pair12": {
            "mean": 137.81462328058092,
            "std": 23.267341924884356,
            "median": 139.622998994996
          },
          "dist_pair13": {
            "mean": 65.60954598774462,
            "std": 12.659507767956065,
            "median": 64.61452328079996
          },
          "dist_pair14": {
            "mean": 73.043556304679,
            "std": 14.077566076608418,
            "median": 71.37304180131673
          },
          "dist_pair15": {
            "mean": 94.10194925512755,
            "std": 39.05488494112594,
            "median": 78.10266126046415
          },
          "dist_pair16": {
            "mean": 104.84119287866021,
            "std": 17.773852732823066,
            "median": 108.24477824060527
          },
          "dist_pair17": {
            "mean": 145.02787613417382,
            "std": 28.185197578777103,
            "median": 149.9441276709825
          },
          "dist_pair18": {
            "mean": 36.11403974321137,
            "std": 11.115095516008008,
            "median": 35.1079321885496
          },
          "dist_pair19": {
            "mean": 56.53771728743768,
            "std": 34.47900287921612,
            "median": 39.06234613100472
          },
          "dist_pair20": {
            "mean": 45.03224322658798,
            "std": 7.296733570823761,
            "median": 45.27685024116935
          },
          "dist_pair21": {
            "mean": 105.46505032003566,
            "std": 18.11926949873879,
            "median": 105.14835967653062
          },
          "dist_pair22": {
            "mean": 39.603738085227654,
            "std": 39.22287880633979,
            "median": 28.876578749764178
          },
          "dist_pair23": {
            "mean": 51.99862846389074,
            "std": 18.72197058998727,
            "median": 51.790168985683266
          },
          "dist_pair24": {
            "mean": 90.05936298936918,
            "std": 21.44194639296923,
            "median": 85.00050326588736
          },
          "dist_pair25": {
            "mean": 63.57183135499055,
            "std": 27.81976405084201,
            "median": 53.42532334910933
          },
          "dist_pair26": {
            "mean": 73.5310098850242,
            "std": 42.976418786228734,
            "median": 81.81995520964347
          },
          "dist_pair27": {
            "mean": 79.19803232196558,
            "std": 28.280079967060466,
            "median": 72.70639713467492
          },
          "centroid_speed": {
            "mean": 76.18885851663154,
            "std": 93.55742801615307,
            "median": 41.2699540567308
          },
          "body_orientation": {
            "mean": 0.0009627126930510828,
            "std": 0.6225038758986718,
            "median": 0.007141841356349398
          },
          "elongation": {
            "mean": 2.7085130967025735,
            "std": 0.8646032020563397,
            "median": 2.835944200496039
          },
          "angular_velocity": {
            "mean": 0.12253152476072235,
            "std": 13.597425776058804,
            "median": 0.007106122293871753
          },
          "movement_entropy": {
            "mean": 0.09057282748794639,
            "std": 0.10503233726871929,
            "median": 0.054192900664706466
          },
          "speed_mean_window": {
            "mean": 115.34276074808328,
            "std": 84.14613888927964,
            "median": 93.15386886422185
          },
          "speed_std_window": {
            "mean": 266.86283570379436,
            "std": 188.9897675113185,
            "median": 231.16812805102478
          },
          "speed_max_window": {
            "mean": 1750.0120649777587,
            "std": 1170.5894322003892,
            "median": 1555.5041151980954
          },
          "speed_p90_window": {
            "mean": 310.8165770653555,
            "std": 284.6807362571594,
            "median": 218.4191693459106
          },
          "dist_mean_window": {
            "mean": 72.1567431699617,
            "std": 8.270922542684275,
            "median": 70.14801007936562
          },
          "dist_std_window": {
            "mean": 40.11430860325472,
            "std": 6.900518709941047,
            "median": 37.69474631868606
          },
          "angular_vel_mean_window": {
            "mean": 4.117945987971225,
            "std": 6.008813605358756,