state,occurrence_rate,total_duration_sec,n_bouts,mean_bout_duration_sec
state_0,0.8354490637892732,175.5,82,2.1402439024390243
state_1,0.16455093621072675,34.56666666666667,83,0.4164658634538153
