,State_0,State_1
State_0,0.9844254510921178,0.01557454890788224
State_1,0.07915057915057915,0.9208494208494209
