{
  "behavioral_states": {
    "n_states": 2,
    "states": {
      "state_0": {
        "occurrence_rate": 0.8080279232111692,
        "total_frames": 5093,
        "total_duration_sec": 169.76666666666668,
        "n_bouts": 53,
        "mean_bout_duration_sec": 3.2031446540880504,
        "median_bout_duration_sec": 0.23333333333333334,
        "max_bout_duration_sec": 79.93333333333334,
        "feature_profile": {
          "speed_kp0": {
            "mean": 27.873998947380898,
            "std": 55.20217772343592,
            "median": 14.065505225908367
          },
          "speed_kp1": {
            "mean": 37.33710311641916,
            "std": 81.09979840392104,
            "median": 17.095990635350482
          },
          "speed_kp2": {
            "mean": 65.27754792521564,
            "std": 111.2665603229318,
            "median": 26.433153275683082
          },
          "speed_kp3": {
            "mean": 17.069536090118113,
            "std": 35.690632274471504,
            "median": 10.592665005717029
          },
          "speed_kp4": {
            "mean": 14.07579751787832,
            "std": 36.3271328451154,
            "median": 5.972843476659957
          },
          "speed_kp5": {
            "mean": 26.720949806729273,
            "std": 54.90897661408392,
            "median": 14.066985277045784
          },
          "speed_kp6": {
            "mean": 8.671920079506636,
            "std": 26.44334805590201,
            "median": 3.6875699853160855
          },
          "speed_kp7": {
            "mean": 37.95517871750881,
            "std": 234.0085566819587,
            "median": 1.5614007619643122
          },
          "dist_pair0": {
            "mean": 34.97727054185421,
            "std": 3.1877951154491404,
            "median": 35.3223252506872
          },
          "dist_pair1": {
            "mean": 28.160290915905932,
            "std": 6.853469975958554,
            "median": 27.706409718020687
          },
          "dist_pair2": {
            "mean": 31.091320026747567,
            "std": 3.759792413417576,
            "median": 30.43196222360869
          },
          "dist_pair3": {
            "mean": 56.124047730774265,
            "std": 9.584073704631308,
            "median": 55.62773219769059
          },
          "dist_pair4": {
            "mean": 72.29391991293198,
            "std": 7.468164220030038,
            "median": 70.04854283522067
          },
          "dist_pair5": {
            "mean": 89.83382670998249,
            "std": 10.227758027861725,
            "median": 89.47934440128405
          },
          "dist_pair6": {
            "mean": 122.86530466156084,
            "std": 14.200807189199056,
            "median": 124.5856370159974
          },
          "dist_pair7": {
            "mean": 33.41342259124963,
            "std": 10.71929411546029,
            "median": 35.93487733909134
          },
          "dist_pair8": {
            "mean": 38.26846626366062,
            "std": 5.162666372608425,
            "median": 37.26245830390444
          },
          "dist_pair9": {
            "mean": 80.58364489590167,
            "std": 6.22794158847638,
            "median": 80.36432870825564
          },
          "dist_pair10": {
            "mean": 66.25994712713273,
            "std": 12.083448133347835,
            "median": 63.58972547446525
          },
          "dist_pair11": {
            "mean": 103.3842461291674,
            "std": 9.280927712611001,
            "median": 103.13359799934892
          },
          "dist_pair12": {
            "mean": 131.36576151149714,
            "std": 19.410691621456532,
            "median": 134.5272363255248
          },
          "dist_pair13": {
            "mean": 52.82074135042882,
            "std": 6.354573719879788,
            "median": 53.31397734522493
          },
          "dist_pair14": {
            "mean": 80.63813394870765,
            "std": 12.396428673656926,
            "median": 80.08322753152531
          },
          "dist_pair15": {
            "mean": 90.09693557640469,
            "std": 10.483305561861684,
            "median": 89.83172848591569
          },
          "dist_pair16": {
            "mean": 113.61671716472557,
            "std": 11.822785186299468,
            "median": 113.36244435514634
          },
          "dist_pair17": {
            "mean": 143.7664776252937,
            "std": 21.35680509741268,
            "median": 149.34871975482375
          },
          "dist_pair18": {
            "mean": 47.06335283315209,
            "std": 3.2748525280390153,
            "median": 47.37602243175018
          },
          "dist_pair19": {
            "mean": 42.16050042272119,
            "std": 5.382169131299284,
            "median": 40.51967426104951
          },
          "dist_pair20": {
            "mean": 67.79243750550748,
            "std": 4.942251323735714,
            "median": 67.32907303449547
          },
          "dist_pair21": {
            "mean": 99.83314734671814,
            "std": 12.310158304832497,
            "median": 100.32484829726262
          },
          "dist_pair22": {
            "mean": 67.03269639523326,
            "std": 4.973315319991624,
            "median": 67.87406526435244
          },
          "dist_pair23": {
            "mean": 44.14120953947059,
            "std": 7.747805938665128,
            "median": 44.68030998486137
          },
          "dist_pair24": {
            "mean": 83.2142718929321,
            "std": 13.507512485885783,
            "median": 84.27903483665858
          },
          "dist_pair25": {
            "mean": 57.46639339673983,
            "std": 10.051907177557826,
            "median": 58.9756082330993
          },
          "dist_pair26": {
            "mean": 80.71677763568181,
            "std": 21.390929138835926,
            "median": 78.98333632650063
          },
          "dist_pair27": {
            "mean": 46.13220893040871,
            "std": 19.435687943595838,
            "median": 42.14049542068628
          },
          "centroid_speed": {
            "mean": 19.37300051224473,
            "std": 43.89202490385674,
            "median": 8.179121436449105
          },
          "body_orientation": {
            "mean": -1.1069658138297822,
            "std": 1.179808155797249,
            "median": -1.7475304163179748
          },
          "elongation": {
            "mean": 2.2625961953960574,
            "std": 0.3653119958571012,
            "median": 2.3364800596063335
          },
          "angular_velocity": {
            "mean": -0.022439005071318303,
            "std": 8.942806158353799,
            "median": -0.008256601435705502
          },
          "movement_entropy": {
            "mean": 0.4823904418776531,
            "std": 0.4734602769519559,
            "median": 0.2976122555921301
          },
          "speed_mean_window": {
            "mean": 30.585377297802076,
            "std": 43.0068978584762,
            "median": 22.39690305274548
          },
          "speed_std_window": {
            "mean": 57.022774819089975,
            "std": 87.27976803071014,
            "median": 31.512672159323117
          },
          "speed_max_window": {
            "mean": 429.98155827079313,
            "std": 644.491802613117,
            "median": 203.71789782844732
          },
          "speed_p90_window": {
            "mean": 64.53195300185328,
            "std": 84.80040923781701,
            "median": 48.893707253388236
          },
          "dist_mean_window": {
            "mean": 72.41112082507352,
            "std": 4.772370686038605,
            "median": 71.67509044812441
          },
          "dist_std_window": {
            "mean": 33.97703583187443,
            "std": 5.270365478162223,
            "median": 33.014608076600126
          },
          "angular_vel_mean_window": {
            "mean": 1.3743141753415782,
            "std": 3.068690711758081,