state,occurrence_rate,total_duration_sec,n_bouts,mean_bout_duration_sec
state_0,0.8080279232111692,169.76666666666668,53,3.2031446540880504
state_1,0.19197207678883071,40.333333333333336,53,0.761006289308176
