,State_0,State_1
State_0,0.9897879025923016,0.01021209740769835
State_1,0.043801652892561986,0.956198347107438
