{
  "behavioral_states": {
    "n_states": 2,
    "states": {
      "state_0": {
        "occurrence_rate": 0.6277128547579299,
        "total_frames": 3384,
        "total_duration_sec": 112.8,
        "n_bouts": 116,
        "mean_bout_duration_sec": 0.9724137931034483,
        "median_bout_duration_sec": 0.08333333333333333,
        "max_bout_duration_sec": 27.0,
        "feature_profile": {
          "speed_kp0": {
            "mean": 758.6532764532537,
            "std": 751.363485489472,
            "median": 551.4146739975338
          },
          "speed_kp1": {
            "mean": 710.5449010529943,
            "std": 792.7485213674485,
            "median": 330.0989943135764
          },
          "speed_kp2": {
            "mean": 881.6135836482476,
            "std": 901.8232702659528,
            "median": 614.6899058212321
          },
          "speed_kp3": {
            "mean": 384.1747717906506,
            "std": 607.723370689407,
            "median": 113.11528057136671
          },
          "speed_kp4": {
            "mean": 191.69006498435806,
            "std": 409.91229619069577,
            "median": 12.465900528828682
          },
          "speed_kp5": {
            "mean": 268.60402187965775,
            "std": 322.86296733291135,
            "median": 168.13043451588976
          },
          "speed_kp6": {
            "mean": 270.40427526950856,
            "std": 280.29869658468164,
            "median": 205.7559636007872
          },
          "speed_kp7": {
            "mean": 382.42629886376017,
            "std": 657.0495481603236,
            "median": 60.67906980873872
          },
          "dist_pair0": {
            "mean": 95.7360535354187,
            "std": 76.1652060132518,
            "median": 78.32073991359456
          },
          "dist_pair1": {
            "mean": 90.48493269313025,
            "std": 64.71385557800646,
            "median": 79.06838086374964
          },
          "dist_pair2": {
            "mean": 139.98826231293737,
            "std": 62.25913152212426,
            "median": 150.721707334619
          },
          "dist_pair3": {
            "mean": 167.91362910960154,
            "std": 35.72795921829589,
            "median": 172.18282524264788
          },
          "dist_pair4": {
            "mean": 194.11637335936203,
            "std": 54.02140066716737,
            "median": 206.65149664278158
          },
          "dist_pair5": {
            "mean": 130.16437605164506,
            "std": 57.6291689482867,
            "median": 123.38050484874707
          },
          "dist_pair6": {
            "mean": 136.16509103147703,
            "std": 62.43531596198861,
            "median": 124.04305445133578
          },
          "dist_pair7": {
            "mean": 112.75042896141008,
            "std": 73.1764788657998,
            "median": 106.230091682635
          },
          "dist_pair8": {
            "mean": 120.09364128058274,
            "std": 70.14009497701697,
            "median": 141.48243179740658
          },
          "dist_pair9": {
            "mean": 185.7604466780035,
            "std": 33.94364335231583,
            "median": 191.2410931048042
          },
          "dist_pair10": {
            "mean": 149.1640816206484,
            "std": 41.16121528813121,
            "median": 138.97374118771913
          },
          "dist_pair11": {
            "mean": 181.35865346834393,
            "std": 52.0064998500961,
            "median": 181.8233704188124
          },
          "dist_pair12": {
            "mean": 100.00245074489615,
            "std": 49.45656783431049,
            "median": 86.25902433612558
          },
          "dist_pair13": {
            "mean": 131.98491905910424,
            "std": 66.0532182306464,
            "median": 120.23344463417321
          },
          "dist_pair14": {
            "mean": 143.40564447717782,
            "std": 47.27147014120297,
            "median": 132.8282408522888
          },
          "dist_pair15": {
            "mean": 205.4935587267246,
            "std": 64.42993671829419,
            "median": 204.96985317915983
          },
          "dist_pair16": {
            "mean": 116.66554284108602,
            "std": 78.10290946705034,
            "median": 94.76524964119676
          },
          "dist_pair17": {
            "mean": 137.27449130862513,
            "std": 57.791301935206185,
            "median": 138.79299382504567
          },
          "dist_pair18": {
            "mean": 93.29728043883478,
            "std": 87.89895030233738,
            "median": 49.61351330397904
          },
          "dist_pair19": {
            "mean": 213.90346909598202,
            "std": 78.39384310450238,
            "median": 242.32165691679648
          },
          "dist_pair20": {
            "mean": 129.03638651407277,
            "std": 79.88629585181958,
            "median": 92.89671708689916
          },
          "dist_pair21": {
            "mean": 134.86991093733374,
            "std": 54.965486552772866,
            "median": 143.10178386564465
          },
          "dist_pair22": {
            "mean": 285.8418457251222,
            "std": 30.831033959304943,
            "median": 293.8062583952816
          },
          "dist_pair23": {
            "mean": 78.74660948258861,
            "std": 28.153827975990172,
            "median": 77.57459278213142
          },
          "dist_pair24": {
            "mean": 170.0123405997186,
            "std": 37.01172688286187,
            "median": 162.07885078888637
          },
          "dist_pair25": {
            "mean": 276.81535397542626,
            "std": 28.625211869970432,
            "median": 284.56751024350694
          },
          "dist_pair26": {
            "mean": 167.02231802315237,
            "std": 34.874352633722026,
            "median": 171.60695468949518
          },
          "dist_pair27": {
            "mean": 179.13753122236332,
            "std": 30.42827281901754,
            "median": 182.83633669679142
          },
          "centroid_speed": {
            "mean": 269.95452591321805,
            "std": 180.36350941803533,
            "median": 233.68028611251307
          },
          "body_orientation": {
            "mean": -0.678773409590098,
            "std": 0.2759287921314368,
            "median": -0.7077544214345878
          },
          "elongation": {
            "mean": 1.8582829833531838,
            "std": 0.41178573061873286,
            "median": 1.805473457838475
          },
          "angular_velocity": {
            "mean": 0.04449171075222692,
            "std": 4.473310510876875,
            "median": 0.0360491672057095
          },
          "movement_entropy": {
            "mean": 0.03298701856014166,
            "std": 0.004523539774443461,
            "median": 0.03205233102600315
          },
          "speed_mean_window": {
            "mean": 491.33753760651496,
            "std": 128.26536052721386,
            "median": 487.29817933885397
          },
          "speed_std_window": {
            "mean": 664.8099010758539,
            "std": 119.99341960021715,
            "median": 664.8064087551819
          },
          "speed_max_window": {
            "mean": 3175.22056587181,
            "std": 439.68464327032837,
            "median": 3239.6342225499106
          },
          "speed_p90_window": {
            "mean": 1467.0174813782862,
            "std": 366.3980582903094,
            "median": 1458.8018963505046
          },
          "dist_mean_window": {
            "mean": 150.7390538533602,
            "std": 11.596889453898767,
            "median": 152.96315328314574
          },
          "dist_std_window": {
            "mean": 75.33493324104124,
            "std": 5.037971329582461,
            "median": 75.68369217604572
          },
          "angular_vel_mean_window": {
            "mean": 3.250875912120065,
            "std": 1.5879161916083022,