state,occurrence_rate,total_duration_sec,n_bouts,mean_bout_duration_sec
state_0,0.6277128547579299,112.8,116,0.9724137931034483
state_1,0.3722871452420701,66.9,117,0.5717948717948718
