,State_0,State_1
State_0,0.9657210401891253,0.034278959810874705
State_1,0.05782652043868395,0.942173479561316
