{
  "behavioral_states": {
    "n_states": 2,
    "states": {
      "state_0": {
        "occurrence_rate": 0.293026706231454,
        "total_frames": 1580,
        "total_duration_sec": 52.666666666666664,
        "n_bouts": 84,
        "mean_bout_duration_sec": 0.626984126984127,
        "median_bout_duration_sec": 0.1,
        "max_bout_duration_sec": 18.166666666666668,
        "feature_profile": {
          "speed_kp0": {
            "mean": 305.0387747275541,
            "std": 523.1298945837257,
            "median": 62.774259442452546
          },
          "speed_kp1": {
            "mean": 264.8801837356071,
            "std": 550.0216700105311,
            "median": 14.811599053132102
          },
          "speed_kp2": {
            "mean": 311.21195177879724,
            "std": 538.5274406990234,
            "median": 60.051768845266395
          },
          "speed_kp3": {
            "mean": 313.0292664813789,
            "std": 502.561714508184,
            "median": 43.07169176697518
          },
          "speed_kp4": {
            "mean": 107.29585243076195,
            "std": 229.3924177280306,
            "median": 23.328918753160053
          },
          "speed_kp5": {
            "mean": 102.05586807824899,
            "std": 216.53455231518913,
            "median": 26.97550503291654
          },
          "speed_kp6": {
            "mean": 110.0226618350733,
            "std": 362.71476167920673,
            "median": 13.18007636451306
          },
          "speed_kp7": {
            "mean": 388.1286463424184,
            "std": 681.0012655181139,
            "median": 26.031469117297647
          },
          "dist_pair0": {
            "mean": 101.10118506322634,
            "std": 52.82978324554314,
            "median": 110.2994535900271
          },
          "dist_pair1": {
            "mean": 96.33824913571198,
            "std": 60.778436557258324,
            "median": 89.52999031327352
          },
          "dist_pair2": {
            "mean": 59.48250002539222,
            "std": 36.95210468890608,
            "median": 42.523120103006114
          },
          "dist_pair3": {
            "mean": 69.62660098826635,
            "std": 33.22838029141687,
            "median": 59.1350848562097
          },
          "dist_pair4": {
            "mean": 94.57017084363055,
            "std": 28.36533691962501,
            "median": 86.15064210253337
          },
          "dist_pair5": {
            "mean": 100.39320986064085,
            "std": 33.28776965076907,
            "median": 93.9266275886872
          },
          "dist_pair6": {
            "mean": 106.7913922680745,
            "std": 44.01269700983489,
            "median": 108.27595580685673
          },
          "dist_pair7": {
            "mean": 70.079933798009,
            "std": 57.52881148480336,
            "median": 36.40304982665023
          },
          "dist_pair8": {
            "mean": 77.27314348713706,
            "std": 50.269800574268565,
            "median": 60.12555663663544
          },
          "dist_pair9": {
            "mean": 139.80103542155385,
            "std": 42.475906396289815,
            "median": 138.34135959378239
          },
          "dist_pair10": {
            "mean": 138.2412319378702,
            "std": 40.68914331353118,
            "median": 143.2854181579423
          },
          "dist_pair11": {
            "mean": 159.28661373199395,
            "std": 34.9018029032943,
            "median": 163.67530477956382
          },
          "dist_pair12": {
            "mean": 127.23818260372238,
            "std": 48.13539457943208,
            "median": 131.35049605961262
          },
          "dist_pair13": {
            "mean": 88.51388595620733,
            "std": 50.47145809347274,
            "median": 75.5649054495897
          },
          "dist_pair14": {
            "mean": 147.03239385459852,
            "std": 49.11362275365804,
            "median": 142.10854016670282
          },
          "dist_pair15": {
            "mean": 146.66879184932583,
            "std": 40.21725907837158,
            "median": 154.0024684695079
          },
          "dist_pair16": {
            "mean": 167.4720037772523,
            "std": 45.61870862309245,
            "median": 175.64665135704507
          },
          "dist_pair17": {
            "mean": 134.70605179119136,
            "std": 54.65094038794296,
            "median": 132.21829509098535
          },
          "dist_pair18": {
            "mean": 83.08273392629077,
            "std": 50.89859669585273,
            "median": 54.91917663981696
          },
          "dist_pair19": {
            "mean": 89.02889377027654,
            "std": 46.795811551427654,
            "median": 66.71356460651114
          },
          "dist_pair20": {
            "mean": 106.03041041466926,
            "std": 48.52545330823973,
            "median": 82.33153063165972
          },
          "dist_pair21": {
            "mean": 111.80486506216242,
            "std": 42.00603561740938,
            "median": 113.01357374851546
          },
          "dist_pair22": {
            "mean": 64.76754584056492,
            "std": 15.071216195311193,
            "median": 67.41930742743
          },
          "dist_pair23": {
            "mean": 44.429405723461755,
            "std": 24.000201254781174,
            "median": 41.664494355589255
          },
          "dist_pair24": {
            "mean": 95.78854000198984,
            "std": 52.384934250921106,
            "median": 94.51422326200786
          },
          "dist_pair25": {
            "mean": 60.76105420447262,
            "std": 23.023194848190112,
            "median": 58.90372241974869
          },
          "dist_pair26": {
            "mean": 114.86887800570348,
            "std": 35.07569705804358,
            "median": 117.83491757645237
          },
          "dist_pair27": {
            "mean": 98.82982710419486,
            "std": 49.93727693713106,
            "median": 95.02089663827392
          },
          "centroid_speed": {
            "mean": 158.63536747560008,
            "std": 135.7020519460127,
            "median": 125.89734621426123
          },
          "body_orientation": {
            "mean": -1.3835843194491,
            "std": 0.5458669431076045,
            "median": -1.4476453866155716
          },
          "elongation": {
            "mean": 2.324983725607118,
            "std": 0.9713622518768908,
            "median": 2.0875537685574725
          },
          "angular_velocity": {
            "mean": -0.8721649907052988,
            "std": 15.380387006032002,
            "median": 0.0052229710717721645
          },
          "movement_entropy": {
            "mean": 0.04204344410332378,
            "std": 0.012600358927158392,
            "median": 0.04067667697907363
          },
          "speed_mean_window": {
            "mean": 219.5983128408614,
            "std": 97.31451618441464,
            "median": 220.93490187496138
          },
          "speed_std_window": {
            "mean": 429.3870370586994,
            "std": 147.59190662361652,
            "median": 428.32638876162014
          },
          "speed_max_window": {
            "mean": 2346.5097366488185,
            "std": 809.5984958641085,
            "median": 2252.539197524321
          },
          "speed_p90_window": {
            "mean": 731.5250762392559,
            "std": 385.2996532187155,
            "median": 734.7637390134411
          },
          "dist_mean_window": {
            "mean": 99.50795622725586,
            "std": 11.504218726424824,
            "median": 100.30624364531576
          },
          "dist_std_window": {
            "mean": 51.42372660043665,
            "std": 8.81535112657261,
            "median": 51.09042781026157
          },
          "angular_vel_mean_window": {
            "mean": 5.104929537496052,
            "std": 5.7726386385049775,