state,occurrence_rate,total_duration_sec,n_bouts,mean_bout_duration_sec
state_0,0.293026706231454,52.666666666666664,84,0.626984126984127
state_1,0.706973293768546,127.06666666666666,84,1.5126984126984127
