,State_0,State_1
State_0,0.94743508549715,0.052564914502849905
State_1,0.022035676810073453,0.9779643231899265
