,State_0,State_1,State_2
State_0,0.9768654284783317,0.02215705441511893,0.0009775171065493646
State_1,0.07424071991001124,0.8852643419572553,0.04049493813273341
State_2,0.002134016218523261,0.014511310285958173,0.9833546734955185
