{
  "behavioral_states": {
    "n_states": 2,
    "states": {
      "state_0": {
        "occurrence_rate": 0.9039834946833836,
        "total_frames": 5696,
        "total_duration_sec": 189.86666666666667,
        "n_bouts": 10,
        "mean_bout_duration_sec": 18.986666666666668,
        "median_bout_duration_sec": 0.7,
        "max_bout_duration_sec": 165.33333333333334,
        "feature_profile": {
          "speed_kp0": {
            "mean": 68.88446397747754,
            "std": 100.64877139110092,
            "median": 33.70022185103013
          },
          "speed_kp1": {
            "mean": 56.94348914091878,
            "std": 83.88111354434169,
            "median": 31.004285611769582
          },
          "speed_kp2": {
            "mean": 80.71242205138962,
            "std": 113.0569415651915,
            "median": 46.5872157402798
          },
          "speed_kp3": {
            "mean": 37.97969875696694,
            "std": 57.18867167108802,
            "median": 22.08877060630138
          },
          "speed_kp4": {
            "mean": 53.25973529952772,
            "std": 104.8408382339106,
            "median": 19.09516670980696
          },
          "speed_kp5": {
            "mean": 76.57787863648265,
            "std": 144.94862161087323,
            "median": 28.916926967707894
          },
          "speed_kp6": {
            "mean": 112.68375904545499,
            "std": 294.56576480882734,
            "median": 12.514724892402075
          },
          "speed_kp7": {
            "mean": 238.00388426946196,
            "std": 586.3258144261407,
            "median": 5.301765776735121
          },
          "dist_pair0": {
            "mean": 35.16153573467104,
            "std": 8.291453873434724,
            "median": 33.91911676134434
          },
          "dist_pair1": {
            "mean": 37.27752601590656,
            "std": 13.370827808921138,
            "median": 36.054210880660534
          },
          "dist_pair2": {
            "mean": 37.98984196565293,
            "std": 8.73743914819346,
            "median": 36.654596459213636
          },
          "dist_pair3": {
            "mean": 56.37237941048412,
            "std": 20.188925041198797,
            "median": 56.28975685521195
          },
          "dist_pair4": {
            "mean": 69.55874781347686,
            "std": 11.858873672499044,
            "median": 68.08828413469779
          },
          "dist_pair5": {
            "mean": 93.09760037884837,
            "std": 31.396150678228462,
            "median": 86.81223553300964
          },
          "dist_pair6": {
            "mean": 144.69838313577992,
            "std": 58.47297230149362,
            "median": 145.58673766634087
          },
          "dist_pair7": {
            "mean": 30.900985312001843,
            "std": 10.761052164078711,
            "median": 29.747653080412867
          },
          "dist_pair8": {
            "mean": 39.933849182801595,
            "std": 8.320982562810007,
            "median": 38.45468560128148
          },
          "dist_pair9": {
            "mean": 72.44161519840982,
            "std": 12.92310214729239,
            "median": 70.55736882686432
          },
          "dist_pair10": {
            "mean": 59.17375701872538,
            "std": 14.83276434767755,
            "median": 56.17926486681685
          },
          "dist_pair11": {
            "mean": 101.00095584677976,
            "std": 31.66711217531072,
            "median": 95.70359013879563
          },
          "dist_pair12": {
            "mean": 156.18289369087012,
            "std": 51.451181023689124,
            "median": 153.19682235129136
          },
          "dist_pair13": {
            "mean": 62.00017256861897,
            "std": 10.914750713789392,
            "median": 60.181792680017196
          },
          "dist_pair14": {
            "mean": 88.60084951491264,
            "std": 16.46781225186998,
            "median": 87.48800353560131
          },
          "dist_pair15": {
            "mean": 85.07550584322546,
            "std": 17.721097650865946,
            "median": 85.9095786660329
          },
          "dist_pair16": {
            "mean": 121.23780958868058,
            "std": 30.67890047157248,
            "median": 114.7239537297634
          },
          "dist_pair17": {
            "mean": 170.58932453989578,
            "std": 56.591938911661046,
            "median": 170.66393748506948
          },
          "dist_pair18": {
            "mean": 36.75791748981267,
            "std": 9.030665925023282,
            "median": 35.46298859193586
          },
          "dist_pair19": {
            "mean": 36.40945873616596,
            "std": 8.566544313164107,
            "median": 34.95974324824536
          },
          "dist_pair20": {
            "mean": 65.2632336419606,
            "std": 30.922554676886786,
            "median": 58.21578933337901
          },
          "dist_pair21": {
            "mean": 128.91103477213392,
            "std": 50.78108363450083,
            "median": 129.95116709421598
          },
          "dist_pair22": {
            "mean": 52.37526349218478,
            "std": 12.553019984966605,
            "median": 51.87768215539475
          },
          "dist_pair23": {
            "mean": 45.70094207594388,
            "std": 29.85643654175627,
            "median": 39.81434100030104
          },
          "dist_pair24": {
            "mean": 111.69395504139571,
            "std": 53.744103222237854,
            "median": 114.31214674002624
          },
          "dist_pair25": {
            "mean": 60.44970023372128,
            "std": 35.797589201998576,
            "median": 50.36783228392657
          },
          "dist_pair26": {
            "mean": 128.84658880647495,
            "std": 49.15359156731858,
            "median": 120.91621472577893
          },
          "dist_pair27": {
            "mean": 99.55389970175625,
            "std": 64.64558468612154,
            "median": 97.13897227628954
          },
          "centroid_speed": {
            "mean": 60.89696797114655,
            "std": 81.69946662875712,
            "median": 30.04315459925685
          },
          "body_orientation": {
            "mean": -1.0149987504563949,
            "std": 0.8204950172998101,
            "median": -1.11782263752363
          },
          "elongation": {
            "mean": 2.6056244097548484,
            "std": 0.9356200020917178,
            "median": 2.4974503929496006
          },
          "angular_velocity": {
            "mean": -0.005676027010805755,
            "std": 9.627161192346884,
            "median": 0.005754890815387881
          },
          "movement_entropy": {
            "mean": 0.14549825859854443,
            "std": 0.20606193247281823,
            "median": 0.06034931988140388
          },
          "speed_mean_window": {
            "mean": 90.18079534561782,
            "std": 64.71032136642508,
            "median": 79.07918339830945
          },
          "speed_std_window": {
            "mean": 196.13682498845085,
            "std": 148.7624110073787,
            "median": 177.30856210027025
          },
          "speed_max_window": {
            "mean": 1457.9349257305626,
            "std": 1094.42466279335,
            "median": 1353.731853995179
          },
          "speed_p90_window": {
            "mean": 193.5476080658646,
            "std": 162.2661058826903,
            "median": 152.8609522080713
          },
          "dist_mean_window": {
            "mean": 79.66934231680116,
            "std": 13.223293622378556,
            "median": 77.36577629725382
          },
          "dist_std_window": {
            "mean": 47.20529112086511,
            "std": 16.363767833384667,
            "median": 44.24647684723125
          },
          "angular_vel_mean_window": {
            "mean": 2.5819635324407004,
            "std": 3.4225918972104803,