state,occurrence_rate,total_duration_sec,n_bouts,mean_bout_duration_sec
state_0,0.9039834946833836,189.86666666666667,10,18.986666666666668
state_1,0.09601650531661642,20.166666666666668,10,2.0166666666666666
