,State_0,State_1
State_0,0.9982443820224719,0.0017556179775280898
State_1,0.014900662251655629,0.9850993377483444
