{
  "behavioral_states": {
    "n_states": 2,
    "states": {
      "state_0": {
        "occurrence_rate": 0.12370178041543027,
        "total_frames": 667,
        "total_duration_sec": 22.233333333333334,
        "n_bouts": 18,
        "mean_bout_duration_sec": 1.2351851851851852,
        "median_bout_duration_sec": 0.13333333333333333,
        "max_bout_duration_sec": 12.5,
        "feature_profile": {
          "speed_kp0": {
            "mean": 71.81984665479797,
            "std": 63.54256031318491,
            "median": 54.62045428277865
          },
          "speed_kp1": {
            "mean": 79.06804920428164,
            "std": 82.64665227714949,
            "median": 55.4331603249867
          },
          "speed_kp2": {
            "mean": 169.31790657558804,
            "std": 304.7729355745787,
            "median": 91.34262542179701
          },
          "speed_kp3": {
            "mean": 55.32556698181582,
            "std": 46.855816818879,
            "median": 44.11242047207581
          },
          "speed_kp4": {
            "mean": 52.99309379136724,
            "std": 64.25870575446213,
            "median": 29.539699388377525
          },
          "speed_kp5": {
            "mean": 56.49406314288451,
            "std": 136.97639812594304,
            "median": 27.50832956392314
          },
          "speed_kp6": {
            "mean": 51.451713615908304,
            "std": 61.12497684877737,
            "median": 27.180783169613324
          },
          "speed_kp7": {
            "mean": 256.013344011008,
            "std": 595.2191589824724,
            "median": 11.469824117717298
          },
          "dist_pair0": {
            "mean": 30.541255233519752,
            "std": 5.746618910166005,
            "median": 30.381153717922405
          },
          "dist_pair1": {
            "mean": 45.7153707045,
            "std": 23.791762618201247,
            "median": 41.26854016672361
          },
          "dist_pair2": {
            "mean": 30.960196464112684,
            "std": 5.173198674137847,
            "median": 30.669100889046685
          },
          "dist_pair3": {
            "mean": 66.07101895602442,
            "std": 16.877937745482082,
            "median": 62.0526414959995
          },
          "dist_pair4": {
            "mean": 74.35794783024711,
            "std": 16.807756406052338,
            "median": 69.47335432188954
          },
          "dist_pair5": {
            "mean": 94.78567136771069,
            "std": 19.20412347938118,
            "median": 91.81547338920994
          },
          "dist_pair6": {
            "mean": 159.6976703975583,
            "std": 44.96916584186349,
            "median": 153.91928785848896
          },
          "dist_pair7": {
            "mean": 43.26807796239625,
            "std": 20.212685935358493,
            "median": 40.041788953305684
          },
          "dist_pair8": {
            "mean": 31.467912563171634,
            "std": 6.617288853422827,
            "median": 29.586386893874874
          },
          "dist_pair9": {
            "mean": 75.11842163591598,
            "std": 14.835114999322544,
            "median": 70.43518059059379
          },
          "dist_pair10": {
            "mean": 61.55273610629092,
            "std": 20.320871371529613,
            "median": 58.33542957234224
          },
          "dist_pair11": {
            "mean": 92.25504400310427,
            "std": 20.08218026459179,
            "median": 87.21328523790415
          },
          "dist_pair12": {
            "mean": 154.06373698512522,
            "std": 47.22641058119584,
            "median": 150.85602120736635
          },
          "dist_pair13": {
            "mean": 66.70861891796534,
            "std": 17.479003455875695,
            "median": 63.73741895260713
          },
          "dist_pair14": {
            "mean": 106.27074360204388,
            "std": 20.506799551004214,
            "median": 101.81290852487162
          },
          "dist_pair15": {
            "mean": 99.87818750725276,
            "std": 24.3987517123445,
            "median": 98.85530345604957
          },
          "dist_pair16": {
            "mean": 127.25682318128842,
            "std": 22.752700303638044,
            "median": 122.12394575714342
          },
          "dist_pair17": {
            "mean": 170.90372395984943,
            "std": 60.10131880806396,
            "median": 168.48904394939632
          },
          "dist_pair18": {
            "mean": 44.28748974819831,
            "std": 10.397755755146914,
            "median": 41.693671637270604
          },
          "dist_pair19": {
            "mean": 44.80272776833103,
            "std": 12.836099265889064,
            "median": 41.551693801270936
          },
          "dist_pair20": {
            "mean": 66.24119660574766,
            "std": 14.55051404196154,
            "median": 62.414095436067804
          },
          "dist_pair21": {
            "mean": 145.16313039546955,
            "std": 38.89124912124908,
            "median": 152.36351697792557
          },
          "dist_pair22": {
            "mean": 49.58032182473709,
            "std": 8.043621801954108,
            "median": 49.54038331267386
          },
          "dist_pair23": {
            "mean": 39.28004966253999,
            "std": 7.888504052211593,
            "median": 39.34202767731251
          },
          "dist_pair24": {
            "mean": 137.33325772958594,
            "std": 45.24778664949981,
            "median": 146.8877005448987
          },
          "dist_pair25": {
            "mean": 39.868989907508904,
            "std": 9.217474397517778,
            "median": 39.19695541393293
          },
          "dist_pair26": {
            "mean": 132.86904710764327,
            "std": 43.33587668909434,
            "median": 135.19397999486236
          },
          "dist_pair27": {
            "mean": 120.47879927876922,
            "std": 55.85542422665891,
            "median": 122.71466309651353
          },
          "centroid_speed": {
            "mean": 69.63304332236069,
            "std": 80.91811315066094,
            "median": 40.926718398201466
          },
          "body_orientation": {
            "mean": -0.9585168971675295,
            "std": 0.9445523407111214,
            "median": -0.8653418767329235
          },
          "elongation": {
            "mean": 2.870934846352102,
            "std": 1.0436405372551978,
            "median": 2.7448168346456248
          },
          "angular_velocity": {
            "mean": -0.14119328355623273,
            "std": 14.813383226545902,
            "median": 0.04267060074374385
          },
          "movement_entropy": {
            "mean": 0.10591768191423234,
            "std": 0.12548097697728375,
            "median": 0.04155236866155684
          },
          "speed_mean_window": {
            "mean": 97.45508868181747,
            "std": 51.551076638475166,
            "median": 87.18546670589375
          },
          "speed_std_window": {
            "mean": 208.56995490689746,
            "std": 142.26498671158728,
            "median": 187.3211651691124
          },
          "speed_max_window": {
            "mean": 1720.105659932513,
            "std": 1128.9128575684103,
            "median": 1924.899922097458
          },
          "speed_p90_window": {
            "mean": 185.72570257207326,
            "std": 121.37677264674535,
            "median": 155.29600343279554
          },
          "dist_mean_window": {
            "mean": 83.07873923112349,
            "std": 11.777475400582434,
            "median": 82.98537116812201
          },
          "dist_std_window": {
            "mean": 49.534338171120524,
            "std": 9.280191979571999,
            "median": 51.26872428476445
          },
          "angular_vel_mean_window": {
            "mean": 4.049086988552841,
            "std": 4.998651086173735,