state,occurrence_rate,total_duration_sec,n_bouts,mean_bout_duration_sec
state_0,0.12370178041543027,22.233333333333334,18,1.2351851851851852
state_1,0.8762982195845698,157.5,18,8.75
