,State_0,State_1
State_0,0.9730134932533733,0.026986506746626688
State_1,0.0035986452159187127,0.9964013547840813
