{
  "behavioral_states": {
    "n_states": 2,
    "states": {
      "state_0": {
        "occurrence_rate": 0.33419881305637983,
        "total_frames": 1802,
        "total_duration_sec": 60.06666666666667,
        "n_bouts": 57,
        "mean_bout_duration_sec": 1.0538011695906433,
        "median_bout_duration_sec": 0.1,
        "max_bout_duration_sec": 24.0,
        "feature_profile": {
          "speed_kp0": {
            "mean": 192.83898585282688,
            "std": 396.18561199782613,
            "median": 6.297952615576506
          },
          "speed_kp1": {
            "mean": 78.73419804864002,
            "std": 199.79260206229014,
            "median": 4.013428559532188
          },
          "speed_kp2": {
            "mean": 304.6313533943943,
            "std": 418.795744020315,
            "median": 105.65070051311962
          },
          "speed_kp3": {
            "mean": 85.13175800507278,
            "std": 205.28175105487034,
            "median": 2.2663876933400466
          },
          "speed_kp4": {
            "mean": 264.3080344334679,
            "std": 471.46794735701354,
            "median": 68.48887779711904
          },
          "speed_kp5": {
            "mean": 248.55990427275088,
            "std": 459.0907252909012,
            "median": 5.470323129799649
          },
          "speed_kp6": {
            "mean": 16.287038329056994,
            "std": 45.79189717160128,
            "median": 3.8553472801241844
          },
          "speed_kp7": {
            "mean": 298.0294077469763,
            "std": 579.292582189288,
            "median": 20.82409924297233
          },
          "dist_pair0": {
            "mean": 52.1823160057102,
            "std": 52.81003711652862,
            "median": 15.748696470519192
          },
          "dist_pair1": {
            "mean": 61.05719096001865,
            "std": 44.45779431078807,
            "median": 54.577055106288384
          },
          "dist_pair2": {
            "mean": 83.04044516378205,
            "std": 57.475171488509105,
            "median": 40.03951609553696
          },
          "dist_pair3": {
            "mean": 63.25875854451508,
            "std": 46.72321790175603,
            "median": 40.37817743402668
          },
          "dist_pair4": {
            "mean": 71.38970441504821,
            "std": 58.99438988435054,
            "median": 78.4227038686497
          },
          "dist_pair5": {
            "mean": 75.82127496953972,
            "std": 27.981702668805394,
            "median": 93.17461900155902
          },
          "dist_pair6": {
            "mean": 171.85982568727118,
            "std": 37.621434831579315,
            "median": 176.7355121630382
          },
          "dist_pair7": {
            "mean": 45.747615445948895,
            "std": 39.065740120050855,
            "median": 36.444053918046336
          },
          "dist_pair8": {
            "mean": 46.38578632345731,
            "std": 16.66476405061912,
            "median": 46.25488463399648
          },
          "dist_pair9": {
            "mean": 39.5649447838473,
            "std": 37.00336534554393,
            "median": 25.045330814415937
          },
          "dist_pair10": {
            "mean": 58.64338813537616,
            "std": 41.837944843386815,
            "median": 57.36908079980963
          },
          "dist_pair11": {
            "mean": 83.23580605862367,
            "std": 15.669540768055503,
            "median": 86.78842625658629
          },
          "dist_pair12": {
            "mean": 185.6337104239806,
            "std": 43.73164613057702,
            "median": 192.60522265220015
          },
          "dist_pair13": {
            "mean": 84.18251803829227,
            "std": 42.95294260932719,
            "median": 79.04446221879265
          },
          "dist_pair14": {
            "mean": 64.66313403040813,
            "std": 42.267149827513435,
            "median": 60.83758708551214
          },
          "dist_pair15": {
            "mean": 90.50252153839536,
            "std": 50.261580439881,
            "median": 95.64298757703
          },
          "dist_pair16": {
            "mean": 51.89345494660644,
            "std": 40.839810658760285,
            "median": 51.65365329139381
          },
          "dist_pair17": {
            "mean": 186.9429867005738,
            "std": 36.4417801583824,
            "median": 198.4239934466812
          },
          "dist_pair18": {
            "mean": 59.476573928196586,
            "std": 39.13593221308955,
            "median": 50.08333556744215
          },
          "dist_pair19": {
            "mean": 66.01049271961077,
            "std": 38.35670360829435,
            "median": 59.011233112514674
          },
          "dist_pair20": {
            "mean": 124.65813908305086,
            "std": 15.555549698700903,
            "median": 129.9436922531079
          },
          "dist_pair21": {
            "mean": 207.0213503980543,
            "std": 54.97338566648935,
            "median": 214.3682168128576
          },
          "dist_pair22": {
            "mean": 72.69517402900726,
            "std": 48.03382745024373,
            "median": 53.685325677865215
          },
          "dist_pair23": {
            "mean": 88.30095727276745,
            "std": 30.050088131039125,
            "median": 80.30516186595716
          },
          "dist_pair24": {
            "mean": 189.85244344620367,
            "std": 46.494337744465774,
            "median": 200.21718001599262
          },
          "dist_pair25": {
            "mean": 119.66708966873786,
            "std": 41.119262850559466,
            "median": 104.93370342953082
          },
          "dist_pair26": {
            "mean": 167.88409822773795,
            "std": 53.09939086413296,
            "median": 175.96449080572881
          },
          "dist_pair27": {
            "mean": 189.07968349732175,
            "std": 24.92515257143151,
            "median": 197.17337971950877
          },
          "centroid_speed": {
            "mean": 118.79427006316114,
            "std": 105.16390399898752,
            "median": 94.37772027237867
          },
          "body_orientation": {
            "mean": -1.2472664303380474,
            "std": 0.9980492640076447,
            "median": -1.4329533657589155
          },
          "elongation": {
            "mean": 1.686206893294416,
            "std": 0.4333637584782496,
            "median": 1.6199812182256172
          },
          "angular_velocity": {
            "mean": -0.24032134948407294,
            "std": 20.55841278780397,
            "median": -0.008993361966962432
          },
          "movement_entropy": {
            "mean": 0.04896741674901524,
            "std": 0.015351779870977855,
            "median": 0.04722480482983603
          },
          "speed_mean_window": {
            "mean": 185.90684679337016,
            "std": 87.71701223008904,
            "median": 175.69137105517518
          },
          "speed_std_window": {
            "mean": 367.1721100667765,
            "std": 124.14356052323637,
            "median": 351.152921300056
          },
          "speed_max_window": {
            "mean": 1984.942738418163,
            "std": 698.7582623352872,
            "median": 1932.0279880415735
          },
          "speed_p90_window": {
            "mean": 635.3452260675349,
            "std": 293.4729999305476,
            "median": 649.9672630061364
          },
          "dist_mean_window": {
            "mean": 99.27669479472931,
            "std": 11.660151898460187,
            "median": 99.78064811600879
          },
          "dist_std_window": {
            "mean": 65.23392397100048,
            "std": 8.507905927994647,
            "median": 65.53685967679989
          },
          "angular_vel_mean_window": {
            "mean": 6.919816358573073,
            "std": 5.911697885539454,