,State_0,State_1
State_0,0.9683684794672586,0.031631520532741396
State_1,0.015881861242685986,0.984118138757314
