{
  "behavioral_states": {
    "n_states": 2,
    "states": {
      "state_0": {
        "occurrence_rate": 0.451307735114079,
        "total_frames": 2433,
        "total_duration_sec": 81.1,
        "n_bouts": 91,
        "mean_bout_duration_sec": 0.8912087912087913,
        "median_bout_duration_sec": 0.13333333333333333,
        "max_bout_duration_sec": 11.566666666666666,
        "feature_profile": {
          "speed_kp0": {
            "mean": 67.1066829869841,
            "std": 127.42834983322712,
            "median": 34.24096690266532
          },
          "speed_kp1": {
            "mean": 108.54675947095022,
            "std": 203.14374334434632,
            "median": 43.49645218098988
          },
          "speed_kp2": {
            "mean": 323.18178985927466,
            "std": 432.57087331283907,
            "median": 123.42199212857429
          },
          "speed_kp3": {
            "mean": 36.5757019295555,
            "std": 31.018706177632264,
            "median": 27.372223480852266
          },
          "speed_kp4": {
            "mean": 104.70837707846216,
            "std": 214.91432885117632,
            "median": 28.10199730191904
          },
          "speed_kp5": {
            "mean": 69.65811735719858,
            "std": 125.44792229995176,
            "median": 32.21972667377358
          },
          "speed_kp6": {
            "mean": 77.86289461735595,
            "std": 246.09876917602597,
            "median": 23.990112670694423
          },
          "speed_kp7": {
            "mean": 95.40221612607348,
            "std": 287.1411550750963,
            "median": 14.576645563352775
          },
          "dist_pair0": {
            "mean": 33.01131518963857,
            "std": 8.860425029010809,
            "median": 32.172707657719194
          },
          "dist_pair1": {
            "mean": 45.168036548977014,
            "std": 20.48650544061361,
            "median": 40.9477637795113
          },
          "dist_pair2": {
            "mean": 27.74388658340614,
            "std": 5.679666609754173,
            "median": 27.5295659503156
          },
          "dist_pair3": {
            "mean": 45.261616320096465,
            "std": 11.248367778818553,
            "median": 45.66986431260437
          },
          "dist_pair4": {
            "mean": 59.590546093424535,
            "std": 9.826800719352386,
            "median": 59.896465742114245
          },
          "dist_pair5": {
            "mean": 68.83188518237225,
            "std": 15.097283705044703,
            "median": 70.37224642161313
          },
          "dist_pair6": {
            "mean": 118.81753131589045,
            "std": 20.106391455785,
            "median": 119.14600848991834
          },
          "dist_pair7": {
            "mean": 45.48704114422988,
            "std": 21.33024418954302,
            "median": 42.2609664549066
          },
          "dist_pair8": {
            "mean": 31.98938814583777,
            "std": 7.983089036736631,
            "median": 31.856346115171448
          },
          "dist_pair9": {
            "mean": 62.96788091849288,
            "std": 11.789318177076154,
            "median": 66.00998643754255
          },
          "dist_pair10": {
            "mean": 49.34746542474357,
            "std": 11.258534257986495,
            "median": 49.6850100445547
          },
          "dist_pair11": {
            "mean": 72.38638542592626,
            "std": 15.60782233353632,
            "median": 74.79101561950154
          },
          "dist_pair12": {
            "mean": 139.1898985399643,
            "std": 21.565405043102572,
            "median": 140.44902328511338
          },
          "dist_pair13": {
            "mean": 52.989453636887376,
            "std": 18.699356836431523,
            "median": 54.09992969690348
          },
          "dist_pair14": {
            "mean": 74.23989251233374,
            "std": 20.47514254641198,
            "median": 74.22587186580199
          },
          "dist_pair15": {
            "mean": 69.48854246358752,
            "std": 30.106027827692863,
            "median": 74.37315124777415
          },
          "dist_pair16": {
            "mean": 80.10019307471728,
            "std": 37.3421416322962,
            "median": 91.01965526712083
          },
          "dist_pair17": {
            "mean": 136.82687070570654,
            "std": 30.303293250179657,
            "median": 139.9137636933103
          },
          "dist_pair18": {
            "mean": 37.023627235968114,
            "std": 7.99578449136946,
            "median": 37.625949234552415
          },
          "dist_pair19": {
            "mean": 33.94149980574951,
            "std": 5.193211593712281,
            "median": 33.7518978447859
          },
          "dist_pair20": {
            "mean": 48.02362009891535,
            "std": 11.697530041310666,
            "median": 46.44351939675252
          },
          "dist_pair21": {
            "mean": 118.9645564854681,
            "std": 15.273243563663659,
            "median": 116.44852227172343
          },
          "dist_pair22": {
            "mean": 55.162449994642195,
            "std": 13.225379952125659,
            "median": 58.41126616831986
          },
          "dist_pair23": {
            "mean": 45.642203265188755,
            "std": 16.418754386755296,
            "median": 42.23723488568829
          },
          "dist_pair24": {
            "mean": 93.80836828763792,
            "std": 24.992320208295634,
            "median": 88.16409889094504
          },
          "dist_pair25": {
            "mean": 40.61829400598371,
            "std": 11.587371427010927,
            "median": 39.51211021796326
          },
          "dist_pair26": {
            "mean": 130.8287924234011,
            "std": 19.567687492433482,
            "median": 134.64267979553568
          },
          "dist_pair27": {
            "mean": 98.84162797655003,
            "std": 26.390675825124106,
            "median": 100.04583545911598
          },
          "centroid_speed": {
            "mean": 71.29826969877251,
            "std": 70.92790548174874,
            "median": 50.318944284116434
          },
          "body_orientation": {
            "mean": -0.9524985086148146,
            "std": 1.3179071155161493,
            "median": -1.9133614213814307
          },
          "elongation": {
            "mean": 1.9975938074265045,
            "std": 0.5990528703447026,
            "median": 1.8955187832352602
          },
          "angular_velocity": {
            "mean": -0.3245035744476214,
            "std": 28.059670075706826,
            "median": -0.012695441859934542
          },
          "movement_entropy": {
            "mean": 0.06592021644509677,
            "std": 0.045681862714806426,
            "median": 0.05586796776342203
          },
          "speed_mean_window": {
            "mean": 106.50250727059395,
            "std": 60.14237368222602,
            "median": 90.87138203901367
          },
          "speed_std_window": {
            "mean": 214.89005467314055,
            "std": 98.70411025102952,
            "median": 208.623164557458
          },
          "speed_max_window": {
            "mean": 1469.0125673286448,
            "std": 581.1577246602892,
            "median": 1424.6118783977936
          },
          "speed_p90_window": {
            "mean": 246.57137537491073,
            "std": 216.53607292228102,
            "median": 155.93216800498848
          },
          "dist_mean_window": {
            "mean": 69.82167980404179,
            "std": 4.958793961286465,
            "median": 69.66167195122905
          },
          "dist_std_window": {
            "mean": 38.83053895911979,
            "std": 4.747757546082459,
            "median": 37.70942260692503
          },
          "angular_vel_mean_window": {
            "mean": 10.132358801717531,
            "std": 8.710990659713687,