state,occurrence_rate,total_duration_sec,n_bouts,mean_bout_duration_sec
state_0,0.451307735114079,81.1,91,0.8912087912087913
state_1,0.5486922648859209,98.6,91,1.0835164835164834
