,State_0,State_1
State_0,0.9629934210526315,0.03700657894736842
State_1,0.030764029749830966,0.969235970250169
