,State_0,State_1,State_2,State_3
State_0,0.9237756714060031,0.03712480252764613,0.034360189573459717,0.004739336492890996
State_1,0.03927364864864865,0.9527027027027027,0.006756756756756757,0.001266891891891892
State_2,0.08223062381852551,0.01606805293005671,0.8969754253308129,0.004725897920604915
State_3,0.03519061583577713,0.005865102639296188,0.017595307917888565,0.9413489736070382
