{
  "behavioral_states": {
    "n_states": 2,
    "states": {
      "state_0": {
        "occurrence_rate": 0.6484684970639581,
        "total_frames": 4086,
        "total_duration_sec": 136.2,
        "n_bouts": 105,
        "mean_bout_duration_sec": 1.297142857142857,
        "median_bout_duration_sec": 0.5333333333333333,
        "max_bout_duration_sec": 12.633333333333333,
        "feature_profile": {
          "speed_kp0": {
            "mean": 111.47262686418213,
            "std": 115.66371975598422,
            "median": 87.50899709347779
          },
          "speed_kp1": {
            "mean": 116.16887812564612,
            "std": 123.99132701371884,
            "median": 89.61671048261708
          },
          "speed_kp2": {
            "mean": 160.45774146156182,
            "std": 189.8630963365585,
            "median": 124.5936148743095
          },
          "speed_kp3": {
            "mean": 95.92389066702422,
            "std": 112.05099339816503,
            "median": 67.94786355514479
          },
          "speed_kp4": {
            "mean": 88.77149420765801,
            "std": 120.64839924149135,
            "median": 51.7463694187787
          },
          "speed_kp5": {
            "mean": 98.88815740228353,
            "std": 140.30500719001313,
            "median": 50.83534382984963
          },
          "speed_kp6": {
            "mean": 87.73414595726612,
            "std": 116.30175689313032,
            "median": 49.099785548871296
          },
          "speed_kp7": {
            "mean": 158.52171399622156,
            "std": 305.64308714011105,
            "median": 46.220982466846394
          },
          "dist_pair0": {
            "mean": 30.597358817842352,
            "std": 4.676236066206779,
            "median": 29.832522897526566
          },
          "dist_pair1": {
            "mean": 34.02702273218837,
            "std": 13.17143420731257,
            "median": 31.75305689461721
          },
          "dist_pair2": {
            "mean": 33.016601499386695,
            "std": 4.283941968105812,
            "median": 32.56743079581983
          },
          "dist_pair3": {
            "mean": 64.13100477353943,
            "std": 10.935704693003373,
            "median": 63.63337046109644
          },
          "dist_pair4": {
            "mean": 76.34212031302587,
            "std": 9.358491979625798,
            "median": 75.82646589904685
          },
          "dist_pair5": {
            "mean": 98.2161260404084,
            "std": 11.061449710735728,
            "median": 98.55594863059906
          },
          "dist_pair6": {
            "mean": 187.47804279997735,
            "std": 33.56296451969006,
            "median": 194.27627945800273
          },
          "dist_pair7": {
            "mean": 33.23551629522012,
            "std": 14.404704142208912,
            "median": 32.039382095056254
          },
          "dist_pair8": {
            "mean": 33.131937126947015,
            "std": 4.358543432783877,
            "median": 33.05045820039518
          },
          "dist_pair9": {
            "mean": 76.30808358687216,
            "std": 8.232807299657908,
            "median": 75.5574097609461
          },
          "dist_pair10": {
            "mean": 66.15070798765004,
            "std": 11.966364984273243,
            "median": 65.56912560703728
          },
          "dist_pair11": {
            "mean": 99.86069689731951,
            "std": 10.528459692990937,
            "median": 99.9574254937691
          },
          "dist_pair12": {
            "mean": 192.53072242688012,
            "std": 30.183938062494654,
            "median": 195.1972608436422
          },
          "dist_pair13": {
            "mean": 57.72319411911838,
            "std": 14.07751388864463,
            "median": 57.99384872282723
          },
          "dist_pair14": {
            "mean": 94.94531985172046,
            "std": 16.94338428686594,
            "median": 95.25477826320957
          },
          "dist_pair15": {
            "mean": 96.22410096465046,
            "std": 18.31682902813899,
            "median": 96.93143176172991
          },
          "dist_pair16": {
            "mean": 124.89439047516187,
            "std": 16.09473192457378,
            "median": 125.46996923057551
          },
          "dist_pair17": {
            "mean": 211.56736801663908,
            "std": 36.53088091769087,
            "median": 216.29338790989755
          },
          "dist_pair18": {
            "mean": 44.4735524780266,
            "std": 5.989199374215082,
            "median": 43.98511550725961
          },
          "dist_pair19": {
            "mean": 44.429949420742346,
            "std": 7.2932197470870435,
            "median": 43.959771234583584
          },
          "dist_pair20": {
            "mean": 69.82632475049867,
            "std": 7.46615307179541,
            "median": 69.38981036837615
          },
          "dist_pair21": {
            "mean": 167.39655552501668,
            "std": 27.885748406785996,
            "median": 171.8275423372723
          },
          "dist_pair22": {
            "mean": 53.067504485257324,
            "std": 7.4402635136179365,
            "median": 53.76281062859643
          },
          "dist_pair23": {
            "mean": 43.03981109687612,
            "std": 7.403436636704233,
            "median": 43.35764588441464
          },
          "dist_pair24": {
            "mean": 137.45261306035414,
            "std": 31.86992311193431,
            "median": 144.96955615057072
          },
          "dist_pair25": {
            "mean": 45.637075097938485,
            "std": 7.547673023559055,
            "median": 46.58237543113968
          },
          "dist_pair26": {
            "mean": 147.69494090716685,
            "std": 26.247448726290294,
            "median": 152.83614540845878
          },
          "dist_pair27": {
            "mean": 112.76528913787878,
            "std": 23.43728797457584,
            "median": 120.64006583152754
          },
          "centroid_speed": {
            "mean": 83.61625232988894,
            "std": 98.40117735081301,
            "median": 60.13832209570744
          },
          "body_orientation": {
            "mean": -0.6524966537026544,
            "std": 0.8594939961235942,
            "median": -0.5141590245407015
          },
          "elongation": {
            "mean": 3.0083387528248493,
            "std": 0.9575214362857821,
            "median": 3.0137847656596746
          },
          "angular_velocity": {
            "mean": 0.07526241122791585,
            "std": 10.409367454695033,
            "median": -0.05119952750356829
          },
          "movement_entropy": {
            "mean": 0.16817876744473537,
            "std": 0.12453702961336266,
            "median": 0.1431137144918577
          },
          "speed_mean_window": {
            "mean": 114.25268513692129,
            "std": 87.25246979909922,
            "median": 105.3501330795045
          },
          "speed_std_window": {
            "mean": 111.72239069831207,
            "std": 81.85066120717606,
            "median": 91.6800695561634
          },
          "speed_max_window": {
            "mean": 814.4157509368554,
            "std": 685.3226277128857,
            "median": 558.3091829066461
          },
          "speed_p90_window": {
            "mean": 215.05315543661536,
            "std": 161.5299760213788,
            "median": 205.90703858597544
          },
          "dist_mean_window": {
            "mean": 87.10532420068675,
            "std": 7.455414501780244,
            "median": 88.17274670744595
          },
          "dist_std_window": {
            "mean": 53.61299424476525,
            "std": 8.144817586746688,
            "median": 53.821590273607335
          },
          "angular_vel_mean_window": {
            "mean": 2.197619720150814,
            "std": 2.9982056889659097,