state,occurrence_rate,total_duration_sec,n_bouts,mean_bout_duration_sec
state_0,0.6484684970639581,136.2,105,1.297142857142857
state_1,0.3515315029360419,73.83333333333333,105,0.7031746031746031
