,State_0,State_1
State_0,0.9743024963289281,0.02569750367107195
State_1,0.04697380307136405,0.953026196928636
