{
  "behavioral_states": {
    "n_states": 2,
    "states": {
      "state_0": {
        "occurrence_rate": 0.6181558482780511,
        "total_frames": 3895,
        "total_duration_sec": 129.83333333333334,
        "n_bouts": 56,
        "mean_bout_duration_sec": 2.318452380952381,
        "median_bout_duration_sec": 0.13333333333333333,
        "max_bout_duration_sec": 38.5,
        "feature_profile": {
          "speed_kp0": {
            "mean": 14.164651931324851,
            "std": 18.203764136513605,
            "median": 9.691508219391944
          },
          "speed_kp1": {
            "mean": 14.201889772826817,
            "std": 17.264446929491076,
            "median": 9.533081902386407
          },
          "speed_kp2": {
            "mean": 22.745670111872208,
            "std": 34.39066943984321,
            "median": 13.476384862557584
          },
          "speed_kp3": {
            "mean": 12.129819933129589,
            "std": 12.490246725349913,
            "median": 9.239540190259044
          },
          "speed_kp4": {
            "mean": 14.698039662582358,
            "std": 15.30694855660924,
            "median": 12.105370867518955
          },
          "speed_kp5": {
            "mean": 20.106622840332996,
            "std": 15.51113680108833,
            "median": 16.85723274255791
          },
          "speed_kp6": {
            "mean": 7.376817236961222,
            "std": 22.811254956955228,
            "median": 5.191755381744236
          },
          "speed_kp7": {
            "mean": 1005.8062346598626,
            "std": 1086.9759180142505,
            "median": 492.05358169979394
          },
          "dist_pair0": {
            "mean": 27.75485604868155,
            "std": 1.9123053536122567,
            "median": 27.471752383810774
          },
          "dist_pair1": {
            "mean": 28.066135339636304,
            "std": 5.339500425518764,
            "median": 26.737042321091323
          },
          "dist_pair2": {
            "mean": 28.7234903178451,
            "std": 2.946646377659213,
            "median": 29.54833946333961
          },
          "dist_pair3": {
            "mean": 59.388467379547734,
            "std": 5.625575075474386,
            "median": 59.21170345624657
          },
          "dist_pair4": {
            "mean": 73.97023115174319,
            "std": 4.074381962053554,
            "median": 73.56375818381477
          },
          "dist_pair5": {
            "mean": 94.21325880447012,
            "std": 6.605215661081853,
            "median": 93.74106108465963
          },
          "dist_pair6": {
            "mean": 129.9554693388825,
            "std": 41.330413995339654,
            "median": 144.9523823077076
          },
          "dist_pair7": {
            "mean": 29.714728902336432,
            "std": 7.242557413707516,
            "median": 27.654880337636477
          },
          "dist_pair8": {
            "mean": 30.453281192746434,
            "std": 1.513903150760755,
            "median": 30.384102916196543
          },
          "dist_pair9": {
            "mean": 76.57051227636309,
            "std": 2.4165790838194368,
            "median": 76.29221800734089
          },
          "dist_pair10": {
            "mean": 66.31649622891777,
            "std": 4.418626926959061,
            "median": 65.42235725232163
          },
          "dist_pair11": {
            "mean": 99.96636138983023,
            "std": 3.934106030240304,
            "median": 99.4881536908979
          },
          "dist_pair12": {
            "mean": 136.55329318543585,
            "std": 37.08299060195303,
            "median": 148.86968786117075
          },
          "dist_pair13": {
            "mean": 50.840199942592264,
            "std": 5.008966713756122,
            "median": 49.87544284754695
          },
          "dist_pair14": {
            "mean": 85.89168937800775,
            "std": 6.5986818624933825,
            "median": 85.45079319211261
          },
          "dist_pair15": {
            "mean": 92.58333050434547,
            "std": 6.960851156336576,
            "median": 90.6220145399867
          },
          "dist_pair16": {
            "mean": 119.04432066803683,
            "std": 5.695683218889604,
            "median": 118.00118820843687
          },
          "dist_pair17": {
            "mean": 151.13174246523207,
            "std": 43.71103478532541,
            "median": 168.75032533805677
          },
          "dist_pair18": {
            "mean": 48.37987190561313,
            "std": 1.689821874926489,
            "median": 48.24050211922412
          },
          "dist_pair19": {
            "mean": 45.715809698927735,
            "std": 2.9693873021749613,
            "median": 45.331810656644144
          },
          "dist_pair20": {
            "mean": 70.59078298404877,
            "std": 3.423903077056008,
            "median": 70.82302152375603
          },
          "dist_pair21": {
            "mean": 112.98224240077548,
            "std": 35.86271383553825,
            "median": 121.96852115425422
          },
          "dist_pair22": {
            "mean": 64.49925021099457,
            "std": 1.6144811429709864,
            "median": 64.67373788864028
          },
          "dist_pair23": {
            "mean": 48.17335528277033,
            "std": 2.7707753835196156,
            "median": 47.89184100151827
          },
          "dist_pair24": {
            "mean": 94.53895326932803,
            "std": 35.243796833095296,
            "median": 106.54476493513259
          },
          "dist_pair25": {
            "mean": 49.12879756859413,
            "std": 2.2482196576486815,
            "median": 49.1244902932508
          },
          "dist_pair26": {
            "mean": 95.70188487711042,
            "std": 36.94057914193434,
            "median": 90.48287163514131
          },
          "dist_pair27": {
            "mean": 72.2020301895189,
            "std": 39.94445894508387,
            "median": 62.8943260051242
          },
          "centroid_speed": {
            "mean": 127.01402513844441,
            "std": 134.81778007813378,
            "median": 62.332436374826514
          },
          "body_orientation": {
            "mean": -0.12250788670553307,
            "std": 0.4677674583619477,
            "median": -0.05947710073385363
          },
          "elongation": {
            "mean": 2.5276810811557593,
            "std": 0.5140830873285535,
            "median": 2.669537725356579
          },
          "angular_velocity": {
            "mean": 0.13186880081775973,
            "std": 19.370072110737066,
            "median": 0.0009909605372357413
          },
          "movement_entropy": {
            "mean": 0.0357076856791226,
            "std": 0.05353137499656283,
            "median": 0.026499715140517414
          },
          "speed_mean_window": {
            "mean": 138.09365843702565,
            "std": 65.88162950716526,
            "median": 135.47863009666827
          },
          "speed_std_window": {
            "mean": 464.142238592109,
            "std": 179.27986420061214,
            "median": 479.3813001052489
          },
          "speed_max_window": {
            "mean": 3157.045187716654,
            "std": 896.0004058116951,
            "median": 3415.328801131124
          },
          "speed_p90_window": {
            "mean": 197.10986265643058,
            "std": 238.71227529769837,
            "median": 84.77724830224531
          },
          "dist_mean_window": {
            "mean": 74.72505415248781,
            "std": 3.3518935569591157,
            "median": 74.63700032919331
          },
          "dist_std_window": {
            "mean": 39.70083356786862,
            "std": 2.68594377519125,
            "median": 39.144305375330006
          },
          "angular_vel_mean_window": {
            "mean": 8.36073037428358,
            "std": 5.766188749929492,