state,occurrence_rate,total_duration_sec,n_bouts,mean_bout_duration_sec
state_0,0.6181558482780511,129.83333333333334,56,2.318452380952381
state_1,0.3818441517219489,80.2,57,1.407017543859649
