,State_0,State_1
State_0,0.9856225930680359,0.014377406931964057
State_1,0.023284823284823286,0.9767151767151767
