{
  "behavioral_states": {
    "n_states": 2,
    "states": {
      "state_0": {
        "occurrence_rate": 0.10442786859228693,
        "total_frames": 658,
        "total_duration_sec": 21.933333333333334,
        "n_bouts": 15,
        "mean_bout_duration_sec": 1.4622222222222223,
        "median_bout_duration_sec": 0.8,
        "max_bout_duration_sec": 8.466666666666667,
        "feature_profile": {
          "speed_kp0": {
            "mean": 148.66742235772827,
            "std": 255.74980061878844,
            "median": 76.64412666764288
          },
          "speed_kp1": {
            "mean": 155.72375832268176,
            "std": 270.8571560374608,
            "median": 74.12491226998472
          },
          "speed_kp2": {
            "mean": 183.58281498996698,
            "std": 321.8471167622925,
            "median": 95.02156032213551
          },
          "speed_kp3": {
            "mean": 136.67429814139015,
            "std": 254.9126725679959,
            "median": 61.1229904717875
          },
          "speed_kp4": {
            "mean": 111.3553257932099,
            "std": 236.42109519598347,
            "median": 37.004485471903685
          },
          "speed_kp5": {
            "mean": 127.10922647363336,
            "std": 264.49038701695565,
            "median": 37.33379742289513
          },
          "speed_kp6": {
            "mean": 118.03747158029331,
            "std": 253.25050493482573,
            "median": 34.699960580658285
          },
          "speed_kp7": {
            "mean": 223.99042380483314,
            "std": 549.9363056979522,
            "median": 41.116293187345434
          },
          "dist_pair0": {
            "mean": 29.979932560488972,
            "std": 6.390442905511644,
            "median": 29.004291161440896
          },
          "dist_pair1": {
            "mean": 39.57363377206162,
            "std": 10.935239456127515,
            "median": 37.86616755164654
          },
          "dist_pair2": {
            "mean": 34.459031241335886,
            "std": 6.282996443094255,
            "median": 35.08068188298286
          },
          "dist_pair3": {
            "mean": 77.98180596145532,
            "std": 16.742683622323575,
            "median": 79.07988646118389
          },
          "dist_pair4": {
            "mean": 83.29781199118732,
            "std": 13.473428560451946,
            "median": 82.43172921661056
          },
          "dist_pair5": {
            "mean": 108.05041787617672,
            "std": 16.525701291251607,
            "median": 108.7844043638392
          },
          "dist_pair6": {
            "mean": 162.51109833077436,
            "std": 40.59231510542001,
            "median": 158.95789133071958
          },
          "dist_pair7": {
            "mean": 39.9906009340175,
            "std": 8.755835297638262,
            "median": 38.868723626598396
          },
          "dist_pair8": {
            "mean": 35.63871169184414,
            "std": 5.354310769841408,
            "median": 36.36673906496506
          },
          "dist_pair9": {
            "mean": 86.47920938506489,
            "std": 13.174921300411732,
            "median": 86.83772341128507
          },
          "dist_pair10": {
            "mean": 73.32422724345538,
            "std": 15.515500666740436,
            "median": 72.87496710024864
          },
          "dist_pair11": {
            "mean": 106.71648042436891,
            "std": 16.7005157625224,
            "median": 106.36005874285672
          },
          "dist_pair12": {
            "mean": 159.4116128127856,
            "std": 42.22968809944882,
            "median": 157.7057345356278
          },
          "dist_pair13": {
            "mean": 67.44112041302992,
            "std": 10.382717191244701,
            "median": 67.83729833854795
          },
          "dist_pair14": {
            "mean": 115.08198290000863,
            "std": 18.516711253238565,
            "median": 117.57134429387189
          },
          "dist_pair15": {
            "mean": 110.99818638654804,
            "std": 16.142152068482215,
            "median": 109.00496663535925
          },
          "dist_pair16": {
            "mean": 140.71703090471775,
            "std": 17.711420994117372,
            "median": 140.24138124957386
          },
          "dist_pair17": {
            "mean": 191.72625627198954,
            "std": 41.69543688120881,
            "median": 190.25649030520742
          },
          "dist_pair18": {
            "mean": 52.671566159657665,
            "std": 11.874431995248726,
            "median": 52.16289639528319
          },
          "dist_pair19": {
            "mean": 50.95907113126614,
            "std": 12.926292216899993,
            "median": 49.481464952232045
          },
          "dist_pair20": {
            "mean": 77.44153391609512,
            "std": 14.546145556239468,
            "median": 75.47378159101216
          },
          "dist_pair21": {
            "mean": 134.61650183737763,
            "std": 41.3049643383098,
            "median": 126.2630355394898
          },
          "dist_pair22": {
            "mean": 50.978629345514456,
            "std": 5.5822012493950135,
            "median": 50.862815787816906
          },
          "dist_pair23": {
            "mean": 42.3425955160739,
            "std": 8.086300419543049,
            "median": 42.01677996562739
          },
          "dist_pair24": {
            "mean": 101.50442238615088,
            "std": 40.128136885603084,
            "median": 89.58205313002509
          },
          "dist_pair25": {
            "mean": 42.40489394480144,
            "std": 8.909727914665314,
            "median": 43.011008768422
          },
          "dist_pair26": {
            "mean": 96.29629402945581,
            "std": 40.00627065891455,
            "median": 91.49196847790128
          },
          "dist_pair27": {
            "mean": 67.95648186516189,
            "std": 39.55813369302874,
            "median": 55.94106779108969
          },
          "centroid_speed": {
            "mean": 115.11251592955766,
            "std": 226.24107627841593,
            "median": 47.661046270838476
          },
          "body_orientation": {
            "mean": -0.9721190762223247,
            "std": 0.9896022902828178,
            "median": -1.3476581371399985
          },
          "elongation": {
            "mean": 3.3296389857367865,
            "std": 0.9606764326007561,
            "median": 3.1634066275289707
          },
          "angular_velocity": {
            "mean": 0.0421392175693289,
            "std": 8.215907146015605,
            "median": 0.05387919966308635
          },
          "movement_entropy": {
            "mean": 0.2734722057128298,
            "std": 0.21657520364431046,
            "median": 0.24340079110198784
          },
          "speed_mean_window": {
            "mean": 142.6061592188421,
            "std": 219.72286167102084,
            "median": 63.11202913000588
          },
          "speed_std_window": {
            "mean": 125.9617638998106,
            "std": 181.96559323447354,
            "median": 54.2875053011084
          },
          "speed_max_window": {
            "mean": 854.4060184708694,
            "std": 1273.302292963033,
            "median": 345.88599156754236
          },
          "speed_p90_window": {
            "mean": 278.6058476331285,
            "std": 407.7293786161433,
            "median": 121.74031221218007
          },
          "dist_mean_window": {
            "mean": 81.54803443805235,
            "std": 11.30012498777264,
            "median": 81.4139865531831
          },
          "dist_std_window": {
            "mean": 44.249679107069994,
            "std": 10.903303741298163,
            "median": 43.229100201562154
          },
          "angular_vel_mean_window": {
            "mean": 1.7372531821966897,
            "std": 2.8915721957328726,