,State_0,State_1
State_0,0.9772036474164134,0.022796352583586626
State_1,0.0026586316908897554,0.9973413683091102
