{
  "behavioral_states": {
    "n_states": 2,
    "states": {
      "state_0": {
        "occurrence_rate": 0.3789649415692821,
        "total_frames": 2043,
        "total_duration_sec": 68.1,
        "n_bouts": 166,
        "mean_bout_duration_sec": 0.4102409638554217,
        "median_bout_duration_sec": 0.13333333333333333,
        "max_bout_duration_sec": 4.666666666666667,
        "feature_profile": {
          "speed_kp0": {
            "mean": 51.8868643661484,
            "std": 269.745512818152,
            "median": 0.26547782781917784
          },
          "speed_kp1": {
            "mean": 376.9800746664522,
            "std": 587.4783559665085,
            "median": 4.480583922992676
          },
          "speed_kp2": {
            "mean": 326.4325980128455,
            "std": 651.5235628921923,
            "median": 3.2321157328782464
          },
          "speed_kp3": {
            "mean": 449.6977729678821,
            "std": 707.9649643359095,
            "median": 72.93602393210921
          },
          "speed_kp4": {
            "mean": 417.5912207291137,
            "std": 732.3968411580335,
            "median": 4.362732424169968
          },
          "speed_kp5": {
            "mean": 220.10038001139202,
            "std": 583.4455804274426,
            "median": 0.4050557703548919
          },
          "speed_kp6": {
            "mean": 188.07255787236764,
            "std": 465.6426184525649,
            "median": 0.6129884810114359
          },
          "speed_kp7": {
            "mean": 61.95575995506989,
            "std": 329.82466529484526,
            "median": 1.3685791605996058
          },
          "dist_pair0": {
            "mean": 237.2757141823542,
            "std": 39.72491888802519,
            "median": 259.65774319117946
          },
          "dist_pair1": {
            "mean": 56.38443417326619,
            "std": 53.73458965534476,
            "median": 21.529363280699926
          },
          "dist_pair2": {
            "mean": 95.74630716387615,
            "std": 66.6350886167273,
            "median": 61.39886421294209
          },
          "dist_pair3": {
            "mean": 94.43231265534163,
            "std": 79.55060578790007,
            "median": 66.06696867755913
          },
          "dist_pair4": {
            "mean": 53.035704315656275,
            "std": 57.7703693938512,
            "median": 27.224119664287997
          },
          "dist_pair5": {
            "mean": 40.93454736669672,
            "std": 43.08055784679222,
            "median": 40.90966834679993
          },
          "dist_pair6": {
            "mean": 174.07324520814822,
            "std": 16.597210594026542,
            "median": 171.46132929509722
          },
          "dist_pair7": {
            "mean": 206.18009390704404,
            "std": 62.63467058670633,
            "median": 226.56219928709814
          },
          "dist_pair8": {
            "mean": 173.69868264606282,
            "std": 83.94927792146323,
            "median": 167.3330744617728
          },
          "dist_pair9": {
            "mean": 184.57774131138422,
            "std": 73.31204961054867,
            "median": 174.4850615259079
          },
          "dist_pair10": {
            "mean": 216.77918099737332,
            "std": 66.98079040885858,
            "median": 263.3239630699817
          },
          "dist_pair11": {
            "mean": 224.39351853371016,
            "std": 52.8563922794229,
            "median": 255.91899134554527
          },
          "dist_pair12": {
            "mean": 168.9669456264044,
            "std": 45.67265813272573,
            "median": 197.4692407351092
          },
          "dist_pair13": {
            "mean": 113.87580551705892,
            "std": 61.08834729996329,
            "median": 112.03963147553894
          },
          "dist_pair14": {
            "mean": 112.26998295276357,
            "std": 67.74649545042578,
            "median": 118.52943264263203
          },
          "dist_pair15": {
            "mean": 86.28076186903243,
            "std": 55.35967924266371,
            "median": 48.502056000586826
          },
          "dist_pair16": {
            "mean": 65.40713578136898,
            "std": 61.911365347786386,
            "median": 28.686980597613218
          },
          "dist_pair17": {
            "mean": 158.87936297155616,
            "std": 49.9130494012366,
            "median": 187.28261404558108
          },
          "dist_pair18": {
            "mean": 97.60245374057101,
            "std": 75.86346267815455,
            "median": 67.52679193527264
          },
          "dist_pair19": {
            "mean": 92.14593393173159,
            "std": 69.10532502987577,
            "median": 60.54157787166102
          },
          "dist_pair20": {
            "mean": 101.12151624232618,
            "std": 60.319432568700364,
            "median": 83.35203977924887
          },
          "dist_pair21": {
            "mean": 130.38418096692675,
            "std": 38.56755608090611,
            "median": 128.71833509566724
          },
          "dist_pair22": {
            "mean": 107.19373505276049,
            "std": 79.13155861060773,
            "median": 102.62594152949922
          },
          "dist_pair23": {
            "mean": 100.37562392300809,
            "std": 73.82331671120582,
            "median": 66.11428416906872
          },
          "dist_pair24": {
            "mean": 156.70651499580745,
            "std": 50.164155911761426,
            "median": 173.92573504162635
          },
          "dist_pair25": {
            "mean": 80.0783992775638,
            "std": 54.81929839017138,
            "median": 67.84546676307177
          },
          "dist_pair26": {
            "mean": 150.85909166237195,
            "std": 28.12504706935609,
            "median": 153.3502873052071
          },
          "dist_pair27": {
            "mean": 181.87191322537328,
            "std": 28.879809551201173,
            "median": 182.41222043768408
          },
          "centroid_speed": {
            "mean": 164.92786863162343,
            "std": 145.9464063833793,
            "median": 138.53710628596656
          },
          "body_orientation": {
            "mean": -0.8025084388413358,
            "std": 0.18342972128331092,
            "median": -0.7930829835710035
          },
          "elongation": {
            "mean": 2.1487094632290407,
            "std": 0.49810073041082104,
            "median": 2.1139558929354942
          },
          "angular_velocity": {
            "mean": 0.3170803623301941,
            "std": 3.1946862474292157,
            "median": 0.002344603508638299
          },
          "movement_entropy": {
            "mean": -0.049616676655043886,
            "std": 0.8118736822763655,
            "median": 0.03412320184397399
          },
          "speed_mean_window": {
            "mean": 272.409121939502,
            "std": 141.364394935151,
            "median": 257.7052356939169
          },
          "speed_std_window": {
            "mean": 552.4673706275142,
            "std": 178.41002924766988,
            "median": 574.2474816048622
          },
          "speed_max_window": {
            "mean": 2629.1683844720133,
            "std": 587.1538125418979,
            "median": 2770.4576224779034
          },
          "speed_p90_window": {
            "mean": 1010.42859335108,
            "std": 578.0616569069607,
            "median": 1056.8910728063952
          },
          "dist_mean_window": {
            "mean": 127.4105667113228,
            "std": 11.12210529846613,
            "median": 127.91937341719802
          },
          "dist_std_window": {
            "mean": 75.49056543161264,
            "std": 8.576113961685985,
            "median": 74.18578462919486
          },
          "angular_vel_mean_window": {
            "mean": 1.9416038493719243,
            "std": 1.2904002307546176,