state,occurrence_rate,total_duration_sec,n_bouts,mean_bout_duration_sec
state_0,0.3789649415692821,68.1,166,0.4102409638554217
state_1,0.6210350584307178,111.6,165,0.6763636363636363
