,State_0,State_1
State_0,0.9191968658178257,0.08080313418217434
State_1,0.0492831541218638,0.9507168458781362
