,State_0,State_1,State_2
State_0,0.9515260323159784,0.019748653500897665,0.02872531418312388
State_1,0.01858736059479554,0.9349442379182156,0.046468401486988845
State_2,0.003266090297790586,0.004610951008645533,0.9921229586935639
