{
  "behavioral_states": {
    "n_states": 2,
    "states": {
      "state_0": {
        "occurrence_rate": 0.6349471341124096,
        "total_frames": 3423,
        "total_duration_sec": 114.1,
        "n_bouts": 104,
        "mean_bout_duration_sec": 1.0971153846153847,
        "median_bout_duration_sec": 0.11666666666666667,
        "max_bout_duration_sec": 19.166666666666668,
        "feature_profile": {
          "speed_kp0": {
            "mean": 225.34383691378122,
            "std": 405.7765468405684,
            "median": 51.250439708435316
          },
          "speed_kp1": {
            "mean": 223.9363077704466,
            "std": 361.0740656633837,
            "median": 68.69893449810644
          },
          "speed_kp2": {
            "mean": 242.79348973482473,
            "std": 408.42199675573295,
            "median": 57.8826185811709
          },
          "speed_kp3": {
            "mean": 134.87194469777532,
            "std": 238.95977419828807,
            "median": 51.95155007436597
          },
          "speed_kp4": {
            "mean": 314.66096464825864,
            "std": 453.8234033773482,
            "median": 124.21148919462887
          },
          "speed_kp5": {
            "mean": 331.13015089048685,
            "std": 553.5626248392241,
            "median": 58.62703067228042
          },
          "speed_kp6": {
            "mean": 273.9026819477263,
            "std": 453.1897331327804,
            "median": 38.445645000523506
          },
          "speed_kp7": {
            "mean": 42.95436940169944,
            "std": 190.5541081206388,
            "median": 0.7481025490236023
          },
          "dist_pair0": {
            "mean": 35.55462770270129,
            "std": 33.83467366088123,
            "median": 24.695661829731847
          },
          "dist_pair1": {
            "mean": 41.73065624248224,
            "std": 38.43219080940382,
            "median": 28.98494394904561
          },
          "dist_pair2": {
            "mean": 49.279234274234405,
            "std": 27.77077416791996,
            "median": 41.601179093036905
          },
          "dist_pair3": {
            "mean": 74.57666246511134,
            "std": 38.237669481662984,
            "median": 69.41342291755694
          },
          "dist_pair4": {
            "mean": 101.95431405403768,
            "std": 60.2054053232025,
            "median": 83.68626214656267
          },
          "dist_pair5": {
            "mean": 73.9017308976714,
            "std": 46.105385286348,
            "median": 73.33652930530077
          },
          "dist_pair6": {
            "mean": 173.19911449237446,
            "std": 39.397648048855366,
            "median": 182.4076753044156
          },
          "dist_pair7": {
            "mean": 42.99883484853021,
            "std": 37.34195887228086,
            "median": 28.394936647551617
          },
          "dist_pair8": {
            "mean": 48.54758590936384,
            "std": 31.20466094810261,
            "median": 38.024071493218315
          },
          "dist_pair9": {
            "mean": 69.5945056317549,
            "std": 39.94166608783919,
            "median": 60.17545396311013
          },
          "dist_pair10": {
            "mean": 98.67875362412136,
            "std": 59.952350925588206,
            "median": 76.65319460154556
          },
          "dist_pair11": {
            "mean": 77.63616247454513,
            "std": 48.075954388204664,
            "median": 73.20600744881521
          },
          "dist_pair12": {
            "mean": 171.2192770591844,
            "std": 35.080246974349826,
            "median": 173.49064906087443
          },
          "dist_pair13": {
            "mean": 64.88882509487254,
            "std": 29.713543301423403,
            "median": 54.190413654055895
          },
          "dist_pair14": {
            "mean": 82.40684837295856,
            "std": 35.44627796627812,
            "median": 77.14588178991981
          },
          "dist_pair15": {
            "mean": 116.24824175941527,
            "std": 56.87050021242148,
            "median": 106.61618832935264
          },
          "dist_pair16": {
            "mean": 71.84981767409114,
            "std": 54.30321577847925,
            "median": 73.8936318254085
          },
          "dist_pair17": {
            "mean": 185.3496208150886,
            "std": 39.79692520221189,
            "median": 206.52149802881019
          },
          "dist_pair18": {
            "mean": 52.60792769950185,
            "std": 41.04033798253648,
            "median": 40.578798611149686
          },
          "dist_pair19": {
            "mean": 83.7127369892925,
            "std": 65.10748055107405,
            "median": 46.91031381702661
          },
          "dist_pair20": {
            "mean": 72.7105630824426,
            "std": 40.79495453374338,
            "median": 56.474291991733935
          },
          "dist_pair21": {
            "mean": 147.98800944450102,
            "std": 34.09422693154748,
            "median": 155.0720940301517
          },
          "dist_pair22": {
            "mean": 97.92944683890047,
            "std": 75.48833332024907,
            "median": 79.1754020748252
          },
          "dist_pair23": {
            "mean": 87.00763291596935,
            "std": 52.129426870878206,
            "median": 77.89454165272385
          },
          "dist_pair24": {
            "mean": 158.90087251775722,
            "std": 46.457849181878174,
            "median": 156.63593020326746
          },
          "dist_pair25": {
            "mean": 113.23428392763458,
            "std": 65.18056713896536,
            "median": 103.97393817306144
          },
          "dist_pair26": {
            "mean": 113.42084241199107,
            "std": 32.853922334243364,
            "median": 116.7372819474584
          },
          "dist_pair27": {
            "mean": 178.0145211070065,
            "std": 40.70797523774153,
            "median": 196.33152855443834
          },
          "centroid_speed": {
            "mean": 129.40330190302987,
            "std": 112.33058406206685,
            "median": 99.31400743174135
          },
          "body_orientation": {
            "mean": -0.7758927585739791,
            "std": 0.3400343851713136,
            "median": -0.7834321283021843
          },
          "elongation": {
            "mean": 2.397860812544946,
            "std": 1.0894560070591826,
            "median": 2.074867191907606
          },
          "angular_velocity": {
            "mean": -0.0544867852994666,
            "std": 5.4629590255490985,
            "median": -0.017909535241810156
          },
          "movement_entropy": {
            "mean": 0.046047199289923624,
            "std": 0.01540959725360374,
            "median": 0.04360000598224841
          },
          "speed_mean_window": {
            "mean": 234.8439784605986,
            "std": 112.88385671938762,
            "median": 220.66016456300477
          },
          "speed_std_window": {
            "mean": 392.2904747588886,
            "std": 121.6799788960475,
            "median": 395.7603048960795
          },
          "speed_max_window": {
            "mean": 2170.39984054994,
            "std": 592.2295080626993,
            "median": 2154.3341107677816
          },
          "speed_p90_window": {
            "mean": 714.410796701989,
            "std": 351.3245729511724,
            "median": 691.5666055024046
          },
          "dist_mean_window": {
            "mean": 97.47289756621115,
            "std": 15.28157378487591,
            "median": 98.5599180803682
          },
          "dist_std_window": {
            "mean": 61.73686471611407,
            "std": 9.812678542325374,
            "median": 61.28504186927751
          },
          "angular_vel_mean_window": {
            "mean": 2.4342757640823214,
            "std": 2.0223515717695837,