state,occurrence_rate,total_duration_sec,n_bouts,mean_bout_duration_sec
state_0,0.6349471341124096,114.1,104,1.0971153846153847
state_1,0.36505286588759045,65.6,104,0.6307692307692307
