,State_0,State_1
State_0,0.9699006428988896,0.03009935710111046
State_1,0.052845528455284556,0.9471544715447154
