{
  "behavioral_states": {
    "n_states": 2,
    "states": {
      "state_0": {
        "occurrence_rate": 0.3727744807121662,
        "total_frames": 2010,
        "total_duration_sec": 67.0,
        "n_bouts": 187,
        "mean_bout_duration_sec": 0.3582887700534759,
        "median_bout_duration_sec": 0.1,
        "max_bout_duration_sec": 4.433333333333334,
        "feature_profile": {
          "speed_kp0": {
            "mean": 560.7590074827914,
            "std": 687.7885729516242,
            "median": 277.5589184117879
          },
          "speed_kp1": {
            "mean": 553.7123755204685,
            "std": 716.4198176474279,
            "median": 244.25190914598002
          },
          "speed_kp2": {
            "mean": 540.6319866283466,
            "std": 982.9873136794855,
            "median": 25.493130304846616
          },
          "speed_kp3": {
            "mean": 428.0613231794843,
            "std": 454.65209100690555,
            "median": 262.60451964525055
          },
          "speed_kp4": {
            "mean": 887.334378999799,
            "std": 729.8656416469264,
            "median": 748.3279185269088
          },
          "speed_kp5": {
            "mean": 1228.2621218262527,
            "std": 843.7528903860705,
            "median": 1148.059407302252
          },
          "speed_kp6": {
            "mean": 1084.141367356031,
            "std": 970.6090218792652,
            "median": 907.2105315228695
          },
          "speed_kp7": {
            "mean": 897.6968762781805,
            "std": 932.1119809620689,
            "median": 641.3690238807379
          },
          "dist_pair0": {
            "mean": 90.24115001722363,
            "std": 70.50979196984974,
            "median": 65.1464597976627
          },
          "dist_pair1": {
            "mean": 111.9448919856619,
            "std": 68.45838797001946,
            "median": 88.2461690064184
          },
          "dist_pair2": {
            "mean": 87.74123734538131,
            "std": 55.37701845466181,
            "median": 73.76869491780145
          },
          "dist_pair3": {
            "mean": 114.59328297925734,
            "std": 52.0118871699294,
            "median": 111.69393488465766
          },
          "dist_pair4": {
            "mean": 145.22285189085426,
            "std": 62.1445804616608,
            "median": 143.6951396537261
          },
          "dist_pair5": {
            "mean": 169.4108335071108,
            "std": 62.29139208218593,
            "median": 173.38364716628786
          },
          "dist_pair6": {
            "mean": 163.66882105914468,
            "std": 44.53077135080505,
            "median": 167.14257094090829
          },
          "dist_pair7": {
            "mean": 161.11885044364277,
            "std": 78.45445519489847,
            "median": 152.99683217890953
          },
          "dist_pair8": {
            "mean": 67.77927271383658,
            "std": 41.56676619785196,
            "median": 56.51688045269853
          },
          "dist_pair9": {
            "mean": 107.91609050573518,
            "std": 48.07746043818599,
            "median": 103.88184293603402
          },
          "dist_pair10": {
            "mean": 126.79148829293769,
            "std": 60.99926464095582,
            "median": 121.21490949812662
          },
          "dist_pair11": {
            "mean": 158.38309540697617,
            "std": 58.888452280574334,
            "median": 163.3424435606422
          },
          "dist_pair12": {
            "mean": 164.9891104985521,
            "std": 51.45210675392067,
            "median": 166.38875611813597
          },
          "dist_pair13": {
            "mean": 137.03849548650282,
            "std": 68.90438046968801,
            "median": 120.77461029204375
          },
          "dist_pair14": {
            "mean": 137.46011939534097,
            "std": 62.05820821347711,
            "median": 136.06933294179078
          },
          "dist_pair15": {
            "mean": 174.3468380448442,
            "std": 64.47991946136295,
            "median": 173.6175151124695
          },
          "dist_pair16": {
            "mean": 181.75802720431147,
            "std": 57.79638707854299,
            "median": 185.6994383431135
          },
          "dist_pair17": {
            "mean": 164.33120842034734,
            "std": 54.5395573319206,
            "median": 174.9961638837901
          },
          "dist_pair18": {
            "mean": 82.54971859543772,
            "std": 47.2745078092262,
            "median": 73.5940364794064
          },
          "dist_pair19": {
            "mean": 110.74869866640853,
            "std": 60.890675169665656,
            "median": 100.8332274751111
          },
          "dist_pair20": {
            "mean": 137.22630678922533,
            "std": 58.654830602030536,
            "median": 139.3191064215295
          },
          "dist_pair21": {
            "mean": 145.58715160849465,
            "std": 46.431298539341526,
            "median": 146.6528064635952
          },
          "dist_pair22": {
            "mean": 120.27024282206789,
            "std": 62.68758555159082,
            "median": 111.74092493328416
          },
          "dist_pair23": {
            "mean": 117.32377104230524,
            "std": 58.551191820755754,
            "median": 109.37757485676937
          },
          "dist_pair24": {
            "mean": 124.21262210725752,
            "std": 60.48473819304339,
            "median": 123.01888281628129
          },
          "dist_pair25": {
            "mean": 129.6289676082475,
            "std": 62.671815793210854,
            "median": 125.61525107702721
          },
          "dist_pair26": {
            "mean": 128.73083165937126,
            "std": 61.269000465214496,
            "median": 127.81437422680563
          },
          "dist_pair27": {
            "mean": 118.15465270902922,
            "std": 58.18003998607526,
            "median": 110.27312738012331
          },
          "centroid_speed": {
            "mean": 356.6066852341843,
            "std": 193.14885788924306,
            "median": 325.09990094674606
          },
          "body_orientation": {
            "mean": -1.0561433283308583,
            "std": 0.6677875820501817,
            "median": -1.122435699886895
          },
          "elongation": {
            "mean": 1.7346113463935733,
            "std": 0.585926432116434,
            "median": 1.5856906746890775
          },
          "angular_velocity": {
            "mean": 0.7051849875989755,
            "std": 19.449125878529358,
            "median": 0.06572661268384072
          },
          "movement_entropy": {
            "mean": 0.028053553015553807,
            "std": 0.004752507237739847,
            "median": 0.0285393300086094
          },
          "speed_mean_window": {
            "mean": 744.7878258887955,
            "std": 111.7903854900116,
            "median": 736.7271473689382
          },
          "speed_std_window": {
            "mean": 829.1817271855713,
            "std": 83.60260139168817,
            "median": 829.3605643818362
          },
          "speed_max_window": {
            "mean": 3919.1880786062097,
            "std": 495.88533882831507,
            "median": 3838.6703057732943
          },
          "speed_p90_window": {
            "mean": 1967.4861414098139,
            "std": 234.36710203182707,
            "median": 1964.2581481187467
          },
          "dist_mean_window": {
            "mean": 131.14301650154945,
            "std": 10.90295094484117,
            "median": 131.95394852911946
          },
          "dist_std_window": {
            "mean": 64.70303023347292,
            "std": 5.370490636554685,
            "median": 64.49711329446421
          },
          "angular_vel_mean_window": {
            "mean": 10.755797542598954,
            "std": 5.659510897054093,