state,occurrence_rate,total_duration_sec,n_bouts,mean_bout_duration_sec
state_0,0.3727744807121662,67.0,187,0.3582887700534759
state_1,0.6272255192878339,112.73333333333333,186,0.6060931899641577
