,State_0,State_1
State_0,0.90741662518666,0.09258337481333997
State_1,0.05499704316972206,0.9450029568302779
