{
  "behavioral_states": {
    "n_states": 2,
    "states": {
      "state_0": {
        "occurrence_rate": 0.5863874345549738,
        "total_frames": 3696,
        "total_duration_sec": 123.2,
        "n_bouts": 120,
        "mean_bout_duration_sec": 1.0266666666666666,
        "median_bout_duration_sec": 0.13333333333333333,
        "max_bout_duration_sec": 11.9,
        "feature_profile": {
          "speed_kp0": {
            "mean": 54.30582352219598,
            "std": 60.39366470402574,
            "median": 33.80647474893945
          },
          "speed_kp1": {
            "mean": 56.594310978042664,
            "std": 67.81808450430835,
            "median": 35.189089040278446
          },
          "speed_kp2": {
            "mean": 101.02747104755011,
            "std": 176.71604241779357,
            "median": 57.79107912663191
          },
          "speed_kp3": {
            "mean": 34.882860030069594,
            "std": 36.65862691109439,
            "median": 21.808104936061383
          },
          "speed_kp4": {
            "mean": 43.050454128020164,
            "std": 63.71053275019354,
            "median": 24.43418222366749
          },
          "speed_kp5": {
            "mean": 38.10698810562404,
            "std": 58.29846741751661,
            "median": 20.330335943161828
          },
          "speed_kp6": {
            "mean": 28.22884590183489,
            "std": 50.29598748294941,
            "median": 12.718837968241013
          },
          "speed_kp7": {
            "mean": 318.7494818042548,
            "std": 664.0128598521005,
            "median": 17.19544732816665
          },
          "dist_pair0": {
            "mean": 33.84990468502479,
            "std": 5.854555635327122,
            "median": 32.95896835931541
          },
          "dist_pair1": {
            "mean": 33.929479501934495,
            "std": 13.604438135028625,
            "median": 30.81987722475732
          },
          "dist_pair2": {
            "mean": 31.727058649150344,
            "std": 5.431380430747069,
            "median": 31.41276119954113
          },
          "dist_pair3": {
            "mean": 62.35966136338313,
            "std": 14.249512870141128,
            "median": 62.19687266454965
          },
          "dist_pair4": {
            "mean": 72.92855583796832,
            "std": 9.690930011950206,
            "median": 73.61948804135588
          },
          "dist_pair5": {
            "mean": 93.21645779194613,
            "std": 15.431563340990515,
            "median": 96.68414365994707
          },
          "dist_pair6": {
            "mean": 127.31081579036953,
            "std": 27.490546206967213,
            "median": 124.94202630163092
          },
          "dist_pair7": {
            "mean": 33.50613513773458,
            "std": 15.191818179713042,
            "median": 32.17195172622833
          },
          "dist_pair8": {
            "mean": 33.94609351532142,
            "std": 4.3388727092649235,
            "median": 33.91887353846084
          },
          "dist_pair9": {
            "mean": 77.81677289368412,
            "std": 8.011747542972682,
            "median": 77.3976715037247
          },
          "dist_pair10": {
            "mean": 59.66497636088725,
            "std": 13.20527184589184,
            "median": 59.44152803950357
          },
          "dist_pair11": {
            "mean": 94.43409320943707,
            "std": 13.486353435931987,
            "median": 96.7288378960769
          },
          "dist_pair12": {
            "mean": 126.03250214630619,
            "std": 30.469044916465602,
            "median": 125.11039069208907
          },
          "dist_pair13": {
            "mean": 55.26088317377392,
            "std": 12.528639031798528,
            "median": 54.090070215205515
          },
          "dist_pair14": {
            "mean": 91.32388198894535,
            "std": 14.771597927072111,
            "median": 88.4321453892021
          },
          "dist_pair15": {
            "mean": 87.92276495652297,
            "std": 15.816820845144292,
            "median": 85.72684530204349
          },
          "dist_pair16": {
            "mean": 115.57208795167922,
            "std": 14.156649041591757,
            "median": 114.51431411653166
          },
          "dist_pair17": {
            "mean": 142.73623767617593,
            "std": 33.53132790014863,
            "median": 139.50624992956284
          },
          "dist_pair18": {
            "mean": 45.47246411437038,
            "std": 6.283536521201941,
            "median": 46.22117322479747
          },
          "dist_pair19": {
            "mean": 44.055330334358935,
            "std": 6.717626586632803,
            "median": 44.30378686897326
          },
          "dist_pair20": {
            "mean": 67.33076748416048,
            "std": 8.056361292352264,
            "median": 68.49938646061236
          },
          "dist_pair21": {
            "mean": 109.93584701846233,
            "std": 25.75074026465133,
            "median": 105.51661019814935
          },
          "dist_pair22": {
            "mean": 61.77456945113664,
            "std": 6.443244076346255,
            "median": 63.77598025859494
          },
          "dist_pair23": {
            "mean": 46.62932739713607,
            "std": 11.22046946237868,
            "median": 45.85830197225526
          },
          "dist_pair24": {
            "mean": 95.49800937162955,
            "std": 37.45724341519641,
            "median": 86.06614654246309
          },
          "dist_pair25": {
            "mean": 48.087076026091474,
            "std": 10.047471682889817,
            "median": 49.337876235473246
          },
          "dist_pair26": {
            "mean": 90.77076254311916,
            "std": 32.76080929264786,
            "median": 80.89899035272666
          },
          "dist_pair27": {
            "mean": 66.77335597616488,
            "std": 37.70281679327188,
            "median": 61.472550679018966
          },
          "centroid_speed": {
            "mean": 61.75806836030873,
            "std": 82.1035530721065,
            "median": 30.351556010288434
          },
          "body_orientation": {
            "mean": -0.4645164500122314,
            "std": 0.7909273061931902,
            "median": -0.23856107996922843
          },
          "elongation": {
            "mean": 2.068787212776428,
            "std": 0.6126828649934999,
            "median": 2.0569058890106238
          },
          "angular_velocity": {
            "mean": 0.48201737603096223,
            "std": 17.632416503965977,
            "median": 0.00020755410189240986
          },
          "movement_entropy": {
            "mean": 0.15204451882297826,
            "std": 0.18137337819506416,
            "median": 0.08530982189979926
          },
          "speed_mean_window": {
            "mean": 85.6249518876505,
            "std": 63.00167151644764,
            "median": 72.21090469135143
          },
          "speed_std_window": {
            "mean": 197.43150904627723,
            "std": 173.10150772506216,
            "median": 117.43504194593932
          },
          "speed_max_window": {
            "mean": 1457.1887401017236,
            "std": 1218.875753677164,
            "median": 910.059316714276
          },
          "speed_p90_window": {
            "mean": 142.93662240165597,
            "std": 119.92977014624219,
            "median": 119.20580706893017
          },
          "dist_mean_window": {
            "mean": 76.25268123965742,
            "std": 8.916909321382438,
            "median": 74.50915122632045
          },
          "dist_std_window": {
            "mean": 40.80972077179434,
            "std": 12.672865911256036,
            "median": 36.641837240737985
          },
          "angular_vel_mean_window": {
            "mean": 5.406437132692562,
            "std": 6.9534851440961,