,State_0,State_1
State_0,0.9675324675324676,0.032467532467532464
State_1,0.04604758250191865,0.9539524174980814
