,State_0,State_1,State_2
State_0,0.9456224350205198,0.028727770177838577,0.025649794801641587
State_1,0.061313868613138686,0.9182481751824818,0.020437956204379562
State_2,0.06843065693430657,0.025547445255474453,0.906021897810219
