{
  "behavioral_states": {
    "n_states": 2,
    "states": {
      "state_0": {
        "occurrence_rate": 0.6412250079339892,
        "total_frames": 4041,
        "total_duration_sec": 134.7,
        "n_bouts": 174,
        "mean_bout_duration_sec": 0.7741379310344828,
        "median_bout_duration_sec": 0.13333333333333333,
        "max_bout_duration_sec": 12.966666666666667,
        "feature_profile": {
          "speed_kp0": {
            "mean": 97.31822576314453,
            "std": 107.65703646048746,
            "median": 69.72091449151094
          },
          "speed_kp1": {
            "mean": 97.43046061114781,
            "std": 103.06707411415367,
            "median": 73.99151119783993
          },
          "speed_kp2": {
            "mean": 151.1606746130093,
            "std": 328.7407853980649,
            "median": 94.95130374389142
          },
          "speed_kp3": {
            "mean": 61.00750403221997,
            "std": 61.90997598285557,
            "median": 43.959015560656866
          },
          "speed_kp4": {
            "mean": 115.56420373968056,
            "std": 206.73173816873773,
            "median": 46.410995281895296
          },
          "speed_kp5": {
            "mean": 154.58539441446158,
            "std": 240.5519816465847,
            "median": 63.580776025383
          },
          "speed_kp6": {
            "mean": 110.8841399536066,
            "std": 205.8346325646134,
            "median": 42.55166482631531
          },
          "speed_kp7": {
            "mean": 205.42616271667902,
            "std": 529.7741438485053,
            "median": 11.226297367726014
          },
          "dist_pair0": {
            "mean": 27.289522707301536,
            "std": 7.427564112910554,
            "median": 27.62180596041349
          },
          "dist_pair1": {
            "mean": 30.309550098004827,
            "std": 11.33146574536197,
            "median": 29.467669056014476
          },
          "dist_pair2": {
            "mean": 40.46222473781005,
            "std": 7.44545130318384,
            "median": 39.92510170072578
          },
          "dist_pair3": {
            "mean": 60.122571114086135,
            "std": 15.88471275846393,
            "median": 62.05239320085976
          },
          "dist_pair4": {
            "mean": 65.71175989545691,
            "std": 16.405979404831378,
            "median": 66.75204077450542
          },
          "dist_pair5": {
            "mean": 83.43215553438885,
            "std": 25.378188615827035,
            "median": 89.20440550374984
          },
          "dist_pair6": {
            "mean": 148.16927333727497,
            "std": 37.84673257323282,
            "median": 154.27515357130127
          },
          "dist_pair7": {
            "mean": 26.87267356445844,
            "std": 12.488873759778855,
            "median": 25.150227356427436
          },
          "dist_pair8": {
            "mean": 39.692904286891064,
            "std": 8.068198933130363,
            "median": 39.37940967931119
          },
          "dist_pair9": {
            "mean": 64.04170477210938,
            "std": 17.83431626065263,
            "median": 67.40483476668733
          },
          "dist_pair10": {
            "mean": 59.79834207854108,
            "std": 18.586089698988054,
            "median": 60.58159401922644
          },
          "dist_pair11": {
            "mean": 85.2182245603276,
            "std": 25.76644463184409,
            "median": 92.11701711084758
          },
          "dist_pair12": {
            "mean": 151.37174080290683,
            "std": 38.12162920074115,
            "median": 160.4421219403676
          },
          "dist_pair13": {
            "mean": 60.104872548515786,
            "std": 11.77264479085155,
            "median": 58.909737621998026
          },
          "dist_pair14": {
            "mean": 81.58857265053868,
            "std": 20.283501221602346,
            "median": 82.96821235425601
          },
          "dist_pair15": {
            "mean": 80.42062199336023,
            "std": 23.64443591276259,
            "median": 82.70759500882836
          },
          "dist_pair16": {
            "mean": 103.59066792770741,
            "std": 29.454901438350934,
            "median": 110.10163654335254
          },
          "dist_pair17": {
            "mean": 156.22169828043565,
            "std": 42.37462154612273,
            "median": 163.4822628181288
          },
          "dist_pair18": {
            "mean": 34.26550038134462,
            "std": 8.113488346677704,
            "median": 33.91877988602167
          },
          "dist_pair19": {
            "mean": 35.46540399856658,
            "std": 9.503027904965421,
            "median": 34.638320656954015
          },
          "dist_pair20": {
            "mean": 53.77643815339726,
            "std": 12.424047922437905,
            "median": 53.53560543343927
          },
          "dist_pair21": {
            "mean": 137.2409745949437,
            "std": 34.81335361033968,
            "median": 136.82748820890856
          },
          "dist_pair22": {
            "mean": 40.176036373293314,
            "std": 18.26612170138699,
            "median": 45.57662805038881
          },
          "dist_pair23": {
            "mean": 37.5195912808764,
            "std": 15.046428919644493,
            "median": 37.785279815077374
          },
          "dist_pair24": {
            "mean": 126.5138444594001,
            "std": 37.68211343758126,
            "median": 128.8769865840199
          },
          "dist_pair25": {
            "mean": 43.553580593155296,
            "std": 17.042316684748204,
            "median": 44.81982494519996
          },
          "dist_pair26": {
            "mean": 130.28774485598814,
            "std": 37.63588130376997,
            "median": 129.41224560079016
          },
          "dist_pair27": {
            "mean": 114.28333045220921,
            "std": 46.01564868970959,
            "median": 110.2794487924703
          },
          "centroid_speed": {
            "mean": 78.70247110150632,
            "std": 84.34948843154041,
            "median": 55.005340928272346
          },
          "body_orientation": {
            "mean": -0.6724943483932817,
            "std": 0.917695407066319,
            "median": -0.366043355158804
          },
          "elongation": {
            "mean": 2.652858678398358,
            "std": 1.0918339496931293,
            "median": 2.3373326401050822
          },
          "angular_velocity": {
            "mean": 0.12614933042849674,
            "std": 15.38625074595743,
            "median": -0.014170585113109369
          },
          "movement_entropy": {
            "mean": 0.10508951952931604,
            "std": 0.11264025641790557,
            "median": 0.0771850451478891
          },
          "speed_mean_window": {
            "mean": 124.96391481398673,
            "std": 73.69475050590026,
            "median": 121.30197695023514
          },
          "speed_std_window": {
            "mean": 211.75847053731061,
            "std": 163.58553366663986,
            "median": 168.30287681445415
          },
          "speed_max_window": {
            "mean": 1543.9850874320553,
            "std": 1192.7061385719155,
            "median": 1097.6121568416147
          },
          "speed_p90_window": {
            "mean": 261.8233419021991,
            "std": 174.76214578226555,
            "median": 238.54502381274443
          },
          "dist_mean_window": {
            "mean": 78.55423786680005,
            "std": 9.96650379881703,
            "median": 79.40629041439615
          },
          "dist_std_window": {
            "mean": 49.95218881278229,
            "std": 12.780602985873843,
            "median": 48.895377086508354
          },
          "angular_vel_mean_window": {
            "mean": 4.076226681764968,
            "std": 5.48246085121215,