state,occurrence_rate,total_duration_sec,n_bouts,mean_bout_duration_sec
state_0,0.6412250079339892,134.7,174,0.7741379310344828
state_1,0.35877499206601077,75.36666666666666,174,0.4331417624521073
