,State_0,State_1
State_0,0.9571782178217821,0.042821782178217825
State_1,0.07695709862892526,0.9230429013710747
