{
  "behavioral_states": {
    "n_states": 2,
    "states": {
      "state_0": {
        "occurrence_rate": 0.6406974587275088,
        "total_frames": 3454,
        "total_duration_sec": 115.13333333333334,
        "n_bouts": 33,
        "mean_bout_duration_sec": 3.488888888888889,
        "median_bout_duration_sec": 0.06666666666666667,
        "max_bout_duration_sec": 33.96666666666667,
        "feature_profile": {
          "speed_kp0": {
            "mean": 14.396353772813654,
            "std": 12.250527073910547,
            "median": 11.14614861998758
          },
          "speed_kp1": {
            "mean": 21.510792009557377,
            "std": 21.047639298500705,
            "median": 16.485524912616462
          },
          "speed_kp2": {
            "mean": 34.92698069633355,
            "std": 41.57969769191063,
            "median": 21.207272644205496
          },
          "speed_kp3": {
            "mean": 11.373324730657012,
            "std": 8.536326918642327,
            "median": 9.391996604669174
          },
          "speed_kp4": {
            "mean": 11.485619877757347,
            "std": 7.790603369531389,
            "median": 9.788322978787889
          },
          "speed_kp5": {
            "mean": 15.526310963443517,
            "std": 13.497484289724076,
            "median": 11.465755457057814
          },
          "speed_kp6": {
            "mean": 10.2620868015068,
            "std": 7.171283251840544,
            "median": 8.576821886230778
          },
          "speed_kp7": {
            "mean": 4.244324420034058,
            "std": 3.2513773492060603,
            "median": 3.4367099803760777
          },
          "dist_pair0": {
            "mean": 29.66296661783762,
            "std": 2.0482373522101995,
            "median": 29.711206317918283
          },
          "dist_pair1": {
            "mean": 30.796860058611056,
            "std": 8.107832074905744,
            "median": 28.613780161758008
          },
          "dist_pair2": {
            "mean": 28.96739339364406,
            "std": 1.6227386046412036,
            "median": 28.925671020618054
          },
          "dist_pair3": {
            "mean": 53.98884363339875,
            "std": 2.4225722844667046,
            "median": 53.8322410231231
          },
          "dist_pair4": {
            "mean": 65.32507560467184,
            "std": 2.9736532007367527,
            "median": 65.58409321839193
          },
          "dist_pair5": {
            "mean": 80.79772284947042,
            "std": 3.369086846583209,
            "median": 80.78197088103433
          },
          "dist_pair6": {
            "mean": 148.51150448337032,
            "std": 4.4692161046329,
            "median": 148.8092206312462
          },
          "dist_pair7": {
            "mean": 30.054894136408777,
            "std": 6.782179324900223,
            "median": 29.075249129494892
          },
          "dist_pair8": {
            "mean": 29.075559022875577,
            "std": 3.3466491215714886,
            "median": 29.06594351488672
          },
          "dist_pair9": {
            "mean": 70.71568752742517,
            "std": 3.365517516501308,
            "median": 71.10122221035404
          },
          "dist_pair10": {
            "mean": 51.047276680880564,
            "std": 5.465782946784388,
            "median": 51.17240175777171
          },
          "dist_pair11": {
            "mean": 83.28183979946644,
            "std": 4.7698395703168615,
            "median": 83.47618910721205
          },
          "dist_pair12": {
            "mean": 145.31107777905265,
            "std": 8.148932222555835,
            "median": 145.84771007717612
          },
          "dist_pair13": {
            "mean": 50.72585404683493,
            "std": 6.817350629695893,
            "median": 48.99443649528461
          },
          "dist_pair14": {
            "mean": 83.48830611095481,
            "std": 8.767887428936092,
            "median": 81.34067166795901
          },
          "dist_pair15": {
            "mean": 79.06447189018039,
            "std": 7.43220479846363,
            "median": 79.12942519962105
          },
          "dist_pair16": {
            "mean": 105.66878509040339,
            "std": 7.5773631865532876,
            "median": 104.10368190906098
          },
          "dist_pair17": {
            "mean": 170.4085790273897,
            "std": 8.54392197354126,
            "median": 171.06103022951186
          },
          "dist_pair18": {
            "mean": 43.509273243537294,
            "std": 1.363693330539703,
            "median": 43.50303994606719
          },
          "dist_pair19": {
            "mean": 37.33419938183463,
            "std": 2.2419525258178803,
            "median": 37.87568583974402
          },
          "dist_pair20": {
            "mean": 56.08533092656716,
            "std": 2.4389753441391835,
            "median": 55.75307153650178
          },
          "dist_pair21": {
            "mean": 121.61164721724762,
            "std": 4.4339981114595375,
            "median": 122.49015338127242
          },
          "dist_pair22": {
            "mean": 64.1157150941585,
            "std": 1.1005418143981305,
            "median": 64.17585780990933
          },
          "dist_pair23": {
            "mean": 42.0274267671782,
            "std": 2.201880881514166,
            "median": 41.970309041793975
          },
          "dist_pair24": {
            "mean": 108.89597583158978,
            "std": 2.6994192467608094,
            "median": 109.01484790074716
          },
          "dist_pair25": {
            "mean": 47.3889599807319,
            "std": 3.567491761944099,
            "median": 46.8020434708571
          },
          "dist_pair26": {
            "mean": 97.28494293817771,
            "std": 6.193523681185308,
            "median": 98.42588827857676
          },
          "dist_pair27": {
            "mean": 69.76893164644585,
            "std": 2.693388290948752,
            "median": 70.04294292671952
          },
          "centroid_speed": {
            "mean": 8.357529351021016,
            "std": 7.501663564954829,
            "median": 6.441715050364457
          },
          "body_orientation": {
            "mean": 0.3245586952781818,
            "std": 0.07826693877811924,
            "median": 0.3198440028603945
          },
          "elongation": {
            "mean": 2.686134659748304,
            "std": 0.20526302980274136,
            "median": 2.7380687773423045
          },
          "angular_velocity": {
            "mean": -0.0014440853371708103,
            "std": 0.2005516702657177,
            "median": -0.0026024761663406837
          },
          "movement_entropy": {
            "mean": 0.6223492511586629,
            "std": 0.3244155662717,
            "median": 0.5410390945454753
          },
          "speed_mean_window": {
            "mean": 15.834749349396743,
            "std": 6.308493895582374,
            "median": 14.249911648528782
          },
          "speed_std_window": {
            "mean": 17.099742892373865,
            "std": 10.460811917552405,
            "median": 14.039988878000186
          },
          "speed_max_window": {
            "mean": 120.25220698927423,
            "std": 87.94633307159062,
            "median": 96.63935946809659
          },
          "speed_p90_window": {
            "mean": 33.184480763355076,
            "std": 14.64719825922139,
            "median": 29.355434868361378
          },
          "dist_mean_window": {
            "mean": 72.31565706844232,
            "std": 1.9703907495740371,
            "median": 72.1769118897294
          },
          "dist_std_window": {
            "mean": 38.45182452371127,
            "std": 1.4871969414844026,
            "median": 38.54063657157085
          },
          "angular_vel_mean_window": {
            "mean": 0.12811395572439696,