state,occurrence_rate,total_duration_sec,n_bouts,mean_bout_duration_sec
state_0,0.6406974587275088,115.13333333333334,33,3.488888888888889
state_1,0.35930254127249117,64.56666666666666,33,1.9565656565656566
