,State_0,State_1
State_0,0.9907326962061975,0.00926730379380249
State_1,0.017036654620547237,0.9829633453794527
