{
  "behavioral_states": {
    "n_states": 2,
    "states": {
      "state_0": {
        "occurrence_rate": 0.7366468842729971,
        "total_frames": 3972,
        "total_duration_sec": 132.4,
        "n_bouts": 59,
        "mean_bout_duration_sec": 2.244067796610169,
        "median_bout_duration_sec": 0.16666666666666666,
        "max_bout_duration_sec": 46.96666666666667,
        "feature_profile": {
          "speed_kp0": {
            "mean": 30.889370291049122,
            "std": 39.51990365372031,
            "median": 15.71854517526127
          },
          "speed_kp1": {
            "mean": 34.85819404698999,
            "std": 41.79443711217937,
            "median": 18.982027687866193
          },
          "speed_kp2": {
            "mean": 61.58820548377125,
            "std": 93.21425430830034,
            "median": 23.713147174244625
          },
          "speed_kp3": {
            "mean": 19.948240492297796,
            "std": 22.775776803654157,
            "median": 11.6339239287587
          },
          "speed_kp4": {
            "mean": 54.63775694026832,
            "std": 158.84685122149708,
            "median": 10.657726959279596
          },
          "speed_kp5": {
            "mean": 26.835602885073026,
            "std": 59.51382187721477,
            "median": 14.115731036750978
          },
          "speed_kp6": {
            "mean": 17.43757249601845,
            "std": 40.64463706606642,
            "median": 5.081972404709794
          },
          "speed_kp7": {
            "mean": 31.411389092354668,
            "std": 172.33757487444223,
            "median": 1.8260544282869153
          },
          "dist_pair0": {
            "mean": 35.358968816692276,
            "std": 3.7973850544190024,
            "median": 34.78698486823251
          },
          "dist_pair1": {
            "mean": 25.0231153442373,
            "std": 10.587944882772081,
            "median": 20.887341552396368
          },
          "dist_pair2": {
            "mean": 39.14298837031679,
            "std": 4.349769201859646,
            "median": 38.50178029703006
          },
          "dist_pair3": {
            "mean": 69.1541487669081,
            "std": 8.251536054680994,
            "median": 68.39266648264407
          },
          "dist_pair4": {
            "mean": 86.88382647166085,
            "std": 6.8538925064908875,
            "median": 87.40149953340068
          },
          "dist_pair5": {
            "mean": 103.6623072223649,
            "std": 6.198898680895536,
            "median": 104.34640010031497
          },
          "dist_pair6": {
            "mean": 155.12454075710224,
            "std": 19.1508863238029,
            "median": 155.62344783256458
          },
          "dist_pair7": {
            "mean": 33.61586967366105,
            "std": 8.10195739652268,
            "median": 32.179123691505225
          },
          "dist_pair8": {
            "mean": 33.33430282464792,
            "std": 2.856375797086207,
            "median": 33.08267736928369
          },
          "dist_pair9": {
            "mean": 80.60753052235629,
            "std": 6.515788273368292,
            "median": 81.90591671425605
          },
          "dist_pair10": {
            "mean": 70.9596466135178,
            "std": 11.795539628803233,
            "median": 69.9112169260542
          },
          "dist_pair11": {
            "mean": 100.04914817793377,
            "std": 6.629970368293172,
            "median": 99.52130769806087
          },
          "dist_pair12": {
            "mean": 143.38448672991046,
            "std": 22.585277036215363,
            "median": 139.37606452184286
          },
          "dist_pair13": {
            "mean": 54.374288944311864,
            "std": 8.135557160010508,
            "median": 52.020988457768865
          },
          "dist_pair14": {
            "mean": 91.02764702802301,
            "std": 11.985593338923199,
            "median": 88.1158030555733
          },
          "dist_pair15": {
            "mean": 98.57128430143786,
            "std": 10.969840228080892,
            "median": 99.17164245599056
          },
          "dist_pair16": {
            "mean": 121.14525867239918,
            "std": 8.904916437597649,
            "median": 119.89154087255422
          },
          "dist_pair17": {
            "mean": 166.7390013902471,
            "std": 21.911846598751463,
            "median": 164.96889328220428
          },
          "dist_pair18": {
            "mean": 50.328569058633825,
            "std": 5.489904545426323,
            "median": 51.02907003819374
          },
          "dist_pair19": {
            "mean": 49.212688418750496,
            "std": 3.9796674752596335,
            "median": 49.019838189678
          },
          "dist_pair20": {
            "mean": 70.14779375942364,
            "std": 5.129591754340974,
            "median": 71.171183120535
          },
          "dist_pair21": {
            "mean": 124.89639801832163,
            "std": 18.587233400735606,
            "median": 121.07071453101085
          },
          "dist_pair22": {
            "mean": 64.37500589383492,
            "std": 7.627751759046435,
            "median": 66.53468898325463
          },
          "dist_pair23": {
            "mean": 51.37443706628316,
            "std": 6.244494058473585,
            "median": 51.459228157527434
          },
          "dist_pair24": {
            "mean": 117.68573552362815,
            "std": 28.83868472512363,
            "median": 121.68948783801613
          },
          "dist_pair25": {
            "mean": 41.70069729761902,
            "std": 8.933876180306545,
            "median": 44.45656867353041
          },
          "dist_pair26": {
            "mean": 89.44056653005562,
            "std": 30.762608932579134,
            "median": 76.21562026975641
          },
          "dist_pair27": {
            "mean": 85.9219070202655,
            "std": 19.7665719521181,
            "median": 95.18150619468699
          },
          "centroid_speed": {
            "mean": 22.77073674694493,
            "std": 31.804641378271715,
            "median": 11.061409167701061
          },
          "body_orientation": {
            "mean": -0.2544164872851602,
            "std": 0.7388929615946144,
            "median": 0.15259269544172976
          },
          "elongation": {
            "mean": 2.128115620610215,
            "std": 0.5493794145954897,
            "median": 2.0257621169797972
          },
          "angular_velocity": {
            "mean": -0.018509352397273516,
            "std": 5.138084916754286,
            "median": 0.0009105833362066383
          },
          "movement_entropy": {
            "mean": 0.33349922925570585,
            "std": 0.34522337858960694,
            "median": 0.18969990168610518
          },
          "speed_mean_window": {
            "mean": 37.05618562352597,
            "std": 36.38245529007923,
            "median": 24.193852622869688
          },
          "speed_std_window": {
            "mean": 65.70836941290958,
            "std": 65.01469850484409,
            "median": 42.438068353718215
          },
          "speed_max_window": {
            "mean": 499.4195840830654,
            "std": 499.24476348712363,
            "median": 333.81115624371176
          },
          "speed_p90_window": {
            "mean": 74.94111709456054,
            "std": 82.07146183435232,
            "median": 45.90493056121571
          },
          "dist_mean_window": {
            "mean": 81.25982289609107,
            "std": 5.708582242154953,
            "median": 80.15691585768214
          },
          "dist_std_window": {
            "mean": 40.3124124111344,
            "std": 5.50101004250582,
            "median": 38.19563446798186
          },
          "angular_vel_mean_window": {
            "mean": 0.6779245248207748,
            "std": 1.4311837203160813,