state,occurrence_rate,total_duration_sec,n_bouts,mean_bout_duration_sec
state_0,0.7366468842729971,132.4,59,2.244067796610169
state_1,0.263353115727003,47.333333333333336,60,0.788888888888889
