,State_0,State_1
State_0,0.9851460221550856,0.014853977844914401
State_1,0.041578576462297394,0.9584214235377027
