{
  "behavioral_states": {
    "n_states": 2,
    "states": {
      "state_0": {
        "occurrence_rate": 0.7952610144390966,
        "total_frames": 4296,
        "total_duration_sec": 143.2,
        "n_bouts": 44,
        "mean_bout_duration_sec": 3.254545454545455,
        "median_bout_duration_sec": 0.18333333333333332,
        "max_bout_duration_sec": 24.9,
        "feature_profile": {
          "speed_kp0": {
            "mean": 27.444153915565657,
            "std": 26.40803094023788,
            "median": 17.657296974191084
          },
          "speed_kp1": {
            "mean": 29.827595556553423,
            "std": 37.520427063741046,
            "median": 17.87948049340175
          },
          "speed_kp2": {
            "mean": 43.96358148821927,
            "std": 54.358241285701894,
            "median": 24.654168712445582
          },
          "speed_kp3": {
            "mean": 17.22146226236281,
            "std": 15.47104886269235,
            "median": 12.232147613088692
          },
          "speed_kp4": {
            "mean": 34.338360631319375,
            "std": 76.13655790744212,
            "median": 20.476652466361486
          },
          "speed_kp5": {
            "mean": 34.340306466528915,
            "std": 57.39784282298649,
            "median": 19.846403340927083
          },
          "speed_kp6": {
            "mean": 24.884988530039227,
            "std": 33.950605544971864,
            "median": 15.70833665571386
          },
          "speed_kp7": {
            "mean": 193.10432475403985,
            "std": 561.1006339797883,
            "median": 13.915843694075193
          },
          "dist_pair0": {
            "mean": 27.33947809563132,
            "std": 2.738533287696845,
            "median": 27.048710766748847
          },
          "dist_pair1": {
            "mean": 23.794731895967942,
            "std": 6.262443432658776,
            "median": 21.869002451448022
          },
          "dist_pair2": {
            "mean": 33.881995199236044,
            "std": 5.637192767047158,
            "median": 32.310700834337936
          },
          "dist_pair3": {
            "mean": 63.556150788533486,
            "std": 9.4319207250114,
            "median": 63.35314183846849
          },
          "dist_pair4": {
            "mean": 75.24497415104226,
            "std": 5.722756065115429,
            "median": 74.81572303257181
          },
          "dist_pair5": {
            "mean": 95.55718775370613,
            "std": 8.741891685782656,
            "median": 95.30195921999656
          },
          "dist_pair6": {
            "mean": 108.82947094912126,
            "std": 39.04339111545472,
            "median": 104.30557913976159
          },
          "dist_pair7": {
            "mean": 22.754109189268945,
            "std": 7.517941948273652,
            "median": 22.51865450006609
          },
          "dist_pair8": {
            "mean": 35.65404886066217,
            "std": 3.6254210323189286,
            "median": 35.53373472269152
          },
          "dist_pair9": {
            "mean": 77.61842300493205,
            "std": 5.254793880876478,
            "median": 78.24815995763208
          },
          "dist_pair10": {
            "mean": 66.22096351365332,
            "std": 8.470456351550519,
            "median": 65.34414442975282
          },
          "dist_pair11": {
            "mean": 98.50954883862602,
            "std": 7.437718447177373,
            "median": 98.38592642033973
          },
          "dist_pair12": {
            "mean": 120.07349557374809,
            "std": 33.646153884511925,
            "median": 117.16414476978449
          },
          "dist_pair13": {
            "mean": 49.77188923233056,
            "std": 6.824558086497499,
            "median": 48.604787289736535
          },
          "dist_pair14": {
            "mean": 84.74643993427522,
            "std": 10.167793979187126,
            "median": 84.65353579913811
          },
          "dist_pair15": {
            "mean": 85.566430362276,
            "std": 9.29391799894746,
            "median": 83.8201771888948
          },
          "dist_pair16": {
            "mean": 112.62615216575189,
            "std": 7.269502619720912,
            "median": 112.72797981245554
          },
          "dist_pair17": {
            "mean": 123.84556997717912,
            "std": 40.735994764580276,
            "median": 125.62308947626718
          },
          "dist_pair18": {
            "mean": 45.237446551756655,
            "std": 4.612415827824381,
            "median": 45.6512340123347
          },
          "dist_pair19": {
            "mean": 43.352650303176624,
            "std": 4.336367451342689,
            "median": 42.53907413972788
          },
          "dist_pair20": {
            "mean": 65.38247863596438,
            "std": 5.740265282630075,
            "median": 63.9533269421803
          },
          "dist_pair21": {
            "mean": 96.75437611032561,
            "std": 28.068774551461097,
            "median": 92.60930469535111
          },
          "dist_pair22": {
            "mean": 63.48793870945189,
            "std": 5.148922868238427,
            "median": 63.802649508921135
          },
          "dist_pair23": {
            "mean": 46.91706474936355,
            "std": 8.842875378577425,
            "median": 45.876576424801655
          },
          "dist_pair24": {
            "mean": 77.55466381789239,
            "std": 32.46450192582287,
            "median": 76.50534761713419
          },
          "dist_pair25": {
            "mean": 47.68199550243483,
            "std": 9.052868119908895,
            "median": 46.41695417637999
          },
          "dist_pair26": {
            "mean": 101.87431960731247,
            "std": 33.76017719461063,
            "median": 106.52672696749704
          },
          "dist_pair27": {
            "mean": 75.2622165922235,
            "std": 48.070046659634606,
            "median": 76.66157368926854
          },
          "centroid_speed": {
            "mean": 35.86753445556796,
            "std": 69.19890725781688,
            "median": 12.648572087851164
          },
          "body_orientation": {
            "mean": -0.3909519906459659,
            "std": 0.7444589021215242,
            "median": -0.12820186277171286
          },
          "elongation": {
            "mean": 2.090406961243266,
            "std": 0.6024680262863459,
            "median": 2.157310673937091
          },
          "angular_velocity": {
            "mean": -0.04848719281425159,
            "std": 9.238337145615256,
            "median": -0.014204034636515692
          },
          "movement_entropy": {
            "mean": 0.3384402307336523,
            "std": 0.2893029731553545,
            "median": 0.2543377415196518
          },
          "speed_mean_window": {
            "mean": 51.291794451041056,
            "std": 49.54010114573371,
            "median": 35.870242710766746
          },
          "speed_std_window": {
            "mean": 118.78810070316061,
            "std": 166.43668679064024,
            "median": 39.502201454366045
          },
          "speed_max_window": {
            "mean": 811.0293509903413,
            "std": 1009.5246231283973,
            "median": 262.9736815623531
          },
          "speed_p90_window": {
            "mean": 78.61315632294719,
            "std": 77.55259346160537,
            "median": 51.549220541461985
          },
          "dist_mean_window": {
            "mean": 70.85806036685365,
            "std": 6.676391769367827,
            "median": 69.01737089826281
          },
          "dist_std_window": {
            "mean": 34.51734659112244,
            "std": 6.592916068844689,
            "median": 31.46713447882851
          },
          "angular_vel_mean_window": {
            "mean": 2.069931098782471,
            "std": 4.40529888423833,