state,occurrence_rate,total_duration_sec,n_bouts,mean_bout_duration_sec
state_0,0.7952610144390966,143.2,44,3.254545454545455
state_1,0.20473898556090336,36.86666666666667,45,0.8192592592592594
