,State_0,State_1
State_0,0.9897579143389199,0.010242085661080074
State_1,0.039819004524886875,0.9601809954751132
