{
  "behavioral_states": {
    "n_states": 2,
    "states": {
      "state_0": {
        "occurrence_rate": 0.8560774357346874,
        "total_frames": 5395,
        "total_duration_sec": 179.83333333333334,
        "n_bouts": 20,
        "mean_bout_duration_sec": 8.991666666666667,
        "median_bout_duration_sec": 0.06666666666666667,
        "max_bout_duration_sec": 112.66666666666667,
        "feature_profile": {
          "speed_kp0": {
            "mean": 13.10125618271341,
            "std": 60.41675845277796,
            "median": 4.103957300227499
          },
          "speed_kp1": {
            "mean": 14.813408899468465,
            "std": 51.77056562698622,
            "median": 5.513671673906554
          },
          "speed_kp2": {
            "mean": 26.247651452522316,
            "std": 72.02882479434308,
            "median": 6.423481565492583
          },
          "speed_kp3": {
            "mean": 10.357985277059964,
            "std": 49.58566621218156,
            "median": 5.242901388451058
          },
          "speed_kp4": {
            "mean": 10.191658780904866,
            "std": 47.76536682083549,
            "median": 5.397676233268232
          },
          "speed_kp5": {
            "mean": 12.582634049006957,
            "std": 47.88946939977496,
            "median": 6.535548427247698
          },
          "speed_kp6": {
            "mean": 18.191760293419083,
            "std": 54.43068859342258,
            "median": 7.806587309736649
          },
          "speed_kp7": {
            "mean": 715.9463025344575,
            "std": 965.6689788021037,
            "median": 153.2966364875836
          },
          "dist_pair0": {
            "mean": 32.624083477394656,
            "std": 2.0007611682457487,
            "median": 32.55019970058283
          },
          "dist_pair1": {
            "mean": 29.770258664412122,
            "std": 3.9931388652239574,
            "median": 29.18421302870973
          },
          "dist_pair2": {
            "mean": 24.794852232724306,
            "std": 2.115628383691154,
            "median": 24.471924439374142
          },
          "dist_pair3": {
            "mean": 49.336206618483324,
            "std": 5.388517373728729,
            "median": 48.55837646560892
          },
          "dist_pair4": {
            "mean": 52.80457282102169,
            "std": 3.1098765720523387,
            "median": 53.074612918881016
          },
          "dist_pair5": {
            "mean": 68.7594986108015,
            "std": 3.0368388531973265,
            "median": 68.1621663333241
          },
          "dist_pair6": {
            "mean": 90.03703410845597,
            "std": 33.0620838119138,
            "median": 82.46765578455931
          },
          "dist_pair7": {
            "mean": 32.7108001807426,
            "std": 3.3966211535476845,
            "median": 32.808445073343826
          },
          "dist_pair8": {
            "mean": 28.91585075089621,
            "std": 2.078952189652418,
            "median": 28.82208069876864
          },
          "dist_pair9": {
            "mean": 65.81044900114922,
            "std": 3.1420629884048967,
            "median": 66.53067768878932
          },
          "dist_pair10": {
            "mean": 37.70120776434948,
            "std": 5.999023335467046,
            "median": 38.378178749152916
          },
          "dist_pair11": {
            "mean": 61.941022860935504,
            "std": 7.245948358043026,
            "median": 61.437664082731175
          },
          "dist_pair12": {
            "mean": 87.87417662447501,
            "std": 42.71344201744587,
            "median": 70.2337515470895
          },
          "dist_pair13": {
            "mean": 47.29005629423438,
            "std": 3.8445162175346677,
            "median": 46.50005985237057
          },
          "dist_pair14": {
            "mean": 77.44786118329141,
            "std": 5.281250485806964,
            "median": 76.9736805208641
          },
          "dist_pair15": {
            "mean": 67.14650640150428,
            "std": 6.4247291974679195,
            "median": 68.56760460287352
          },
          "dist_pair16": {
            "mean": 88.66097887330847,
            "std": 5.94151846896844,
            "median": 88.34508049413667
          },
          "dist_pair17": {
            "mean": 100.98914481740259,
            "std": 32.829015136503635,
            "median": 98.41498990888185
          },
          "dist_pair18": {
            "mean": 37.612774077773565,
            "std": 2.06676507937035,
            "median": 37.47414276783699
          },
          "dist_pair19": {
            "mean": 29.999484965647497,
            "std": 3.1539519750225677,
            "median": 30.21490985359383
          },
          "dist_pair20": {
            "mean": 44.87301351110665,
            "std": 2.967895213963199,
            "median": 44.793153289596084
          },
          "dist_pair21": {
            "mean": 80.3934443672282,
            "std": 42.12475215720106,
            "median": 60.85014926756271
          },
          "dist_pair22": {
            "mean": 52.48755332781741,
            "std": 2.32088333251836,
            "median": 52.19086862401637
          },
          "dist_pair23": {
            "mean": 46.25826198429585,
            "std": 5.186341928589612,
            "median": 48.395811421384785
          },
          "dist_pair24": {
            "mean": 81.28556367257444,
            "std": 43.58175053575121,
            "median": 68.5653256183986
          },
          "dist_pair25": {
            "mean": 26.283305196044772,
            "std": 4.904846296078419,
            "median": 24.860849280383484
          },
          "dist_pair26": {
            "mean": 72.1658439107616,
            "std": 58.31975901764199,
            "median": 38.70158407312485
          },
          "dist_pair27": {
            "mean": 73.01756906977887,
            "std": 62.90641325042687,
            "median": 43.777008951227224
          },
          "centroid_speed": {
            "mean": 94.16871210174949,
            "std": 126.25401000745889,
            "median": 28.702251880599437
          },
          "body_orientation": {
            "mean": -0.3153147426090967,
            "std": 0.9754388085008324,
            "median": 0.19833367436894975
          },
          "elongation": {
            "mean": 1.8001145292420155,
            "std": 0.5747148668700991,
            "median": 1.7173636301656297
          },
          "angular_velocity": {
            "mean": 0.01965084698606597,
            "std": 25.07945723028901,
            "median": 0.004842287758936026
          },
          "movement_entropy": {
            "mean": 0.23703165278037902,
            "std": 0.4026478512333089,
            "median": 0.04005654120660077
          },
          "speed_mean_window": {
            "mean": 101.21979043114453,
            "std": 86.10377900083134,
            "median": 90.38267265839524
          },
          "speed_std_window": {
            "mean": 310.05939429204255,
            "std": 255.05683099371873,
            "median": 305.12746012761244
          },
          "speed_max_window": {
            "mean": 1970.8483794217925,
            "std": 1504.9823229747756,
            "median": 2164.938439153208
          },
          "speed_p90_window": {
            "mean": 239.27601879154818,
            "std": 300.2706880259049,
            "median": 85.2625224221522
          },
          "dist_mean_window": {
            "mean": 56.97661744737841,
            "std": 7.556846091508409,
            "median": 54.451854525720336
          },
          "dist_std_window": {
            "mean": 30.071651683987387,
            "std": 11.493237265976923,
            "median": 25.732030739842518
          },
          "angular_vel_mean_window": {
            "mean": 12.050670979462028,
            "std": 10.824064068764589,