state,occurrence_rate,total_duration_sec,n_bouts,mean_bout_duration_sec
state_0,0.8560774357346874,179.83333333333334,20,8.991666666666667
state_1,0.1439225642653126,30.233333333333334,21,1.4396825396825397
