,State_0,State_1
State_0,0.9962928637627433,0.0037071362372567192
State_1,0.02207505518763797,0.977924944812362
