{
  "behavioral_states": {
    "n_states": 2,
    "states": {
      "state_0": {
        "occurrence_rate": 0.6927064050351721,
        "total_frames": 3742,
        "total_duration_sec": 124.73333333333333,
        "n_bouts": 36,
        "mean_bout_duration_sec": 3.464814814814815,
        "median_bout_duration_sec": 0.15,
        "max_bout_duration_sec": 50.06666666666667,
        "feature_profile": {
          "speed_kp0": {
            "mean": 24.100237066429454,
            "std": 27.193778475100224,
            "median": 13.378346689482473
          },
          "speed_kp1": {
            "mean": 26.451915754212518,
            "std": 28.009788136976283,
            "median": 16.365716303008973
          },
          "speed_kp2": {
            "mean": 40.42724332912519,
            "std": 48.377566926264414,
            "median": 19.41492859688565
          },
          "speed_kp3": {
            "mean": 18.26992219444142,
            "std": 16.823557275908225,
            "median": 12.896027751425148
          },
          "speed_kp4": {
            "mean": 21.211447646955186,
            "std": 25.2291621187074,
            "median": 12.78469942343668
          },
          "speed_kp5": {
            "mean": 26.643610144346358,
            "std": 33.11310279520091,
            "median": 16.02515274464846
          },
          "speed_kp6": {
            "mean": 15.934496083767003,
            "std": 19.624667201589332,
            "median": 10.201157785079802
          },
          "speed_kp7": {
            "mean": 108.28376177382765,
            "std": 436.9976274214965,
            "median": 8.943263036789446
          },
          "dist_pair0": {
            "mean": 26.88900369026335,
            "std": 2.725720385616787,
            "median": 27.011027439522323
          },
          "dist_pair1": {
            "mean": 31.838837995689666,
            "std": 11.139756083046763,
            "median": 26.816492746165007
          },
          "dist_pair2": {
            "mean": 30.17075713836958,
            "std": 3.1974183476810705,
            "median": 29.980120046300875
          },
          "dist_pair3": {
            "mean": 56.45086475895345,
            "std": 8.448112419508655,
            "median": 54.72974460675947
          },
          "dist_pair4": {
            "mean": 64.32355454385863,
            "std": 5.626062351030754,
            "median": 62.629811798111845
          },
          "dist_pair5": {
            "mean": 91.20019220655198,
            "std": 7.602459738043931,
            "median": 91.73937490177413
          },
          "dist_pair6": {
            "mean": 164.6298725751708,
            "std": 33.95601512918249,
            "median": 175.45943775247054
          },
          "dist_pair7": {
            "mean": 30.016678509070296,
            "std": 10.020558765976743,
            "median": 27.9734778406607
          },
          "dist_pair8": {
            "mean": 29.02908456989602,
            "std": 2.704509476544747,
            "median": 28.603295224116586
          },
          "dist_pair9": {
            "mean": 65.8649125535427,
            "std": 4.135167837018768,
            "median": 65.73618203347104
          },
          "dist_pair10": {
            "mean": 48.14404622558554,
            "std": 8.578981050384073,
            "median": 46.036713441819934
          },
          "dist_pair11": {
            "mean": 85.91860048761761,
            "std": 8.770581378866206,
            "median": 87.16513061605625
          },
          "dist_pair12": {
            "mean": 156.1798005070832,
            "std": 41.610608286593674,
            "median": 168.16799240908335
          },
          "dist_pair13": {
            "mean": 53.08901053612732,
            "std": 10.764232405014734,
            "median": 49.77594022049288
          },
          "dist_pair14": {
            "mean": 84.38017368160708,
            "std": 13.268567599679958,
            "median": 78.68058316770586
          },
          "dist_pair15": {
            "mean": 75.73210406922784,
            "std": 12.154589304342853,
            "median": 75.69853696613582
          },
          "dist_pair16": {
            "mean": 110.65770620074403,
            "std": 9.518816086458646,
            "median": 110.3934330598251
          },
          "dist_pair17": {
            "mean": 177.5094641451155,
            "std": 40.4203149169383,
            "median": 187.5740992336847
          },
          "dist_pair18": {
            "mean": 38.38903802215226,
            "std": 3.607780541368972,
            "median": 38.164183329351246
          },
          "dist_pair19": {
            "mean": 38.17425440416644,
            "std": 3.655317135106051,
            "median": 38.18076558678995
          },
          "dist_pair20": {
            "mean": 63.11142551067639,
            "std": 4.856452820401598,
            "median": 63.46874437927596
          },
          "dist_pair21": {
            "mean": 139.78738193206388,
            "std": 32.08388933901108,
            "median": 149.6753838395787
          },
          "dist_pair22": {
            "mean": 59.45575592592637,
            "std": 4.749069137647054,
            "median": 60.69677822781539
          },
          "dist_pair23": {
            "mean": 51.69515840389557,
            "std": 5.331651571143162,
            "median": 52.245921221436596
          },
          "dist_pair24": {
            "mean": 130.57992228505955,
            "std": 24.95493567649176,
            "median": 137.07259941619037
          },
          "dist_pair25": {
            "mean": 47.14203441654229,
            "std": 8.876275995210856,
            "median": 49.40374734432475
          },
          "dist_pair26": {
            "mean": 115.5748186421031,
            "std": 38.54400000918849,
            "median": 126.65520629276207
          },
          "dist_pair27": {
            "mean": 86.31504214162725,
            "std": 27.336121495759098,
            "median": 89.23394386210819
          },
          "centroid_speed": {
            "mean": 23.05804434649763,
            "std": 54.74203773477995,
            "median": 8.910571233057862
          },
          "body_orientation": {
            "mean": -0.23772446414002768,
            "std": 0.672623965057921,
            "median": 0.11920495278556384
          },
          "elongation": {
            "mean": 2.811209299422559,
            "std": 0.799616428538919,
            "median": 3.0529044967651924
          },
          "angular_velocity": {
            "mean": 0.034051775319695776,
            "std": 6.273592601101078,
            "median": 0.003922546746640693
          },
          "movement_entropy": {
            "mean": 0.5467173388493485,
            "std": 0.42879365038278383,
            "median": 0.37145472580370686
          },
          "speed_mean_window": {
            "mean": 35.87963113234848,
            "std": 48.34671385490922,
            "median": 20.352419710145625
          },
          "speed_std_window": {
            "mean": 59.15762571184373,
            "std": 128.439043877592,
            "median": 25.2502540251867
          },
          "speed_max_window": {
            "mean": 395.6289413448536,
            "std": 808.016906034196,
            "median": 164.3884342838604
          },
          "speed_p90_window": {
            "mean": 73.97220724646601,
            "std": 130.0545408209374,
            "median": 40.17763229837851
          },
          "dist_mean_window": {
            "mean": 77.34461194400794,
            "std": 7.420049035939605,
            "median": 77.71326245694237
          },
          "dist_std_window": {
            "mean": 45.55867232867631,
            "std": 10.160098437934073,
            "median": 48.78349739597628
          },
          "angular_vel_mean_window": {
            "mean": 1.0148359898555244,
            "std": 2.896237638420636,