state,occurrence_rate,total_duration_sec,n_bouts,mean_bout_duration_sec
state_0,0.6927064050351721,124.73333333333333,36,3.464814814814815
state_1,0.30729359496482783,55.333333333333336,36,1.5370370370370372
