,State_0,State_1
State_0,0.9906442127773323,0.009355787222667736
State_1,0.021686746987951807,0.9783132530120482
