{
  "behavioral_states": {
    "n_states": 2,
    "states": {
      "state_0": {
        "occurrence_rate": 0.5234650343164533,
        "total_frames": 2822,
        "total_duration_sec": 94.06666666666666,
        "n_bouts": 216,
        "mean_bout_duration_sec": 0.43549382716049384,
        "median_bout_duration_sec": 0.1,
        "max_bout_duration_sec": 7.266666666666667,
        "feature_profile": {
          "speed_kp0": {
            "mean": 158.7485682415385,
            "std": 342.98920177826113,
            "median": 62.11463293365042
          },
          "speed_kp1": {
            "mean": 160.2983250582756,
            "std": 329.0556460252663,
            "median": 62.00896111286568
          },
          "speed_kp2": {
            "mean": 207.13181930753237,
            "std": 383.1062829740839,
            "median": 84.33694801951948
          },
          "speed_kp3": {
            "mean": 57.813628635419164,
            "std": 85.38044501055327,
            "median": 36.21983276200282
          },
          "speed_kp4": {
            "mean": 98.08211491418156,
            "std": 195.8628671195307,
            "median": 34.83500299352609
          },
          "speed_kp5": {
            "mean": 85.6115074820019,
            "std": 167.80874655591433,
            "median": 31.415728555510544
          },
          "speed_kp6": {
            "mean": 75.54097751437327,
            "std": 223.93733628301808,
            "median": 21.9493217126336
          },
          "speed_kp7": {
            "mean": 493.1173169624846,
            "std": 769.8421546986385,
            "median": 66.49838336388906
          },
          "dist_pair0": {
            "mean": 35.76795187248238,
            "std": 18.872113917109544,
            "median": 30.91603914134724
          },
          "dist_pair1": {
            "mean": 42.32939069273142,
            "std": 33.28290605422967,
            "median": 32.654982272628075
          },
          "dist_pair2": {
            "mean": 35.95362211893495,
            "std": 15.047475270796928,
            "median": 33.40932806268109
          },
          "dist_pair3": {
            "mean": 63.14932250945695,
            "std": 17.43153533919941,
            "median": 62.030916895376315
          },
          "dist_pair4": {
            "mean": 74.47341160957126,
            "std": 17.359798858873507,
            "median": 73.61454781861448
          },
          "dist_pair5": {
            "mean": 94.14092156708371,
            "std": 20.148656984099347,
            "median": 95.21998758870004
          },
          "dist_pair6": {
            "mean": 132.12394407447474,
            "std": 36.584674779675076,
            "median": 134.8144388720042
          },
          "dist_pair7": {
            "mean": 41.510013209373746,
            "std": 27.41187105980033,
            "median": 36.14338535339685
          },
          "dist_pair8": {
            "mean": 35.94650094719311,
            "std": 12.984913132442246,
            "median": 33.489418685202885
          },
          "dist_pair9": {
            "mean": 73.73359990470735,
            "std": 17.04965429600157,
            "median": 74.50689123879067
          },
          "dist_pair10": {
            "mean": 61.1775154865782,
            "std": 17.119262367608975,
            "median": 59.662499033413795
          },
          "dist_pair11": {
            "mean": 91.74315422437003,
            "std": 20.89790616934003,
            "median": 93.48202536989203
          },
          "dist_pair12": {
            "mean": 131.31483572127883,
            "std": 36.84604402079787,
            "median": 135.75027274401458
          },
          "dist_pair13": {
            "mean": 61.29314401513687,
            "std": 19.753338365196225,
            "median": 58.41123385716561
          },
          "dist_pair14": {
            "mean": 91.90225177730628,
            "std": 21.111686729038915,
            "median": 90.10343683266652
          },
          "dist_pair15": {
            "mean": 89.63825555534515,
            "std": 20.53416719452785,
            "median": 90.22484484742964
          },
          "dist_pair16": {
            "mean": 113.73744087551252,
            "std": 25.326195193967735,
            "median": 116.25454188139949
          },
          "dist_pair17": {
            "mean": 141.13085731994275,
            "std": 47.63806485741855,
            "median": 149.49311250637675
          },
          "dist_pair18": {
            "mean": 42.530518006395496,
            "std": 9.186912665296704,
            "median": 43.04726009934352
          },
          "dist_pair19": {
            "mean": 43.733990724316556,
            "std": 9.617623018979593,
            "median": 43.37221165896429
          },
          "dist_pair20": {
            "mean": 65.71348033321098,
            "std": 11.962122853362391,
            "median": 66.49705674810119
          },
          "dist_pair21": {
            "mean": 118.9784445535323,
            "std": 29.561503208757504,
            "median": 119.26321075001057
          },
          "dist_pair22": {
            "mean": 57.41515846422283,
            "std": 11.626274597875703,
            "median": 58.46887421996444
          },
          "dist_pair23": {
            "mean": 47.59680224221939,
            "std": 13.863393773590156,
            "median": 46.813855193353355
          },
          "dist_pair24": {
            "mean": 110.22142880399647,
            "std": 36.20256816552713,
            "median": 110.88779000845992
          },
          "dist_pair25": {
            "mean": 47.10423119319952,
            "std": 12.37890514230246,
            "median": 47.43015974224801
          },
          "dist_pair26": {
            "mean": 109.44706386670595,
            "std": 38.33795184745424,
            "median": 109.36381840393429
          },
          "dist_pair27": {
            "mean": 93.82559323059014,
            "std": 43.18195613283463,
            "median": 83.0580276291181
          },
          "centroid_speed": {
            "mean": 111.45212539126697,
            "std": 116.6771420552662,
            "median": 69.62749605813107
          },
          "body_orientation": {
            "mean": -0.45924491873606577,
            "std": 0.8346475311222967,
            "median": -0.32717756833147643
          },
          "elongation": {
            "mean": 2.291360183115912,
            "std": 0.7689828230451604,
            "median": 2.2587100558155226
          },
          "angular_velocity": {
            "mean": -0.20591382600197475,
            "std": 18.32949427960454,
            "median": 0.0020755772062072686
          },
          "movement_entropy": {
            "mean": 0.0768289140176676,
            "std": 0.13333982106052514,
            "median": 0.040827484281306274
          },
          "speed_mean_window": {
            "mean": 163.28523218195906,
            "std": 88.06656369653297,
            "median": 155.8672453081856
          },
          "speed_std_window": {
            "mean": 328.51590481537863,
            "std": 168.42957632429298,
            "median": 329.1949900433332
          },
          "speed_max_window": {
            "mean": 2156.3660142495214,
            "std": 1012.994314314404,
            "median": 2084.3119391280725
          },
          "speed_p90_window": {
            "mean": 386.1574992512491,
            "std": 298.55386752900836,
            "median": 278.4486026004048
          },
          "dist_mean_window": {
            "mean": 80.02802113420111,
            "std": 7.451744444462191,
            "median": 79.56522477906766
          },
          "dist_std_window": {
            "mean": 43.774492155844875,
            "std": 7.966247201815014,
            "median": 42.52395471531918
          },
          "angular_vel_mean_window": {
            "mean": 6.22595528479216,
            "std": 6.573125309146768,