,State_0,State_1
State_0,0.923458540042523,0.07654145995747696
State_1,0.0837227414330218,0.9162772585669782
