{
  "behavioral_states": {
    "n_states": 2,
    "states": {
      "state_0": {
        "occurrence_rate": 0.18193620178041542,
        "total_frames": 981,
        "total_duration_sec": 32.7,
        "n_bouts": 53,
        "mean_bout_duration_sec": 0.6169811320754717,
        "median_bout_duration_sec": 0.13333333333333333,
        "max_bout_duration_sec": 4.033333333333333,
        "feature_profile": {
          "speed_kp0": {
            "mean": 66.96163208316483,
            "std": 59.907605785418205,
            "median": 54.058428033487374
          },
          "speed_kp1": {
            "mean": 64.67111685725611,
            "std": 67.99790459715496,
            "median": 47.94058046004607
          },
          "speed_kp2": {
            "mean": 102.37325097991162,
            "std": 96.93735329085928,
            "median": 74.55400522845109
          },
          "speed_kp3": {
            "mean": 50.42826462227885,
            "std": 52.05989570931226,
            "median": 37.033958854790704
          },
          "speed_kp4": {
            "mean": 75.2670495467445,
            "std": 137.20233293955053,
            "median": 33.93645423342582
          },
          "speed_kp5": {
            "mean": 55.812370044253505,
            "std": 102.64126899240176,
            "median": 25.903364961190768
          },
          "speed_kp6": {
            "mean": 36.26433320121402,
            "std": 59.56825816843726,
            "median": 18.034772469613802
          },
          "speed_kp7": {
            "mean": 172.0206439561596,
            "std": 419.2298685399919,
            "median": 9.665006686533225
          },
          "dist_pair0": {
            "mean": 32.86329390942254,
            "std": 3.4794963635256866,
            "median": 32.80482425590761
          },
          "dist_pair1": {
            "mean": 33.91370187975465,
            "std": 9.230210419854679,
            "median": 33.601384082291155
          },
          "dist_pair2": {
            "mean": 38.56317646418147,
            "std": 8.8792264694448,
            "median": 37.20881041017928
          },
          "dist_pair3": {
            "mean": 79.67333337515193,
            "std": 14.921795163140466,
            "median": 77.69375341781544
          },
          "dist_pair4": {
            "mean": 89.51310785609905,
            "std": 11.174975779670849,
            "median": 87.79794240287295
          },
          "dist_pair5": {
            "mean": 113.93863032307479,
            "std": 12.277396733157905,
            "median": 113.72544808435319
          },
          "dist_pair6": {
            "mean": 176.4826741199556,
            "std": 33.40285945843083,
            "median": 180.7198752813215
          },
          "dist_pair7": {
            "mean": 36.605427915336435,
            "std": 9.197470104269403,
            "median": 36.35930942069239
          },
          "dist_pair8": {
            "mean": 37.53256620849001,
            "std": 6.181799193969632,
            "median": 36.2812801471354
          },
          "dist_pair9": {
            "mean": 89.44140690113367,
            "std": 9.568360659392683,
            "median": 89.30717818206618
          },
          "dist_pair10": {
            "mean": 76.5419581706457,
            "std": 15.743579225664487,
            "median": 76.65542206770363
          },
          "dist_pair11": {
            "mean": 111.47995504915745,
            "std": 13.542743039528194,
            "median": 113.57646652574105
          },
          "dist_pair12": {
            "mean": 175.7239098275207,
            "std": 30.5973812009446,
            "median": 180.330274202142
          },
          "dist_pair13": {
            "mean": 64.16771682040607,
            "std": 10.720798257097362,
            "median": 64.09220197668832
          },
          "dist_pair14": {
            "mean": 109.99008979185147,
            "std": 15.22913658309856,
            "median": 108.90496262755364
          },
          "dist_pair15": {
            "mean": 109.14604329386073,
            "std": 16.34074507238723,
            "median": 111.83647658538403
          },
          "dist_pair16": {
            "mean": 139.26090516617313,
            "std": 14.554472869737081,
            "median": 139.17699327996496
          },
          "dist_pair17": {
            "mean": 198.1278959598055,
            "std": 36.16936867577044,
            "median": 205.6080541135294
          },
          "dist_pair18": {
            "mean": 53.674175754859725,
            "std": 7.754471543352864,
            "median": 53.34665365934486
          },
          "dist_pair19": {
            "mean": 53.410411477496936,
            "std": 7.694532115159009,
            "median": 54.207395373919915
          },
          "dist_pair20": {
            "mean": 80.13686339737433,
            "std": 9.270471517803553,
            "median": 81.22240582219767
          },
          "dist_pair21": {
            "mean": 150.8913486753725,
            "std": 28.354696620502292,
            "median": 153.8412153505656
          },
          "dist_pair22": {
            "mean": 62.455213522723625,
            "std": 7.184014609008946,
            "median": 63.61184361878602
          },
          "dist_pair23": {
            "mean": 51.28529998436527,
            "std": 9.720234851865943,
            "median": 51.660349625537414
          },
          "dist_pair24": {
            "mean": 118.99411926842038,
            "std": 36.086818597531604,
            "median": 116.00850896205223
          },
          "dist_pair25": {
            "mean": 47.2405612535162,
            "std": 8.628737004057626,
            "median": 46.90302223607184
          },
          "dist_pair26": {
            "mean": 122.24692532503676,
            "std": 27.767075570782115,
            "median": 118.36765550852007
          },
          "dist_pair27": {
            "mean": 86.0666062723864,
            "std": 32.931386994912195,
            "median": 86.6142231660496
          },
          "centroid_speed": {
            "mean": 52.81137493232325,
            "std": 54.22811277716608,
            "median": 35.122507103989975
          },
          "body_orientation": {
            "mean": -0.3148096220043631,
            "std": 0.7967594641124863,
            "median": -0.10298440444571798
          },
          "elongation": {
            "mean": 2.7163971245948,
            "std": 0.6917687858885823,
            "median": 2.754381505527195
          },
          "angular_velocity": {
            "mean": -0.019783987511128927,
            "std": 14.79929150124663,
            "median": 0.009680674892289104
          },
          "movement_entropy": {
            "mean": 0.15823508617212304,
            "std": 0.12100278446326578,
            "median": 0.11917924742848504
          },
          "speed_mean_window": {
            "mean": 75.65096365847893,
            "std": 50.42220369911266,
            "median": 61.81047517248664
          },
          "speed_std_window": {
            "mean": 121.33160712440623,
            "std": 107.69107439383788,
            "median": 83.47187510991652
          },
          "speed_max_window": {
            "mean": 832.3690557213301,
            "std": 706.6416991709942,
            "median": 614.0824453240812
          },
          "speed_p90_window": {
            "mean": 155.24351920874247,
            "std": 105.84814726349478,
            "median": 127.94608071682585
          },
          "dist_mean_window": {
            "mean": 89.1376367463926,
            "std": 6.631732582654816,
            "median": 90.2523985360357
          },
          "dist_std_window": {
            "mean": 47.9464463981398,
            "std": 6.689404825414865,
            "median": 48.253712534492365
          },
          "angular_vel_mean_window": {
            "mean": 3.420757822740247,
            "std": 6.5011455729676175,