state,occurrence_rate,total_duration_sec,n_bouts,mean_bout_duration_sec
state_0,0.18193620178041542,32.7,53,0.6169811320754717
state_1,0.8180637982195845,147.03333333333333,54,2.7228395061728397
