,State_0,State_1
State_0,0.9459734964322121,0.05402650356778797
State_1,0.012018140589569161,0.9879818594104308
