{
  "behavioral_states": {
    "n_states": 2,
    "states": {
      "state_0": {
        "occurrence_rate": 0.5288443702467075,
        "total_frames": 2851,
        "total_duration_sec": 95.03333333333333,
        "n_bouts": 104,
        "mean_bout_duration_sec": 0.9137820512820514,
        "median_bout_duration_sec": 0.18333333333333332,
        "max_bout_duration_sec": 14.533333333333333,
        "feature_profile": {
          "speed_kp0": {
            "mean": 86.73876489254432,
            "std": 70.87729032819914,
            "median": 66.34529737165205
          },
          "speed_kp1": {
            "mean": 86.38682704129263,
            "std": 67.40806051090064,
            "median": 69.31356011078242
          },
          "speed_kp2": {
            "mean": 128.89523337272814,
            "std": 103.5000945418121,
            "median": 106.17305346818091
          },
          "speed_kp3": {
            "mean": 62.613783791495706,
            "std": 50.43680550647178,
            "median": 48.81265751464947
          },
          "speed_kp4": {
            "mean": 72.19996573726372,
            "std": 73.20006875901673,
            "median": 48.47959859700445
          },
          "speed_kp5": {
            "mean": 77.91466774357946,
            "std": 86.32132075379286,
            "median": 50.7850796006582
          },
          "speed_kp6": {
            "mean": 65.21099574996772,
            "std": 68.88899754239067,
            "median": 40.74052366780228
          },
          "speed_kp7": {
            "mean": 620.488177972827,
            "std": 697.5898604142037,
            "median": 345.7427567091699
          },
          "dist_pair0": {
            "mean": 33.10007962556025,
            "std": 4.933116633415399,
            "median": 32.10866258518989
          },
          "dist_pair1": {
            "mean": 36.904645785045844,
            "std": 12.446657118803303,
            "median": 33.58905365930401
          },
          "dist_pair2": {
            "mean": 32.36953842344072,
            "std": 4.731797205137608,
            "median": 31.958898663721094
          },
          "dist_pair3": {
            "mean": 62.07030554820038,
            "std": 10.567349941450315,
            "median": 61.992733895781505
          },
          "dist_pair4": {
            "mean": 72.08026382802059,
            "std": 8.238445028092118,
            "median": 72.26004169999013
          },
          "dist_pair5": {
            "mean": 93.48361929169515,
            "std": 10.646899755042497,
            "median": 94.20376250438862
          },
          "dist_pair6": {
            "mean": 154.46305941702633,
            "std": 44.72390146337528,
            "median": 162.30225931713113
          },
          "dist_pair7": {
            "mean": 36.60094270700888,
            "std": 12.812192096404381,
            "median": 33.91239380667091
          },
          "dist_pair8": {
            "mean": 32.83320450076391,
            "std": 3.9370187484035157,
            "median": 32.336318200427606
          },
          "dist_pair9": {
            "mean": 72.92792381242124,
            "std": 7.673820339764551,
            "median": 73.24396125654252
          },
          "dist_pair10": {
            "mean": 59.17872023247206,
            "std": 12.022266550386462,
            "median": 59.271910774862164
          },
          "dist_pair11": {
            "mean": 90.72730524036362,
            "std": 12.886115471353596,
            "median": 92.14144483002924
          },
          "dist_pair12": {
            "mean": 153.7446047277693,
            "std": 44.19359733022398,
            "median": 157.73650291565673
          },
          "dist_pair13": {
            "mean": 60.014798206078744,
            "std": 12.848023374065662,
            "median": 57.920094791748866
          },
          "dist_pair14": {
            "mean": 95.42734328842428,
            "std": 12.384265613115566,
            "median": 94.61784069001038
          },
          "dist_pair15": {
            "mean": 93.00208830610197,
            "std": 15.27846016138998,
            "median": 92.83901222837162
          },
          "dist_pair16": {
            "mean": 120.51274479466186,
            "std": 13.302131555606271,
            "median": 121.16158477334487
          },
          "dist_pair17": {
            "mean": 174.6245280212751,
            "std": 52.45049547914832,
            "median": 181.45739045032445
          },
          "dist_pair18": {
            "mean": 41.15843911593073,
            "std": 6.301775025571152,
            "median": 41.27326167002573
          },
          "dist_pair19": {
            "mean": 41.278526165286415,
            "std": 6.889641079496335,
            "median": 40.59984523148478
          },
          "dist_pair20": {
            "mean": 64.81997309547262,
            "std": 8.268083367462083,
            "median": 65.12697575663441
          },
          "dist_pair21": {
            "mean": 136.5490927090033,
            "std": 39.71937974567718,
            "median": 142.23527963320652
          },
          "dist_pair22": {
            "mean": 49.706281912995586,
            "std": 6.239207808240588,
            "median": 50.0168263097075
          },
          "dist_pair23": {
            "mean": 43.445806835075466,
            "std": 8.013916590366174,
            "median": 43.874261279436574
          },
          "dist_pair24": {
            "mean": 120.58610256043839,
            "std": 43.25621939763563,
            "median": 119.47495730428908
          },
          "dist_pair25": {
            "mean": 39.70650541005523,
            "std": 8.662598320385742,
            "median": 39.279548919613745
          },
          "dist_pair26": {
            "mean": 120.32508529956176,
            "std": 39.918455024727656,
            "median": 119.99675866170344
          },
          "dist_pair27": {
            "mean": 100.74297515833162,
            "std": 45.62180606723125,
            "median": 92.41805277591128
          },
          "centroid_speed": {
            "mean": 101.25137214752743,
            "std": 86.48133177261172,
            "median": 78.86714129961763
          },
          "body_orientation": {
            "mean": -0.6606797872701484,
            "std": 0.7308610185474788,
            "median": -0.5842079281933531
          },
          "elongation": {
            "mean": 2.7653682661581374,
            "std": 0.8771475373804546,
            "median": 2.716931910456163
          },
          "angular_velocity": {
            "mean": -0.06859068003864523,
            "std": 16.648019805537714,
            "median": -0.03267200439312001
          },
          "movement_entropy": {
            "mean": 0.05481489430772066,
            "std": 0.041574580806564905,
            "median": 0.04116271190183728
          },
          "speed_mean_window": {
            "mean": 157.31211881953342,
            "std": 60.50415956037946,
            "median": 154.1915499264652
          },
          "speed_std_window": {
            "mean": 284.45694809188257,
            "std": 122.23630637784406,
            "median": 278.50749703850533
          },
          "speed_max_window": {
            "mean": 2103.8626072391476,
            "std": 921.9827675605127,
            "median": 2010.7134604196365
          },
          "speed_p90_window": {
            "mean": 271.4877025731163,
            "std": 126.83838022440948,
            "median": 260.5962160709682
          },
          "dist_mean_window": {
            "mean": 81.9321015425577,
            "std": 8.326062243933807,
            "median": 82.56970967991498
          },
          "dist_std_window": {
            "mean": 48.58150505282117,
            "std": 8.554734170955479,
            "median": 48.54509478529784
          },
          "angular_vel_mean_window": {
            "mean": 5.8834621109625305,