,State_0,State_1
State_0,0.963859649122807,0.03614035087719298
State_1,0.04094488188976378,0.9590551181102362
