,State_0,State_1,State_2
State_0,0.9708580679978414,0.017808958445763627,0.011332973556395036
State_1,0.05348460291734198,0.9205834683954619,0.02593192868719611
State_2,0.007194244604316547,0.005481329222336417,0.987324426173347
