,State_0,State_1,State_2
State_0,0.9424460431654677,0.017985611510791366,0.039568345323741004
State_1,0.004069552349241583,0.9822419533851277,0.01368849426563078
State_2,0.006905623150279513,0.012824728707661954,0.9802696481420585
