{
  "behavioral_states": {
    "n_states": 2,
    "states": {
      "state_0": {
        "occurrence_rate": 0.7921452389773991,
        "total_frames": 4276,
        "total_duration_sec": 142.53333333333333,
        "n_bouts": 73,
        "mean_bout_duration_sec": 1.952511415525114,
        "median_bout_duration_sec": 0.13333333333333333,
        "max_bout_duration_sec": 49.46666666666667,
        "feature_profile": {
          "speed_kp0": {
            "mean": 121.05664068087898,
            "std": 136.38536224503056,
            "median": 86.25230043796543
          },
          "speed_kp1": {
            "mean": 134.90668442418325,
            "std": 162.9394990078248,
            "median": 91.69790529336163
          },
          "speed_kp2": {
            "mean": 190.34709987454357,
            "std": 243.58944605908553,
            "median": 130.32898097262137
          },
          "speed_kp3": {
            "mean": 84.469365205256,
            "std": 81.58042360933558,
            "median": 62.64069321214852
          },
          "speed_kp4": {
            "mean": 138.2666553197432,
            "std": 236.94886813619266,
            "median": 66.44330712047662
          },
          "speed_kp5": {
            "mean": 132.2553325206453,
            "std": 212.56361792874714,
            "median": 61.7668401494882
          },
          "speed_kp6": {
            "mean": 117.65093151347702,
            "std": 192.81925021508656,
            "median": 55.00271787031673
          },
          "speed_kp7": {
            "mean": 800.1653376575458,
            "std": 1053.6264304055255,
            "median": 325.95201822148374
          },
          "dist_pair0": {
            "mean": 35.78985083416081,
            "std": 9.145885412842114,
            "median": 36.2505623742568
          },
          "dist_pair1": {
            "mean": 34.691068706167535,
            "std": 13.965814926345818,
            "median": 32.96026160121077
          },
          "dist_pair2": {
            "mean": 36.38505761476846,
            "std": 7.851768676356487,
            "median": 35.97319400814676
          },
          "dist_pair3": {
            "mean": 68.31892886513239,
            "std": 18.840019498233275,
            "median": 67.42962224318802
          },
          "dist_pair4": {
            "mean": 77.92827097748398,
            "std": 17.45814363948147,
            "median": 79.16567547350708
          },
          "dist_pair5": {
            "mean": 96.87367333088112,
            "std": 23.43302192102779,
            "median": 99.98039494567085
          },
          "dist_pair6": {
            "mean": 156.84882414514033,
            "std": 68.78406150064704,
            "median": 150.08747321136255
          },
          "dist_pair7": {
            "mean": 35.4882828694003,
            "std": 13.87659630086844,
            "median": 34.26847903143846
          },
          "dist_pair8": {
            "mean": 38.84267245020887,
            "std": 8.205538645143568,
            "median": 39.04504585874048
          },
          "dist_pair9": {
            "mean": 79.59816844097858,
            "std": 18.554858577803,
            "median": 80.56852873459786
          },
          "dist_pair10": {
            "mean": 67.53904729317352,
            "std": 18.575670847298742,
            "median": 66.27576229728265
          },
          "dist_pair11": {
            "mean": 95.76043355614752,
            "std": 24.762990961930477,
            "median": 97.88719294394318
          },
          "dist_pair12": {
            "mean": 152.87488507944562,
            "std": 69.32383159375831,
            "median": 145.88586881406445
          },
          "dist_pair13": {
            "mean": 60.33409134122003,
            "std": 13.110820388016903,
            "median": 59.893112261433174
          },
          "dist_pair14": {
            "mean": 96.57581036773205,
            "std": 21.93646832483219,
            "median": 96.70909785766315
          },
          "dist_pair15": {
            "mean": 95.5620766620556,
            "std": 23.065089434091146,
            "median": 96.31553993516295
          },
          "dist_pair16": {
            "mean": 118.54109192019654,
            "std": 30.357594238091384,
            "median": 121.44306103208318
          },
          "dist_pair17": {
            "mean": 165.86994476672314,
            "std": 75.83474417832875,
            "median": 162.53721263655225
          },
          "dist_pair18": {
            "mean": 45.043265874959076,
            "std": 12.095063471461165,
            "median": 43.61046733764991
          },
          "dist_pair19": {
            "mean": 45.37154912068962,
            "std": 11.925923954369448,
            "median": 45.11476024165564
          },
          "dist_pair20": {
            "mean": 66.39633587518756,
            "std": 15.56945152231784,
            "median": 66.42163616849251
          },
          "dist_pair21": {
            "mean": 144.29939962311653,
            "std": 65.23766672121481,
            "median": 129.3850635207147
          },
          "dist_pair22": {
            "mean": 50.778157470325276,
            "std": 15.454683605269189,
            "median": 53.01841995695937
          },
          "dist_pair23": {
            "mean": 45.66536502535641,
            "std": 15.333062783462106,
            "median": 44.54463519898596
          },
          "dist_pair24": {
            "mean": 138.31206911215958,
            "std": 70.4051926578372,
            "median": 126.89794411189277
          },
          "dist_pair25": {
            "mean": 41.701547066093845,
            "std": 15.257603311772693,
            "median": 40.12026053845739
          },
          "dist_pair26": {
            "mean": 134.29007346165577,
            "std": 68.5069202755899,
            "median": 117.25238408725846
          },
          "dist_pair27": {
            "mean": 125.50324842281393,
            "std": 77.7367442626864,
            "median": 107.87309733035576
          },
          "centroid_speed": {
            "mean": 140.51072851439804,
            "std": 136.105814213066,
            "median": 95.358310684217
          },
          "body_orientation": {
            "mean": -1.0002969200496652,
            "std": 0.7052850757861602,
            "median": -1.0228607690592741
          },
          "elongation": {
            "mean": 2.713335963852144,
            "std": 1.0016450708909816,
            "median": 2.553986728773931
          },
          "angular_velocity": {
            "mean": -0.05304040039435286,
            "std": 14.091638774688969,
            "median": -0.018549067152858756
          },
          "movement_entropy": {
            "mean": 0.04524716098173764,
            "std": 0.04260535885769872,
            "median": 0.02958732873563768
          },
          "speed_mean_window": {
            "mean": 218.76438998305258,
            "std": 126.27437045371735,
            "median": 199.15223701918373
          },
          "speed_std_window": {
            "mean": 408.0542155593041,
            "std": 210.37575381586186,
            "median": 408.1409547560969
          },
          "speed_max_window": {
            "mean": 2964.0225623278966,
            "std": 1388.324053998163,
            "median": 3170.045380845526
          },
          "speed_p90_window": {
            "mean": 438.22772986878755,
            "std": 333.73558276289026,
            "median": 333.5582457409239
          },
          "dist_mean_window": {
            "mean": 86.50235874313483,
            "std": 12.858261134414105,
            "median": 85.55718697905498
          },
          "dist_std_window": {
            "mean": 58.60401371819167,
            "std": 22.682202220725934,
            "median": 53.064635114050674
          },
          "angular_vel_mean_window": {
            "mean": 5.341138614563408,
            "std": 4.826365534573849,