state,occurrence_rate,total_duration_sec,n_bouts,mean_bout_duration_sec
state_0,0.7921452389773991,142.53333333333333,73,1.952511415525114
state_1,0.20785476102260098,37.4,72,0.5194444444444445
