,State_0,State_1
State_0,0.9831578947368421,0.016842105263157894
State_1,0.06417112299465241,0.9358288770053476
