{
  "behavioral_states": {
    "n_states": 2,
    "states": {
      "state_0": {
        "occurrence_rate": 0.904777019520711,
        "total_frames": 5701,
        "total_duration_sec": 190.03333333333333,
        "n_bouts": 34,
        "mean_bout_duration_sec": 5.58921568627451,
        "median_bout_duration_sec": 0.35,
        "max_bout_duration_sec": 74.06666666666666,
        "feature_profile": {
          "speed_kp0": {
            "mean": 17.494091225604002,
            "std": 46.07765988860676,
            "median": 8.062677652524616
          },
          "speed_kp1": {
            "mean": 18.869712839165217,
            "std": 44.56542597936329,
            "median": 9.79588538562727
          },
          "speed_kp2": {
            "mean": 23.490151306094322,
            "std": 63.63349199050758,
            "median": 6.443488208209447
          },
          "speed_kp3": {
            "mean": 13.67102644817986,
            "std": 34.83479779949174,
            "median": 7.9573001037243305
          },
          "speed_kp4": {
            "mean": 21.122491855017437,
            "std": 42.241528941785795,
            "median": 14.255702200982034
          },
          "speed_kp5": {
            "mean": 13.604985435032152,
            "std": 45.26424768709724,
            "median": 7.503155323504516
          },
          "speed_kp6": {
            "mean": 29.618596901230713,
            "std": 46.893032776372266,
            "median": 17.545351851122774
          },
          "speed_kp7": {
            "mean": 605.3383371578319,
            "std": 947.163131987351,
            "median": 59.83448192429687
          },
          "dist_pair0": {
            "mean": 29.468187546734878,
            "std": 1.6834751205410285,
            "median": 29.614039946546548
          },
          "dist_pair1": {
            "mean": 32.665330583761246,
            "std": 4.330664983582106,
            "median": 32.376401913627056
          },
          "dist_pair2": {
            "mean": 28.41948003834049,
            "std": 1.9947207052791474,
            "median": 28.134571664924607
          },
          "dist_pair3": {
            "mean": 51.22465545817299,
            "std": 4.285396241999865,
            "median": 50.61846664441783
          },
          "dist_pair4": {
            "mean": 65.24786516506283,
            "std": 3.553097659292841,
            "median": 65.41041414045155
          },
          "dist_pair5": {
            "mean": 75.56984385251378,
            "std": 5.589520334238846,
            "median": 74.76954857941817
          },
          "dist_pair6": {
            "mean": 91.48069306678771,
            "std": 37.656784375125426,
            "median": 84.0636091954975
          },
          "dist_pair7": {
            "mean": 27.82447588151128,
            "std": 4.451381273248218,
            "median": 26.72040321982002
          },
          "dist_pair8": {
            "mean": 28.029472500040665,
            "std": 1.8558455160886882,
            "median": 28.410796445480585
          },
          "dist_pair9": {
            "mean": 66.339549255077,
            "std": 2.637463211031513,
            "median": 66.20305925145023
          },
          "dist_pair10": {
            "mean": 46.887517287799426,
            "std": 4.76745615379684,
            "median": 46.691627435262426
          },
          "dist_pair11": {
            "mean": 74.53141823031541,
            "std": 5.407838977490851,
            "median": 74.88767041856492
          },
          "dist_pair12": {
            "mean": 98.5558885063295,
            "std": 42.62714672479633,
            "median": 86.73987691895275
          },
          "dist_pair13": {
            "mean": 50.12308529848747,
            "std": 4.517261640429397,
            "median": 49.137109740763286
          },
          "dist_pair14": {
            "mean": 82.26310925657964,
            "std": 5.50651860371599,
            "median": 81.3098728029993
          },
          "dist_pair15": {
            "mean": 74.03051798380932,
            "std": 5.477681719309497,
            "median": 73.45734203231727
          },
          "dist_pair16": {
            "mean": 98.85498084491852,
            "std": 6.019010082576188,
            "median": 98.20273582488572
          },
          "dist_pair17": {
            "mean": 112.58825111312876,
            "std": 34.64472283266304,
            "median": 107.80244695769377
          },
          "dist_pair18": {
            "mean": 39.581453348141764,
            "std": 2.6000052258303312,
            "median": 38.74699733341014
          },
          "dist_pair19": {
            "mean": 39.40952952468837,
            "std": 3.2811735689364174,
            "median": 39.12708787366437
          },
          "dist_pair20": {
            "mean": 49.90410472650037,
            "std": 5.120748989512758,
            "median": 49.68873728309042
          },
          "dist_pair21": {
            "mean": 79.3134516800895,
            "std": 49.58089517706,
            "median": 62.685367521296925
          },
          "dist_pair22": {
            "mean": 65.9623094351047,
            "std": 4.200235828633694,
            "median": 66.12869410035654
          },
          "dist_pair23": {
            "mean": 41.57393862728064,
            "std": 4.507065517930356,
            "median": 42.343404849092856
          },
          "dist_pair24": {
            "mean": 65.09035064461914,
            "std": 53.48521351765423,
            "median": 44.29801151359042
          },
          "dist_pair25": {
            "mean": 45.7174264116353,
            "std": 3.6189723663724984,
            "median": 45.727229585295966
          },
          "dist_pair26": {
            "mean": 88.83546892982442,
            "std": 59.1798747527302,
            "median": 57.97790411628349
          },
          "dist_pair27": {
            "mean": 57.44118573707317,
            "std": 72.30521689818654,
            "median": 16.358372695243485
          },
          "centroid_speed": {
            "mean": 81.18574834989043,
            "std": 120.52705411892903,
            "median": 17.138058719234913
          },
          "body_orientation": {
            "mean": -0.08017387163435977,
            "std": 0.6227078841756974,
            "median": 0.1309775638332273
          },
          "elongation": {
            "mean": 1.9418263660275086,
            "std": 0.4512641551405272,
            "median": 1.8834729402677364
          },
          "angular_velocity": {
            "mean": 0.010239165179952407,
            "std": 16.083505034660657,
            "median": -0.006628445455547638
          },
          "movement_entropy": {
            "mean": 0.20960998492695976,
            "std": 0.32147446124099216,
            "median": 0.031206090669269944
          },
          "speed_mean_window": {
            "mean": 94.40375816817372,
            "std": 79.57624993736214,
            "median": 77.57278544882186
          },
          "speed_std_window": {
            "mean": 303.3932113172783,
            "std": 233.1892825149365,
            "median": 327.38600801573375
          },
          "speed_max_window": {
            "mean": 1960.9441468333102,
            "std": 1340.1382316630331,
            "median": 2722.587217469168
          },
          "speed_p90_window": {
            "mean": 117.71089714803645,
            "std": 169.04863878631335,
            "median": 45.72296214262711
          },
          "dist_mean_window": {
            "mean": 61.543978525964135,
            "std": 8.876859714624667,
            "median": 58.93847601843088
          },
          "dist_std_window": {
            "mean": 32.9509717610575,
            "std": 11.712496810813324,
            "median": 28.63240384001681
          },
          "angular_vel_mean_window": {
            "mean": 5.91702140519973,
            "std": 6.451677680366528,