state,occurrence_rate,total_duration_sec,n_bouts,mean_bout_duration_sec
state_0,0.904777019520711,190.03333333333333,34,5.58921568627451
state_1,0.095222980479289,20.0,33,0.6060606060606061
