,State_0,State_1
State_0,0.9942105263157894,0.005789473684210527
State_1,0.055,0.945
