{
  "behavioral_states": {
    "n_states": 2,
    "states": {
      "state_0": {
        "occurrence_rate": 0.49731033203487296,
        "total_frames": 2681,
        "total_duration_sec": 89.36666666666666,
        "n_bouts": 142,
        "mean_bout_duration_sec": 0.6293427230046948,
        "median_bout_duration_sec": 0.1,
        "max_bout_duration_sec": 27.633333333333333,
        "feature_profile": {
          "speed_kp0": {
            "mean": 450.7680468059239,
            "std": 480.33714564090445,
            "median": 262.28797171759913
          },
          "speed_kp1": {
            "mean": 374.1617361695588,
            "std": 482.92911498776635,
            "median": 170.87684202661535
          },
          "speed_kp2": {
            "mean": 534.760783306376,
            "std": 609.8773198102804,
            "median": 257.49580803243305
          },
          "speed_kp3": {
            "mean": 388.4627249690378,
            "std": 532.9628595684596,
            "median": 146.70278730693033
          },
          "speed_kp4": {
            "mean": 656.8269529011503,
            "std": 653.6933577749506,
            "median": 439.5775125593249
          },
          "speed_kp5": {
            "mean": 349.32370581035417,
            "std": 463.5875821166874,
            "median": 110.24016229063876
          },
          "speed_kp6": {
            "mean": 128.62300296900983,
            "std": 225.65315984063233,
            "median": 61.24162107834385
          },
          "speed_kp7": {
            "mean": 177.1193374305789,
            "std": 383.7400242087311,
            "median": 15.587280110150845
          },
          "dist_pair0": {
            "mean": 39.50423478133264,
            "std": 33.94133905095556,
            "median": 30.53800974901878
          },
          "dist_pair1": {
            "mean": 52.37162776624296,
            "std": 40.6113420128374,
            "median": 45.332850343523205
          },
          "dist_pair2": {
            "mean": 63.5859117430578,
            "std": 44.12410156319289,
            "median": 48.13310731629759
          },
          "dist_pair3": {
            "mean": 70.50622971571501,
            "std": 47.78983576282308,
            "median": 62.200258453552806
          },
          "dist_pair4": {
            "mean": 85.24658171074965,
            "std": 45.32734421736562,
            "median": 74.911226588191
          },
          "dist_pair5": {
            "mean": 116.04638813957756,
            "std": 42.59365547577757,
            "median": 117.58769895831848
          },
          "dist_pair6": {
            "mean": 154.0168791792197,
            "std": 36.806667795245176,
            "median": 162.37143596720537
          },
          "dist_pair7": {
            "mean": 52.24822141361072,
            "std": 42.52123498399194,
            "median": 39.79864206525276
          },
          "dist_pair8": {
            "mean": 65.67551633602484,
            "std": 44.12753072463832,
            "median": 50.81504282036466
          },
          "dist_pair9": {
            "mean": 69.98456727863481,
            "std": 49.29349538769194,
            "median": 60.46092255151226
          },
          "dist_pair10": {
            "mean": 80.66265487059914,
            "std": 39.05676477159392,
            "median": 74.14449521028295
          },
          "dist_pair11": {
            "mean": 128.1452714600235,
            "std": 37.767364109383244,
            "median": 116.6617310687136
          },
          "dist_pair12": {
            "mean": 147.77884341710052,
            "std": 38.33849702224726,
            "median": 160.61973333472702
          },
          "dist_pair13": {
            "mean": 69.82285318004045,
            "std": 41.787197015362224,
            "median": 57.024782756012655
          },
          "dist_pair14": {
            "mean": 72.56356979478686,
            "std": 47.128623677990504,
            "median": 65.27409071501786
          },
          "dist_pair15": {
            "mean": 92.25029399841169,
            "std": 48.3608394590653,
            "median": 81.37876994318727
          },
          "dist_pair16": {
            "mean": 117.73633403500733,
            "std": 39.1975344766788,
            "median": 116.97566147774505
          },
          "dist_pair17": {
            "mean": 149.00579126004644,
            "std": 41.15244209147459,
            "median": 153.66610230757937
          },
          "dist_pair18": {
            "mean": 82.71172591749382,
            "std": 51.50985001539842,
            "median": 75.32613715627335
          },
          "dist_pair19": {
            "mean": 110.33293598657527,
            "std": 60.911411057183926,
            "median": 96.09339795831713
          },
          "dist_pair20": {
            "mean": 107.03865092342507,
            "std": 53.562286303335085,
            "median": 108.8527180499532
          },
          "dist_pair21": {
            "mean": 141.89707548837245,
            "std": 35.52753549921215,
            "median": 147.66552773138181
          },
          "dist_pair22": {
            "mean": 98.49642558746137,
            "std": 55.45374814063147,
            "median": 85.98258321226592
          },
          "dist_pair23": {
            "mean": 97.6680469070164,
            "std": 40.24909762161749,
            "median": 102.54456417253019
          },
          "dist_pair24": {
            "mean": 171.62163227313133,
            "std": 39.56688485984768,
            "median": 179.11213519018685
          },
          "dist_pair25": {
            "mean": 162.614710832173,
            "std": 30.670198447819672,
            "median": 171.04168937988126
          },
          "dist_pair26": {
            "mean": 150.41890945942032,
            "std": 44.093589124489604,
            "median": 155.00569523047605
          },
          "dist_pair27": {
            "mean": 196.76789536071254,
            "std": 25.44260004212687,
            "median": 203.77124844307605
          },
          "centroid_speed": {
            "mean": 203.2006380893577,
            "std": 140.4540768232328,
            "median": 172.09847918622938
          },
          "body_orientation": {
            "mean": -0.9876874679667602,
            "std": 0.6696331540918601,
            "median": -1.089325099998622
          },
          "elongation": {
            "mean": 1.4678279822193852,
            "std": 0.4222389976576757,
            "median": 1.3631087412824134
          },
          "angular_velocity": {
            "mean": -0.1726671433376587,
            "std": 18.173533544940906,
            "median": -0.26506652597610203
          },
          "movement_entropy": {
            "mean": 0.041338236487519484,
            "std": 0.008535242558578958,
            "median": 0.04155698429122067
          },
          "speed_mean_window": {
            "mean": 386.95795359781886,
            "std": 99.78684301654017,
            "median": 384.7318732704169
          },
          "speed_std_window": {
            "mean": 510.16144974029885,
            "std": 102.04491772505366,
            "median": 504.19283821718693
          },
          "speed_max_window": {
            "mean": 2452.1607504222898,
            "std": 471.3181102667643,
            "median": 2384.7232083821173
          },
          "speed_p90_window": {
            "mean": 1122.2612949570375,
            "std": 273.32326356674514,
            "median": 1129.2555497332469
          },
          "dist_mean_window": {
            "mean": 105.68103874678421,
            "std": 10.294752799900367,
            "median": 105.58807449886211
          },
          "dist_std_window": {
            "mean": 58.231164889836165,
            "std": 6.033171145713982,
            "median": 58.53939674848197
          },
          "angular_vel_mean_window": {
            "mean": 9.371429039552304,
            "std": 6.279163896069659,