state,occurrence_rate,total_duration_sec,n_bouts,mean_bout_duration_sec
state_0,0.49731033203487296,89.36666666666666,142,0.6293427230046948
state_1,0.502689667965127,90.33333333333333,142,0.636150234741784
