,State_0,State_1
State_0,0.9470346885490488,0.05296531145095114
State_1,0.05204872646733112,0.9479512735326688
