{
  "behavioral_states": {
    "n_states": 2,
    "states": {
      "state_0": {
        "occurrence_rate": 0.11723242441105547,
        "total_frames": 632,
        "total_duration_sec": 21.066666666666666,
        "n_bouts": 81,
        "mean_bout_duration_sec": 0.26008230452674896,
        "median_bout_duration_sec": 0.1,
        "max_bout_duration_sec": 2.1,
        "feature_profile": {
          "speed_kp0": {
            "mean": 90.75876193693058,
            "std": 534.2033796915011,
            "median": 1.028395388013619
          },
          "speed_kp1": {
            "mean": 132.4751513458783,
            "std": 321.37331693057206,
            "median": 3.6498629504614186
          },
          "speed_kp2": {
            "mean": 12.926444422766254,
            "std": 139.49227258473996,
            "median": 1.1885676976474389
          },
          "speed_kp3": {
            "mean": 169.04235413238416,
            "std": 459.77876240504196,
            "median": 1.8662086535950895
          },
          "speed_kp4": {
            "mean": 76.98561529931736,
            "std": 331.5604926879915,
            "median": 3.7275838023164685
          },
          "speed_kp5": {
            "mean": 571.3753199386475,
            "std": 677.280778564186,
            "median": 192.06570313593534
          },
          "speed_kp6": {
            "mean": 144.0261126111741,
            "std": 416.4873478654251,
            "median": 1.5764322508065578
          },
          "speed_kp7": {
            "mean": 15.48339015690793,
            "std": 111.31023691985334,
            "median": 2.0464146791161273
          },
          "dist_pair0": {
            "mean": 118.19802759938645,
            "std": 32.649353451489645,
            "median": 127.9168141804983
          },
          "dist_pair1": {
            "mean": 19.946046707368893,
            "std": 30.78536556427286,
            "median": 14.535366437697482
          },
          "dist_pair2": {
            "mean": 158.40383723330146,
            "std": 40.472279399482055,
            "median": 173.3878245432246
          },
          "dist_pair3": {
            "mean": 116.20359063993311,
            "std": 17.135424992640512,
            "median": 115.27677358719163
          },
          "dist_pair4": {
            "mean": 201.7667330700208,
            "std": 35.82730897078128,
            "median": 190.060049895475
          },
          "dist_pair5": {
            "mean": 22.348976717866368,
            "std": 41.223485837379336,
            "median": 7.117348151260432
          },
          "dist_pair6": {
            "mean": 158.03898364631561,
            "std": 10.17614125598252,
            "median": 157.1773909722151
          },
          "dist_pair7": {
            "mean": 111.78420514866363,
            "std": 32.94287937188984,
            "median": 120.74553409218335
          },
          "dist_pair8": {
            "mean": 64.44466839627522,
            "std": 33.11836152704335,
            "median": 46.41065546399343
          },
          "dist_pair9": {
            "mean": 39.07565181031276,
            "std": 29.579775564944743,
            "median": 37.58777328111819
          },
          "dist_pair10": {
            "mean": 108.91232909195178,
            "std": 44.92651568438716,
            "median": 103.15459653155571
          },
          "dist_pair11": {
            "mean": 114.27555239224128,
            "std": 33.046143330843684,
            "median": 128.62067700393956
          },
          "dist_pair12": {
            "mean": 197.7479443069748,
            "std": 15.167611844312411,
            "median": 202.21199188653625
          },
          "dist_pair13": {
            "mean": 152.82097315775826,
            "std": 38.060830636399345,
            "median": 165.47528325079526
          },
          "dist_pair14": {
            "mean": 111.03129884682188,
            "std": 27.89482768512783,
            "median": 106.47015177998583
          },
          "dist_pair15": {
            "mean": 203.8650548309899,
            "std": 34.697408586455346,
            "median": 188.18596213607594
          },
          "dist_pair16": {
            "mean": 19.011832615111583,
            "std": 29.66911083383911,
            "median": 10.266657771676957
          },
          "dist_pair17": {
            "mean": 169.6778608848002,
            "std": 4.382080346654968,
            "median": 169.7786264695821
          },
          "dist_pair18": {
            "mean": 62.21250312222941,
            "std": 24.451423459233908,
            "median": 59.898333794993164
          },
          "dist_pair19": {
            "mean": 99.84797256111285,
            "std": 36.733177921490906,
            "median": 80.33154424929248
          },
          "dist_pair20": {
            "mean": 155.48647295624144,
            "std": 40.23323055293229,
            "median": 173.87357146915622
          },
          "dist_pair21": {
            "mean": 230.23590018939709,
            "std": 27.060399976529432,
            "median": 239.51665875613446
          },
          "dist_pair22": {
            "mean": 121.12014010869737,
            "std": 36.38803320412619,
            "median": 108.23710731752195
          },
          "dist_pair23": {
            "mean": 115.58797074550843,
            "std": 30.274398790227483,
            "median": 115.41607944082267
          },
          "dist_pair24": {
            "mean": 208.3087353372561,
            "std": 16.395626935464445,
            "median": 207.94589694612662
          },
          "dist_pair25": {
            "mean": 202.87651648087274,
            "std": 37.273159288676666,
            "median": 193.53904137950343
          },
          "dist_pair26": {
            "mean": 205.99279295583855,
            "std": 26.217947147756885,
            "median": 196.51528955179367
          },
          "dist_pair27": {
            "mean": 164.17440203824327,
            "std": 14.770208221837223,
            "median": 164.29818697566975
          },
          "centroid_speed": {
            "mean": 107.92997752769823,
            "std": 123.19483591329568,
            "median": 71.15435459017485
          },
          "body_orientation": {
            "mean": 0.20359821412599194,
            "std": 0.3153026916173468,
            "median": 0.3100503415760778
          },
          "elongation": {
            "mean": 1.365431553884342,
            "std": 0.19303976540926768,
            "median": 1.3595717645369336
          },
          "angular_velocity": {
            "mean": 0.8331889211322071,
            "std": 9.643086238208623,
            "median": 0.006084676800909572
          },
          "movement_entropy": {
            "mean": 0.07259383793898572,
            "std": 0.2825065528587077,
            "median": 0.04051753795809008
          },
          "speed_mean_window": {
            "mean": 129.49318558893327,
            "std": 102.5960839894121,
            "median": 96.87389493787578
          },
          "speed_std_window": {
            "mean": 355.7306543241425,
            "std": 171.68162617515335,
            "median": 316.02401762812366
          },
          "speed_max_window": {
            "mean": 2228.290760592643,
            "std": 786.624811810005,
            "median": 2029.8963404279498
          },
          "speed_p90_window": {
            "mean": 390.11391692630673,
            "std": 455.9074040818809,
            "median": 197.25080367078982
          },
          "dist_mean_window": {
            "mean": 142.6462321931252,
            "std": 12.609766831218938,
            "median": 142.27477810957842
          },
          "dist_std_window": {
            "mean": 80.1646500814018,
            "std": 10.315627346497397,
            "median": 79.8007910482203
          },
          "angular_vel_mean_window": {
            "mean": 2.6009944696585015,
            "std": 2.295838900088958,