,State_0,State_1
State_0,0.8718354430379747,0.1281645569620253
State_1,0.017023959646910468,0.9829760403530895
