{
  "behavioral_states": {
    "n_states": 2,
    "states": {
      "state_0": {
        "occurrence_rate": 0.11760038089192192,
        "total_frames": 741,
        "total_duration_sec": 24.7,
        "n_bouts": 33,
        "mean_bout_duration_sec": 0.7484848484848484,
        "median_bout_duration_sec": 0.1,
        "max_bout_duration_sec": 5.333333333333333,
        "feature_profile": {
          "speed_kp0": {
            "mean": 106.72355485205081,
            "std": 201.2482105707829,
            "median": 40.97711572709095
          },
          "speed_kp1": {
            "mean": 118.86920863833421,
            "std": 234.11140026019027,
            "median": 45.64750184710769
          },
          "speed_kp2": {
            "mean": 144.141361521832,
            "std": 228.93001658103458,
            "median": 71.61186961352962
          },
          "speed_kp3": {
            "mean": 96.6348142953729,
            "std": 221.21377392222448,
            "median": 27.180251592776685
          },
          "speed_kp4": {
            "mean": 84.33473145260508,
            "std": 198.27944795728013,
            "median": 19.344871040135466
          },
          "speed_kp5": {
            "mean": 102.14493107185827,
            "std": 249.4334395594713,
            "median": 19.565990126584765
          },
          "speed_kp6": {
            "mean": 97.730835497756,
            "std": 230.8408517773682,
            "median": 17.527413248463855
          },
          "speed_kp7": {
            "mean": 232.04390439907198,
            "std": 490.5268858904339,
            "median": 13.113180677504774
          },
          "dist_pair0": {
            "mean": 28.606193765061175,
            "std": 3.128969143951336,
            "median": 28.659512456821904
          },
          "dist_pair1": {
            "mean": 36.21380402005557,
            "std": 7.473592696647928,
            "median": 36.58334427469019
          },
          "dist_pair2": {
            "mean": 36.40995718523052,
            "std": 7.3389106962616015,
            "median": 35.09584635477161
          },
          "dist_pair3": {
            "mean": 70.33192494237542,
            "std": 14.224318586404184,
            "median": 68.40193457167368
          },
          "dist_pair4": {
            "mean": 80.60448357291442,
            "std": 12.105032522905569,
            "median": 79.53129024447078
          },
          "dist_pair5": {
            "mean": 102.56229366396062,
            "std": 14.760158517615869,
            "median": 102.59959666724588
          },
          "dist_pair6": {
            "mean": 169.26102364694114,
            "std": 47.49762894900182,
            "median": 163.47564751161607
          },
          "dist_pair7": {
            "mean": 36.65589789949047,
            "std": 8.709811302676274,
            "median": 37.307297835758156
          },
          "dist_pair8": {
            "mean": 37.034780234873466,
            "std": 7.864799619824329,
            "median": 36.90215429450376
          },
          "dist_pair9": {
            "mean": 80.96101733633442,
            "std": 11.262873883111878,
            "median": 77.94873945937756
          },
          "dist_pair10": {
            "mean": 71.21571941114232,
            "std": 14.648959810139383,
            "median": 70.12729466659616
          },
          "dist_pair11": {
            "mean": 103.1507740971332,
            "std": 14.801212017623019,
            "median": 101.33614497942912
          },
          "dist_pair12": {
            "mean": 174.7127084422753,
            "std": 45.37938967359539,
            "median": 167.66177240237025
          },
          "dist_pair13": {
            "mean": 66.2403246236097,
            "std": 12.60212636347268,
            "median": 66.54116875841905
          },
          "dist_pair14": {
            "mean": 103.49185253512098,
            "std": 17.70118435885789,
            "median": 103.37683490727024
          },
          "dist_pair15": {
            "mean": 104.80134036068326,
            "std": 18.03901158804291,
            "median": 104.31176005682084
          },
          "dist_pair16": {
            "mean": 132.37604485050187,
            "std": 18.586999482833416,
            "median": 130.95258421534598
          },
          "dist_pair17": {
            "mean": 194.85870932870594,
            "std": 50.623017716676884,
            "median": 191.8393867686376
          },
          "dist_pair18": {
            "mean": 45.71799779837474,
            "std": 6.547534845686737,
            "median": 44.75515381673594
          },
          "dist_pair19": {
            "mean": 46.225463340823595,
            "std": 6.881593616281956,
            "median": 45.59515245636777
          },
          "dist_pair20": {
            "mean": 69.43596885259247,
            "std": 7.883576290142003,
            "median": 67.85378928281754
          },
          "dist_pair21": {
            "mean": 146.25088152269828,
            "std": 40.68919549054379,
            "median": 145.1742503221951
          },
          "dist_pair22": {
            "mean": 56.29174982305671,
            "std": 5.550182169289464,
            "median": 56.4163721423091
          },
          "dist_pair23": {
            "mean": 44.13084107051547,
            "std": 5.7721972428467145,
            "median": 44.832257363277854
          },
          "dist_pair24": {
            "mean": 116.55597710660271,
            "std": 40.04296071140527,
            "median": 118.29003349205806
          },
          "dist_pair25": {
            "mean": 43.62481108266835,
            "std": 5.890726794775057,
            "median": 43.46884406645483
          },
          "dist_pair26": {
            "mean": 126.89988936717118,
            "std": 39.049616932525666,
            "median": 130.8536738026452
          },
          "dist_pair27": {
            "mean": 96.64878471368505,
            "std": 42.64667871530099,
            "median": 108.25150869471598
          },
          "centroid_speed": {
            "mean": 91.8946775472719,
            "std": 186.60547143085776,
            "median": 30.411917296329502
          },
          "body_orientation": {
            "mean": -0.5568227388177656,
            "std": 0.747363718912153,
            "median": -0.4420434754952367
          },
          "elongation": {
            "mean": 3.148168530420612,
            "std": 1.141321891019507,
            "median": 3.2217199459960364
          },
          "angular_velocity": {
            "mean": -0.2139526681966543,
            "std": 12.781021624126218,
            "median": 0.00027109293197602474
          },
          "movement_entropy": {
            "mean": 0.18006923496266355,
            "std": 0.15594810744129306,
            "median": 0.15259047605991125
          },
          "speed_mean_window": {
            "mean": 125.50598560972242,
            "std": 174.2138461461577,
            "median": 64.86469419570223
          },
          "speed_std_window": {
            "mean": 163.40153866926977,
            "std": 158.01469024418236,
            "median": 78.55276759244033
          },
          "speed_max_window": {
            "mean": 1065.1243145416618,
            "std": 941.8842127874873,
            "median": 476.6686034523708
          },
          "speed_p90_window": {
            "mean": 268.14597749986933,
            "std": 366.69726624984446,
            "median": 138.2324105159802
          },
          "dist_mean_window": {
            "mean": 84.27869351780501,
            "std": 11.795209596549673,
            "median": 81.30554074738558
          },
          "dist_std_window": {
            "mean": 47.307917551642014,
            "std": 12.220323045829634,
            "median": 44.76105645242196
          },
          "angular_vel_mean_window": {
            "mean": 3.2917171916778147,
            "std": 5.199714196364345,