state,occurrence_rate,total_duration_sec,n_bouts,mean_bout_duration_sec
state_0,0.11760038089192192,24.7,33,0.7484848484848484
state_1,0.8823996191080781,185.33333333333334,34,5.450980392156863
