,State_0,State_1
State_0,0.9554655870445344,0.044534412955465584
State_1,0.0059363194819212085,0.9940636805180788
