{
  "behavioral_states": {
    "n_states": 2,
    "states": {
      "state_0": {
        "occurrence_rate": 0.707599555767095,
        "total_frames": 4460,
        "total_duration_sec": 148.66666666666666,
        "n_bouts": 43,
        "mean_bout_duration_sec": 3.4573643410852717,
        "median_bout_duration_sec": 0.43333333333333335,
        "max_bout_duration_sec": 39.93333333333333,
        "feature_profile": {
          "speed_kp0": {
            "mean": 25.161396181647017,
            "std": 30.852000525510007,
            "median": 13.88950068577606
          },
          "speed_kp1": {
            "mean": 29.551601390286194,
            "std": 33.77610822132691,
            "median": 16.388456140704786
          },
          "speed_kp2": {
            "mean": 42.40823157051657,
            "std": 57.32081181265294,
            "median": 20.59596155051195
          },
          "speed_kp3": {
            "mean": 17.720873687851427,
            "std": 19.810002371066116,
            "median": 10.772954868220854
          },
          "speed_kp4": {
            "mean": 22.45083118786766,
            "std": 39.303027083082604,
            "median": 12.874655143526908
          },
          "speed_kp5": {
            "mean": 25.29961635093275,
            "std": 40.47071782655518,
            "median": 11.655255332557424
          },
          "speed_kp6": {
            "mean": 35.82910398543053,
            "std": 108.42949361266747,
            "median": 12.492565310654966
          },
          "speed_kp7": {
            "mean": 5.552141751827304,
            "std": 77.05688192176179,
            "median": 1.6976113441915504
          },
          "dist_pair0": {
            "mean": 31.97345806079402,
            "std": 3.929162650134364,
            "median": 31.505302347403333
          },
          "dist_pair1": {
            "mean": 33.85460289577617,
            "std": 9.368070987026796,
            "median": 31.96702779412435
          },
          "dist_pair2": {
            "mean": 30.462078666480107,
            "std": 4.723494375934541,
            "median": 29.55868104203628
          },
          "dist_pair3": {
            "mean": 54.76014595761974,
            "std": 8.195885198193182,
            "median": 54.876940661581145
          },
          "dist_pair4": {
            "mean": 73.49382804048942,
            "std": 5.132074965443304,
            "median": 72.90449225141779
          },
          "dist_pair5": {
            "mean": 78.89443771214812,
            "std": 11.281675697585339,
            "median": 79.19677544328653
          },
          "dist_pair6": {
            "mean": 99.24850589954451,
            "std": 16.761941504080507,
            "median": 94.5890029896004
          },
          "dist_pair7": {
            "mean": 27.98724092031584,
            "std": 12.0979591276655,
            "median": 24.877030249581875
          },
          "dist_pair8": {
            "mean": 32.756998077399345,
            "std": 2.893880501781547,
            "median": 32.36346827931027
          },
          "dist_pair9": {
            "mean": 72.97053497500438,
            "std": 5.310644075789952,
            "median": 72.95473805809522
          },
          "dist_pair10": {
            "mean": 60.76140321553781,
            "std": 10.90742187977154,
            "median": 60.00532485369915
          },
          "dist_pair11": {
            "mean": 88.6527558582355,
            "std": 10.254401235094392,
            "median": 88.92810300647226
          },
          "dist_pair12": {
            "mean": 117.74431252540481,
            "std": 23.68926446283558,
            "median": 114.70387394963045
          },
          "dist_pair13": {
            "mean": 53.054768378010486,
            "std": 10.611423396632976,
            "median": 49.74630220286455
          },
          "dist_pair14": {
            "mean": 85.46094562976434,
            "std": 10.99511517743953,
            "median": 84.02496892149937
          },
          "dist_pair15": {
            "mean": 85.82684715602784,
            "std": 10.938387305256247,
            "median": 83.37469663923392
          },
          "dist_pair16": {
            "mean": 106.04334216817425,
            "std": 11.687256593148525,
            "median": 106.09606469423815
          },
          "dist_pair17": {
            "mean": 102.59964655601637,
            "std": 32.46868556636821,
            "median": 94.06994291820692
          },
          "dist_pair18": {
            "mean": 42.82399769811398,
            "std": 4.618313080687353,
            "median": 42.63682647527821
          },
          "dist_pair19": {
            "mean": 45.721390138008225,
            "std": 3.6955840919718725,
            "median": 45.6277538891394
          },
          "dist_pair20": {
            "mean": 57.80862312599656,
            "std": 7.824018415961428,
            "median": 57.77093613226964
          },
          "dist_pair21": {
            "mean": 122.77941546977212,
            "std": 10.182731942376721,
            "median": 123.03083061719117
          },
          "dist_pair22": {
            "mean": 68.29139829135825,
            "std": 5.412749862763563,
            "median": 68.8053932361041
          },
          "dist_pair23": {
            "mean": 31.960152635881865,
            "std": 10.7796909640897,
            "median": 31.140518200851073
          },
          "dist_pair24": {
            "mean": 126.22496303691604,
            "std": 14.151644442858734,
            "median": 129.0323660061477
          },
          "dist_pair25": {
            "mean": 60.14092947478895,
            "std": 8.312252868057895,
            "median": 61.51032580803223
          },
          "dist_pair26": {
            "mean": 161.6456609841698,
            "std": 11.187887296753727,
            "median": 164.496675485644
          },
          "dist_pair27": {
            "mean": 150.71189714167485,
            "std": 23.599435466604408,
            "median": 152.76700957052554
          },
          "centroid_speed": {
            "mean": 14.510726376952176,
            "std": 19.880077670772877,
            "median": 8.25654681614294
          },
          "body_orientation": {
            "mean": -0.15678505817608293,
            "std": 0.22630552117523642,
            "median": -0.126949712959334
          },
          "elongation": {
            "mean": 1.8717140353421842,
            "std": 0.3542273154162657,
            "median": 1.8881885399858396
          },
          "angular_velocity": {
            "mean": 0.010231781673676223,
            "std": 1.2072678012988358,
            "median": 0.0006580517768330768
          },
          "movement_entropy": {
            "mean": 0.5276926252890862,
            "std": 0.4410496122808023,
            "median": 0.3933600945356631
          },
          "speed_mean_window": {
            "mean": 26.770317946811154,
            "std": 22.748388531017575,
            "median": 19.647862727237502
          },
          "speed_std_window": {
            "mean": 36.58946506144919,
            "std": 42.61251641997492,
            "median": 24.00879389690369
          },
          "speed_max_window": {
            "mean": 267.54676064876475,
            "std": 358.5142898202914,
            "median": 147.54086276711817
          },
          "speed_p90_window": {
            "mean": 58.69181743519071,
            "std": 46.046987140299656,
            "median": 46.912955496414085
          },
          "dist_mean_window": {
            "mean": 75.48167291037255,
            "std": 3.6993859391084345,
            "median": 74.4684065510767
          },
          "dist_std_window": {
            "mean": 38.745841368244,
            "std": 2.3957278180161428,
            "median": 38.34952632306194
          },
          "angular_vel_mean_window": {
            "mean": 0.2715747776643163,