state,occurrence_rate,total_duration_sec,n_bouts,mean_bout_duration_sec
state_0,0.707599555767095,148.66666666666666,43,3.4573643410852717
state_1,0.29240044423290495,61.43333333333333,44,1.396212121212121
