,State_0,State_1
State_0,0.9903587443946188,0.009641255605381167
State_1,0.023344191096634093,0.9766558089033659
