{
  "behavioral_states": {
    "n_states": 2,
    "states": {
      "state_0": {
        "occurrence_rate": 0.592112571745973,
        "total_frames": 3198,
        "total_duration_sec": 106.6,
        "n_bouts": 162,
        "mean_bout_duration_sec": 0.6580246913580247,
        "median_bout_duration_sec": 0.1,
        "max_bout_duration_sec": 24.433333333333334,
        "feature_profile": {
          "speed_kp0": {
            "mean": 40.87698734280084,
            "std": 61.4399674720176,
            "median": 20.314234438421266
          },
          "speed_kp1": {
            "mean": 38.20764700956941,
            "std": 62.44804434430954,
            "median": 16.56036085212447
          },
          "speed_kp2": {
            "mean": 99.83024159294567,
            "std": 283.443418277121,
            "median": 34.988045745648094
          },
          "speed_kp3": {
            "mean": 26.399481318176335,
            "std": 40.14849200604544,
            "median": 15.447746196073194
          },
          "speed_kp4": {
            "mean": 58.21702953382372,
            "std": 98.9026928264678,
            "median": 26.44517366918639
          },
          "speed_kp5": {
            "mean": 126.7912064674117,
            "std": 232.08594212040518,
            "median": 37.100658962504
          },
          "speed_kp6": {
            "mean": 119.56474014755713,
            "std": 176.1261616241739,
            "median": 45.61954472897821
          },
          "speed_kp7": {
            "mean": 476.0443815733306,
            "std": 731.7751024646413,
            "median": 27.873274426520275
          },
          "dist_pair0": {
            "mean": 32.83157423828702,
            "std": 5.805927871790643,
            "median": 34.30672515359299
          },
          "dist_pair1": {
            "mean": 21.513819910164475,
            "std": 13.680641965645018,
            "median": 18.370726123821374
          },
          "dist_pair2": {
            "mean": 47.62395996300872,
            "std": 8.48758182576303,
            "median": 46.34553174875692
          },
          "dist_pair3": {
            "mean": 80.92031285205482,
            "std": 11.378209211079126,
            "median": 81.15647974127128
          },
          "dist_pair4": {
            "mean": 77.0669598347585,
            "std": 13.77309354129695,
            "median": 72.18044260958268
          },
          "dist_pair5": {
            "mean": 104.69794391006289,
            "std": 12.595316059334314,
            "median": 104.55986986858122
          },
          "dist_pair6": {
            "mean": 146.94638430693195,
            "std": 28.845384535936354,
            "median": 147.745718310339
          },
          "dist_pair7": {
            "mean": 25.89141320493959,
            "std": 12.41775202507582,
            "median": 24.476986245358116
          },
          "dist_pair8": {
            "mean": 48.635220489770155,
            "std": 6.73342621552775,
            "median": 49.61717801082365
          },
          "dist_pair9": {
            "mean": 87.81591165139264,
            "std": 10.591542646908787,
            "median": 91.35511114471538
          },
          "dist_pair10": {
            "mean": 62.26484244394594,
            "std": 19.540562102480028,
            "median": 56.62035061508506
          },
          "dist_pair11": {
            "mean": 97.8628523714781,
            "std": 15.086845291020698,
            "median": 97.05720270556948
          },
          "dist_pair12": {
            "mean": 141.63877144556454,
            "std": 28.497230494364594,
            "median": 145.89020425705945
          },
          "dist_pair13": {
            "mean": 58.32971202224903,
            "std": 13.704650570924104,
            "median": 54.62702189895895
          },
          "dist_pair14": {
            "mean": 94.64458481557426,
            "std": 14.972090177527226,
            "median": 93.535446778838
          },
          "dist_pair15": {
            "mean": 81.17576740739919,
            "std": 19.051610744080275,
            "median": 76.6506416002615
          },
          "dist_pair16": {
            "mean": 113.02259907487968,
            "std": 15.88241729484054,
            "median": 110.99423850745231
          },
          "dist_pair17": {
            "mean": 154.81250728435742,
            "std": 29.334360004130218,
            "median": 154.60734818413493
          },
          "dist_pair18": {
            "mean": 41.26729704004673,
            "std": 6.374798988200109,
            "median": 42.17457219330145
          },
          "dist_pair19": {
            "mean": 42.968474235905354,
            "std": 8.50953211279555,
            "median": 43.7260044805042
          },
          "dist_pair20": {
            "mean": 60.59977584543878,
            "std": 10.30320154381804,
            "median": 58.449445259955624
          },
          "dist_pair21": {
            "mean": 109.99536770387867,
            "std": 26.8325185710657,
            "median": 102.48703659522856
          },
          "dist_pair22": {
            "mean": 59.063343614008275,
            "std": 22.013299796884922,
            "median": 63.38098150959691
          },
          "dist_pair23": {
            "mean": 49.49672435973801,
            "std": 10.221988294181788,
            "median": 47.98260057571446
          },
          "dist_pair24": {
            "mean": 90.89742275490651,
            "std": 33.347036828225384,
            "median": 73.50499198766079
          },
          "dist_pair25": {
            "mean": 49.61234120903572,
            "std": 16.65289119070296,
            "median": 47.17105274841161
          },
          "dist_pair26": {
            "mean": 100.85850310930215,
            "std": 29.409753415444637,
            "median": 110.50015697917436
          },
          "dist_pair27": {
            "mean": 70.87568442789069,
            "std": 31.80992818452475,
            "median": 62.787743435607936
          },
          "centroid_speed": {
            "mean": 86.2125665594579,
            "std": 93.63113225701275,
            "median": 48.63095213004355
          },
          "body_orientation": {
            "mean": -0.43813468550416224,
            "std": 0.789259745223203,
            "median": -0.13257241771200984
          },
          "elongation": {
            "mean": 2.477311904279238,
            "std": 0.6241900531022957,
            "median": 2.4837829636070836
          },
          "angular_velocity": {
            "mean": 1.2976703109558796,
            "std": 17.93180260531557,
            "median": 0.03527521714976466
          },
          "movement_entropy": {
            "mean": 0.06492106485511473,
            "std": 0.05769219138941596,
            "median": 0.04220920013734702
          },
          "speed_mean_window": {
            "mean": 123.5805902448056,
            "std": 74.63529157629536,
            "median": 105.47325955878608
          },
          "speed_std_window": {
            "mean": 282.33682976931084,
            "std": 156.91869231399755,
            "median": 280.2248498668072
          },
          "speed_max_window": {
            "mean": 1990.6295695398023,
            "std": 1060.2147141418086,
            "median": 1979.202508565968
          },
          "speed_p90_window": {
            "mean": 302.94477662048405,
            "std": 230.19182467058405,
            "median": 249.78020282827345
          },
          "dist_mean_window": {
            "mean": 79.20176019703308,
            "std": 7.06416592488937,
            "median": 76.02253830723188
          },
          "dist_std_window": {
            "mean": 42.704414798710374,
            "std": 9.026282500032583,
            "median": 38.11742619042094
          },
          "angular_vel_mean_window": {
            "mean": 5.989249423820159,
            "std": 7.0477852560355965,