state,occurrence_rate,total_duration_sec,n_bouts,mean_bout_duration_sec
state_0,0.592112571745973,106.6,162,0.6580246913580247
state_1,0.407887428254027,73.43333333333334,162,0.4532921810699589
