,State_0,State_1
State_0,0.949343339587242,0.05065666041275797
State_1,0.07311534968210717,0.9268846503178928
