{
  "behavioral_states": {
    "n_states": 2,
    "states": {
      "state_0": {
        "occurrence_rate": 0.22869385811775908,
        "total_frames": 1441,
        "total_duration_sec": 48.03333333333333,
        "n_bouts": 40,
        "mean_bout_duration_sec": 1.2008333333333332,
        "median_bout_duration_sec": 0.2,
        "max_bout_duration_sec": 16.866666666666667,
        "feature_profile": {
          "speed_kp0": {
            "mean": 55.58925272798451,
            "std": 59.74318621765564,
            "median": 35.200261978671925
          },
          "speed_kp1": {
            "mean": 51.61984332671273,
            "std": 53.947659143864556,
            "median": 32.5389972275006
          },
          "speed_kp2": {
            "mean": 93.362180799243,
            "std": 86.16247251032394,
            "median": 69.95206579927711
          },
          "speed_kp3": {
            "mean": 38.96707397002682,
            "std": 45.94642194637414,
            "median": 22.04508558558606
          },
          "speed_kp4": {
            "mean": 75.50717605453055,
            "std": 143.53145256236286,
            "median": 34.6470070995559
          },
          "speed_kp5": {
            "mean": 99.07648910155794,
            "std": 154.93321518355307,
            "median": 42.02217395865436
          },
          "speed_kp6": {
            "mean": 48.9032152415457,
            "std": 83.66826653941007,
            "median": 20.709194060626956
          },
          "speed_kp7": {
            "mean": 614.9399265803432,
            "std": 966.9335495996953,
            "median": 133.1583351103223
          },
          "dist_pair0": {
            "mean": 35.311671022456885,
            "std": 3.5939793045430912,
            "median": 35.39537448710737
          },
          "dist_pair1": {
            "mean": 31.70236776764297,
            "std": 7.198465110799844,
            "median": 32.38697509838614
          },
          "dist_pair2": {
            "mean": 40.62428272976731,
            "std": 4.062218850267646,
            "median": 39.78631484907012
          },
          "dist_pair3": {
            "mean": 86.56289975357183,
            "std": 11.723661504984513,
            "median": 86.04235194290808
          },
          "dist_pair4": {
            "mean": 91.02238208099784,
            "std": 7.665384068009713,
            "median": 90.49338963534599
          },
          "dist_pair5": {
            "mean": 116.3314872213884,
            "std": 8.599640670387702,
            "median": 114.53440797993161
          },
          "dist_pair6": {
            "mean": 156.53902097486935,
            "std": 53.75575874448362,
            "median": 161.43401422946997
          },
          "dist_pair7": {
            "mean": 22.47806730663874,
            "std": 13.79062180852857,
            "median": 25.59186776143271
          },
          "dist_pair8": {
            "mean": 39.89977339849926,
            "std": 3.4763897121335923,
            "median": 39.89504700912322
          },
          "dist_pair9": {
            "mean": 94.68983281070089,
            "std": 8.361005689897402,
            "median": 95.64206648358648
          },
          "dist_pair10": {
            "mean": 75.13388716875204,
            "std": 11.181460471426295,
            "median": 74.4764402983534
          },
          "dist_pair11": {
            "mean": 107.44054230431465,
            "std": 13.24762747932434,
            "median": 105.91598002086957
          },
          "dist_pair12": {
            "mean": 148.73088253627185,
            "std": 54.465205907452834,
            "median": 143.08822748666455
          },
          "dist_pair13": {
            "mean": 54.95484559126765,
            "std": 10.53370226415671,
            "median": 54.94110872872637
          },
          "dist_pair14": {
            "mean": 107.21207421740463,
            "std": 13.328256382336402,
            "median": 104.07889379470994
          },
          "dist_pair15": {
            "mean": 95.03587683322675,
            "std": 16.46004710531493,
            "median": 94.79841480063608
          },
          "dist_pair16": {
            "mean": 125.44109209427016,
            "std": 17.073842649749903,
            "median": 122.65103199888891
          },
          "dist_pair17": {
            "mean": 162.8745852884006,
            "std": 57.77038235061021,
            "median": 163.9752709944095
          },
          "dist_pair18": {
            "mean": 56.115153540840986,
            "std": 6.99887141571489,
            "median": 56.11594266449796
          },
          "dist_pair19": {
            "mean": 52.84426740898171,
            "std": 6.9350029426166735,
            "median": 53.02358939484247
          },
          "dist_pair20": {
            "mean": 77.46325607498572,
            "std": 8.598699430441755,
            "median": 75.9817321912779
          },
          "dist_pair21": {
            "mean": 135.07228976249277,
            "std": 45.01193732440076,
            "median": 128.2655427610061
          },
          "dist_pair22": {
            "mean": 62.28967296024277,
            "std": 12.952825009227727,
            "median": 65.67305748964907
          },
          "dist_pair23": {
            "mean": 56.5173229885959,
            "std": 7.554056692996096,
            "median": 56.276866545845245
          },
          "dist_pair24": {
            "mean": 129.5718411207865,
            "std": 44.14568534434322,
            "median": 123.04053148302654
          },
          "dist_pair25": {
            "mean": 41.00107483401859,
            "std": 11.315028593931457,
            "median": 40.59471085262631
          },
          "dist_pair26": {
            "mean": 116.32620161651369,
            "std": 51.55548660287493,
            "median": 104.96672023910713
          },
          "dist_pair27": {
            "mean": 103.42811736340863,
            "std": 56.32319532719013,
            "median": 87.4537205438021
          },
          "centroid_speed": {
            "mean": 103.10263614894953,
            "std": 113.08693541865662,
            "median": 57.62313878210245
          },
          "body_orientation": {
            "mean": -0.7017827599868031,
            "std": 0.8694125465048043,
            "median": -0.6572505856797002
          },
          "elongation": {
            "mean": 2.3130984149747067,
            "std": 0.8042867928255945,
            "median": 2.128652385257807
          },
          "angular_velocity": {
            "mean": 0.0660912497802556,
            "std": 16.85243985029645,
            "median": 0.023129838336379827
          },
          "movement_entropy": {
            "mean": 0.10026535384545995,
            "std": 0.10203957688730338,
            "median": 0.0681193299880979
          },
          "speed_mean_window": {
            "mean": 131.62212363022238,
            "std": 77.72937442590955,
            "median": 106.8038730563244
          },
          "speed_std_window": {
            "mean": 291.3839812722992,
            "std": 253.52051530634256,
            "median": 181.8768832442039
          },
          "speed_max_window": {
            "mean": 1910.7866850798837,
            "std": 1568.1853544504618,
            "median": 1154.4765568500243
          },
          "speed_p90_window": {
            "mean": 294.02112036179386,
            "std": 218.63308369849906,
            "median": 222.79332499082614
          },
          "dist_mean_window": {
            "mean": 85.99456783735435,
            "std": 8.720513066931982,
            "median": 83.68700894001273
          },
          "dist_std_window": {
            "mean": 46.39637823651187,
            "std": 10.34656111326002,
            "median": 44.30832977411594
          },
          "angular_vel_mean_window": {
            "mean": 6.149618552066991,
            "std": 7.375173357028215,