state,occurrence_rate,total_duration_sec,n_bouts,mean_bout_duration_sec
state_0,0.22869385811775908,48.03333333333333,40,1.2008333333333332
state_1,0.7713061418822409,162.0,39,4.153846153846154
