,State_0,State_1
State_0,0.9729166666666667,0.027083333333333334
State_1,0.008024691358024692,0.9919753086419754
