{
  "behavioral_states": {
    "n_states": 2,
    "states": {
      "state_0": {
        "occurrence_rate": 0.09979595622333519,
        "total_frames": 538,
        "total_duration_sec": 17.933333333333334,
        "n_bouts": 26,
        "mean_bout_duration_sec": 0.6897435897435897,
        "median_bout_duration_sec": 0.1,
        "max_bout_duration_sec": 10.8,
        "feature_profile": {
          "speed_kp0": {
            "mean": 35.193944810039866,
            "std": 47.80215811691085,
            "median": 21.738658123100073
          },
          "speed_kp1": {
            "mean": 35.9358491147146,
            "std": 36.94734160103024,
            "median": 22.198355582728652
          },
          "speed_kp2": {
            "mean": 66.73173357892298,
            "std": 129.86476679810005,
            "median": 29.639530388603653
          },
          "speed_kp3": {
            "mean": 28.222143931532795,
            "std": 24.834711911236276,
            "median": 21.348329708836292
          },
          "speed_kp4": {
            "mean": 187.91570748178685,
            "std": 293.85323650743055,
            "median": 36.845803011818106
          },
          "speed_kp5": {
            "mean": 84.1606447475841,
            "std": 176.861345972445,
            "median": 15.58891649362361
          },
          "speed_kp6": {
            "mean": 539.9045413239678,
            "std": 1283.1569843462855,
            "median": 0.9309072720628021
          },
          "speed_kp7": {
            "mean": 95.40247917580292,
            "std": 365.63097388145746,
            "median": 1.5623680761069907
          },
          "dist_pair0": {
            "mean": 31.157954856536545,
            "std": 3.0808461058606063,
            "median": 30.485066199405296
          },
          "dist_pair1": {
            "mean": 23.213299402783882,
            "std": 7.231272057589899,
            "median": 20.891816931449057
          },
          "dist_pair2": {
            "mean": 45.01576201181187,
            "std": 5.966216932626972,
            "median": 46.61137255045446
          },
          "dist_pair3": {
            "mean": 77.74521824188787,
            "std": 19.432593485809505,
            "median": 73.9535659276833
          },
          "dist_pair4": {
            "mean": 93.44164580615049,
            "std": 10.471805811270016,
            "median": 96.35243425562115
          },
          "dist_pair5": {
            "mean": 425.9521106763552,
            "std": 47.076646242090646,
            "median": 440.5983791896168
          },
          "dist_pair6": {
            "mean": 196.05118964292348,
            "std": 37.78809655057671,
            "median": 215.21325075443218
          },
          "dist_pair7": {
            "mean": 21.886195733108597,
            "std": 7.893262898076725,
            "median": 20.260793080281815
          },
          "dist_pair8": {
            "mean": 44.39240355205193,
            "std": 4.9337229889114,
            "median": 42.93765636858967
          },
          "dist_pair9": {
            "mean": 87.36309882931438,
            "std": 13.914689825509639,
            "median": 83.9971808546429
          },
          "dist_pair10": {
            "mean": 84.4842929516139,
            "std": 14.512595402651296,
            "median": 80.40256913961727
          },
          "dist_pair11": {
            "mean": 415.7671322052268,
            "std": 48.588609566292014,
            "median": 419.7369399525575
          },
          "dist_pair12": {
            "mean": 191.35282982889876,
            "std": 36.76470086523021,
            "median": 204.4911021395617
          },
          "dist_pair13": {
            "mean": 56.37092884943831,
            "std": 8.427049901173408,
            "median": 54.79295317726891
          },
          "dist_pair14": {
            "mean": 94.60211050246632,
            "std": 18.096839844929992,
            "median": 91.07351194251622
          },
          "dist_pair15": {
            "mean": 100.75926186801044,
            "std": 15.312798101624606,
            "median": 97.89344498744359
          },
          "dist_pair16": {
            "mean": 431.3174995730747,
            "std": 47.11515134881775,
            "median": 438.30348988961464
          },
          "dist_pair17": {
            "mean": 205.35066918357828,
            "std": 37.99059408331453,
            "median": 221.69117142690106
          },
          "dist_pair18": {
            "mean": 46.799841965982814,
            "std": 12.022965812118567,
            "median": 44.13056173251685
          },
          "dist_pair19": {
            "mean": 50.98797175747499,
            "std": 7.714361413525296,
            "median": 51.07431107858051
          },
          "dist_pair20": {
            "mean": 385.11421787487706,
            "std": 46.43455274658432,
            "median": 396.4855409714088
          },
          "dist_pair21": {
            "mean": 154.21368424926183,
            "std": 31.448116973390572,
            "median": 169.33298844848122
          },
          "dist_pair22": {
            "mean": 59.06624518327816,
            "std": 16.17633021086661,
            "median": 64.68906809230933
          },
          "dist_pair23": {
            "mean": 370.866224344746,
            "std": 51.19053564268302,
            "median": 393.75260169788834
          },
          "dist_pair24": {
            "mean": 135.13627662075513,
            "std": 30.719329975778415,
            "median": 147.95454931068699
          },
          "dist_pair25": {
            "mean": 342.49827131865413,
            "std": 43.064803326535475,
            "median": 344.26331074588416
          },
          "dist_pair26": {
            "mean": 116.64284715424571,
            "std": 23.915649489459618,
            "median": 125.4431118734933
          },
          "dist_pair27": {
            "mean": 248.35180407872278,
            "std": 53.67077248093872,
            "median": 245.7800546765645
          },
          "centroid_speed": {
            "mean": 104.08362554686511,
            "std": 157.93620079589962,
            "median": 37.72273072347257
          },
          "body_orientation": {
            "mean": -0.9403582960769585,
            "std": 1.4740795146135215,
            "median": -2.285664831272075
          },
          "elongation": {
            "mean": 5.257678632559194,
            "std": 1.45294524195926,
            "median": 4.595775039322604
          },
          "angular_velocity": {
            "mean": 0.4540493605173699,
            "std": 14.132199529506964,
            "median": 0.004084038191798367
          },
          "movement_entropy": {
            "mean": 0.0647348309346029,
            "std": 0.08394132620193234,
            "median": 0.06289480165136688
          },
          "speed_mean_window": {
            "mean": 102.75940618253529,
            "std": 76.15584716694032,
            "median": 72.91219816340504
          },
          "speed_std_window": {
            "mean": 309.7104872591327,
            "std": 228.418182669433,
            "median": 197.50796973508574
          },
          "speed_max_window": {
            "mean": 2459.661802608648,
            "std": 1798.3719919853027,
            "median": 1198.5435708548268
          },
          "speed_p90_window": {
            "mean": 174.98961521376427,
            "std": 195.3412073232767,
            "median": 106.32211597046495
          },
          "dist_mean_window": {
            "mean": 148.0071205200928,
            "std": 29.94736983344371,
            "median": 167.00106277852902
          },
          "dist_std_window": {
            "mean": 123.93659377227135,
            "std": 27.531005702717906,
            "median": 138.33622195553892
          },
          "angular_vel_mean_window": {
            "mean": 1.8210809867730564,
            "std": 3.1928735042800502,