state,occurrence_rate,total_duration_sec,n_bouts,mean_bout_duration_sec
state_0,0.09979595622333519,17.933333333333334,26,0.6897435897435897
state_1,0.9002040437766649,161.76666666666668,27,5.991358024691357
