,State_0,State_1
State_0,0.9516728624535316,0.048327137546468404
State_1,0.0053586150041220115,0.994641384995878
