{
  "behavioral_states": {
    "n_states": 2,
    "states": {
      "state_0": {
        "occurrence_rate": 0.387434554973822,
        "total_frames": 2442,
        "total_duration_sec": 81.4,
        "n_bouts": 140,
        "mean_bout_duration_sec": 0.5814285714285714,
        "median_bout_duration_sec": 0.16666666666666666,
        "max_bout_duration_sec": 16.766666666666666,
        "feature_profile": {
          "speed_kp0": {
            "mean": 93.98299154396456,
            "std": 98.32908146909504,
            "median": 65.32773290690426
          },
          "speed_kp1": {
            "mean": 112.72383607562773,
            "std": 128.1037997139697,
            "median": 76.92481892274968
          },
          "speed_kp2": {
            "mean": 182.5135971461064,
            "std": 222.91458820213606,
            "median": 117.56750202220583
          },
          "speed_kp3": {
            "mean": 59.40562238928963,
            "std": 71.16374909186453,
            "median": 41.011853805396385
          },
          "speed_kp4": {
            "mean": 70.17355312429609,
            "std": 139.0811210519898,
            "median": 33.11114724437303
          },
          "speed_kp5": {
            "mean": 70.58672145812162,
            "std": 132.69567636703977,
            "median": 32.7123824350801
          },
          "speed_kp6": {
            "mean": 44.88349986927411,
            "std": 75.49192283584516,
            "median": 21.800155148756936
          },
          "speed_kp7": {
            "mean": 147.6463343615539,
            "std": 443.1273381205586,
            "median": 14.14639435086359
          },
          "dist_pair0": {
            "mean": 33.00889059278604,
            "std": 9.12218972117523,
            "median": 34.40491179491903
          },
          "dist_pair1": {
            "mean": 37.230175665484346,
            "std": 14.23917829225673,
            "median": 37.25271582531097
          },
          "dist_pair2": {
            "mean": 30.07612764288766,
            "std": 5.954920836317241,
            "median": 29.08120850765688
          },
          "dist_pair3": {
            "mean": 49.59503183488637,
            "std": 14.834379522738681,
            "median": 48.91025896390434
          },
          "dist_pair4": {
            "mean": 65.20273943406755,
            "std": 11.822141233311598,
            "median": 66.24139752803666
          },
          "dist_pair5": {
            "mean": 78.70912035223607,
            "std": 17.13540191897549,
            "median": 79.12089832474814
          },
          "dist_pair6": {
            "mean": 145.66188568835602,
            "std": 35.88755134287629,
            "median": 150.44631610793593
          },
          "dist_pair7": {
            "mean": 35.97175050006485,
            "std": 17.16168625300302,
            "median": 37.31648829959077
          },
          "dist_pair8": {
            "mean": 33.62442774252985,
            "std": 5.842030612172017,
            "median": 34.30251571664306
          },
          "dist_pair9": {
            "mean": 66.3039396417667,
            "std": 11.751071246407111,
            "median": 68.07552519015258
          },
          "dist_pair10": {
            "mean": 54.715803302277344,
            "std": 11.984149892451319,
            "median": 55.65152103675004
          },
          "dist_pair11": {
            "mean": 85.37311951973808,
            "std": 12.687305930064507,
            "median": 84.7042316801938
          },
          "dist_pair12": {
            "mean": 154.49088462719354,
            "std": 36.442639014180294,
            "median": 156.13356362742036
          },
          "dist_pair13": {
            "mean": 56.03164507409473,
            "std": 13.401939703705422,
            "median": 58.15486446729416
          },
          "dist_pair14": {
            "mean": 79.92198593611994,
            "std": 15.082203445346394,
            "median": 78.26036580338403
          },
          "dist_pair15": {
            "mean": 83.52974680917497,
            "std": 19.163720723783317,
            "median": 82.60230598622863
          },
          "dist_pair16": {
            "mean": 105.68434067683316,
            "std": 16.141087391870197,
            "median": 105.90043046494739
          },
          "dist_pair17": {
            "mean": 165.64410464777382,
            "std": 44.6133258574612,
            "median": 168.8873960784086
          },
          "dist_pair18": {
            "mean": 36.76126386533878,
            "std": 6.179679311724215,
            "median": 37.29595460626915
          },
          "dist_pair19": {
            "mean": 38.28887927817006,
            "std": 7.255960325628786,
            "median": 38.23717247764835
          },
          "dist_pair20": {
            "mean": 56.540881732372,
            "std": 9.145805787488097,
            "median": 56.72607348942992
          },
          "dist_pair21": {
            "mean": 133.37661372531147,
            "std": 31.719651848501123,
            "median": 137.80959114804432
          },
          "dist_pair22": {
            "mean": 55.14007384827357,
            "std": 7.382845442633048,
            "median": 55.09919512086411
          },
          "dist_pair23": {
            "mean": 38.802552603290486,
            "std": 12.550135294173415,
            "median": 37.80226201429461
          },
          "dist_pair24": {
            "mean": 114.19380116765834,
            "std": 34.87314247954293,
            "median": 118.20932540634685
          },
          "dist_pair25": {
            "mean": 47.994850124969176,
            "std": 10.900383734623805,
            "median": 46.592129317657594
          },
          "dist_pair26": {
            "mean": 126.01851872097035,
            "std": 34.52102134635154,
            "median": 128.22427340141525
          },
          "dist_pair27": {
            "mean": 93.13176219708504,
            "std": 32.18027418324729,
            "median": 101.43548730681789
          },
          "centroid_speed": {
            "mean": 61.96470191543828,
            "std": 70.03947137005353,
            "median": 43.25745818574807
          },
          "body_orientation": {
            "mean": -0.5613387346396393,
            "std": 0.7275016374477996,
            "median": -0.4644931479265474
          },
          "elongation": {
            "mean": 2.516191632852037,
            "std": 0.8050988278273983,
            "median": 2.503472291233412
          },
          "angular_velocity": {
            "mean": 0.08138378880271092,
            "std": 12.477050491974243,
            "median": 0.010639134983169846
          },
          "movement_entropy": {
            "mean": 0.1920801541248779,
            "std": 0.34930363203198256,
            "median": 0.10632392041382155
          },
          "speed_mean_window": {
            "mean": 89.87861228188605,
            "std": 72.52081875664304,
            "median": 83.54785883301844
          },
          "speed_std_window": {
            "mean": 135.8732433432158,
            "std": 104.30632139078222,
            "median": 109.25198557217661
          },
          "speed_max_window": {
            "mean": 996.2709604006623,
            "std": 850.4551002141042,
            "median": 721.5647551778618
          },
          "speed_p90_window": {
            "mean": 195.1838087790992,
            "std": 145.40493566323823,
            "median": 184.48454321417472
          },
          "dist_mean_window": {
            "mean": 78.72460685383285,
            "std": 8.621779703125252,
            "median": 78.43232901810674
          },
          "dist_std_window": {
            "mean": 46.728804260444626,
            "std": 10.067929705632618,
            "median": 46.81678722371471
          },
          "angular_vel_mean_window": {
            "mean": 2.3460464823612894,
            "std": 3.6626411770332914,