state,occurrence_rate,total_duration_sec,n_bouts,mean_bout_duration_sec
state_0,0.387434554973822,81.4,140,0.5814285714285714
state_1,0.612565445026178,128.7,140,0.9192857142857143
