,State_0,State_1
State_0,0.9430561245391234,0.05694387546087669
State_1,0.03626003626003626,0.9637399637399637
