{
  "behavioral_states": {
    "n_states": 2,
    "states": {
      "state_0": {
        "occurrence_rate": 0.637240356083086,
        "total_frames": 3436,
        "total_duration_sec": 114.53333333333333,
        "n_bouts": 55,
        "mean_bout_duration_sec": 2.0824242424242425,
        "median_bout_duration_sec": 0.26666666666666666,
        "max_bout_duration_sec": 35.233333333333334,
        "feature_profile": {
          "speed_kp0": {
            "mean": 37.328207548059034,
            "std": 39.92070399375355,
            "median": 21.287673923965528
          },
          "speed_kp1": {
            "mean": 39.47660869055908,
            "std": 43.871348705521136,
            "median": 23.339165303226835
          },
          "speed_kp2": {
            "mean": 77.98842585957559,
            "std": 102.2924844563297,
            "median": 44.26838915581355
          },
          "speed_kp3": {
            "mean": 23.003489350667902,
            "std": 22.839197454136603,
            "median": 15.288654551490996
          },
          "speed_kp4": {
            "mean": 23.150253603710595,
            "std": 29.200796169544773,
            "median": 14.71043001714336
          },
          "speed_kp5": {
            "mean": 25.690457437098594,
            "std": 27.498521614949308,
            "median": 17.61216685864673
          },
          "speed_kp6": {
            "mean": 18.773767859291926,
            "std": 31.994944972081804,
            "median": 11.25228811686025
          },
          "speed_kp7": {
            "mean": 53.276189016387164,
            "std": 221.20892002788895,
            "median": 8.84330154413546
          },
          "dist_pair0": {
            "mean": 29.831989444627524,
            "std": 2.6500406547130226,
            "median": 29.411106285807676
          },
          "dist_pair1": {
            "mean": 31.41003742871357,
            "std": 8.262100626936013,
            "median": 30.81126886600463
          },
          "dist_pair2": {
            "mean": 28.641902908351188,
            "std": 3.0301048270926474,
            "median": 28.64726321519067
          },
          "dist_pair3": {
            "mean": 57.91179024537352,
            "std": 8.24960753469785,
            "median": 56.867719203771685
          },
          "dist_pair4": {
            "mean": 68.10025721908956,
            "std": 6.138315368662242,
            "median": 67.11341580187323
          },
          "dist_pair5": {
            "mean": 88.7545230914528,
            "std": 10.17800443491392,
            "median": 88.46992157380538
          },
          "dist_pair6": {
            "mean": 164.50878172689505,
            "std": 26.01190466810228,
            "median": 161.18123483864707
          },
          "dist_pair7": {
            "mean": 30.415599898076405,
            "std": 8.962596459195513,
            "median": 30.4342611360741
          },
          "dist_pair8": {
            "mean": 27.789316143458034,
            "std": 3.944924327125945,
            "median": 26.801133129641066
          },
          "dist_pair9": {
            "mean": 70.53261418540971,
            "std": 4.517817969786146,
            "median": 70.54247102879614
          },
          "dist_pair10": {
            "mean": 53.30690932224318,
            "std": 11.291972814265632,
            "median": 51.43602137057509
          },
          "dist_pair11": {
            "mean": 89.31450121486239,
            "std": 8.555209952359949,
            "median": 89.44944729951789
          },
          "dist_pair12": {
            "mean": 172.78158125851294,
            "std": 25.22684965863706,
            "median": 169.45367332910422
          },
          "dist_pair13": {
            "mean": 50.02143814978846,
            "std": 8.775394218887445,
            "median": 49.65805152205216
          },
          "dist_pair14": {
            "mean": 86.03528314615615,
            "std": 11.125301587962756,
            "median": 83.77993499625103
          },
          "dist_pair15": {
            "mean": 80.92259310401111,
            "std": 12.418567051994199,
            "median": 80.7611503658575
          },
          "dist_pair16": {
            "mean": 111.63983701867535,
            "std": 11.42025667778103,
            "median": 111.17337321843132
          },
          "dist_pair17": {
            "mean": 187.4604364976229,
            "std": 29.533111811896557,
            "median": 188.8666198489894
          },
          "dist_pair18": {
            "mean": 44.56199042980417,
            "std": 3.276138600045689,
            "median": 44.88452536873989
          },
          "dist_pair19": {
            "mean": 41.14073206639586,
            "std": 4.920606683258878,
            "median": 40.31845628416913
          },
          "dist_pair20": {
            "mean": 65.81375042798369,
            "std": 6.381423146872814,
            "median": 64.87831326776491
          },
          "dist_pair21": {
            "mean": 151.56577755695542,
            "std": 21.12719675458912,
            "median": 145.2708673068284
          },
          "dist_pair22": {
            "mean": 60.64488069234808,
            "std": 4.592156927612221,
            "median": 60.93915022197149
          },
          "dist_pair23": {
            "mean": 42.204691913514935,
            "std": 7.660739226181694,
            "median": 41.38390023966976
          },
          "dist_pair24": {
            "mean": 116.32151458592277,
            "std": 23.74401044330905,
            "median": 112.59281320866569
          },
          "dist_pair25": {
            "mean": 51.613002699178814,
            "std": 7.5375011007482025,
            "median": 52.67146384031287
          },
          "dist_pair26": {
            "mean": 146.05981700305466,
            "std": 27.16420664368663,
            "median": 145.85656229078967
          },
          "dist_pair27": {
            "mean": 101.48470891517752,
            "std": 22.919862997567886,
            "median": 105.74950054440363
          },
          "centroid_speed": {
            "mean": 23.62113126670652,
            "std": 33.59963797758773,
            "median": 12.23334334127545
          },
          "body_orientation": {
            "mean": -1.2717211142169746,
            "std": 0.7578030027936028,
            "median": -1.6095886532306658
          },
          "elongation": {
            "mean": 2.673067298973276,
            "std": 0.6219154023627258,
            "median": 2.6623601126174075
          },
          "angular_velocity": {
            "mean": -0.033738777940344564,
            "std": 6.376993397371736,
            "median": 0.00317934231176098
          },
          "movement_entropy": {
            "mean": 0.4092768611793659,
            "std": 0.3585171267083111,
            "median": 0.27331816491190253
          },
          "speed_mean_window": {
            "mean": 37.46158385915767,
            "std": 29.358506696588606,
            "median": 29.87438200586798
          },
          "speed_std_window": {
            "mean": 50.14454355116636,
            "std": 57.264589231319555,
            "median": 36.72848750346729
          },
          "speed_max_window": {
            "mean": 377.89578024260743,
            "std": 494.3517552459646,
            "median": 234.88079812602774
          },
          "speed_p90_window": {
            "mean": 77.9761186076991,
            "std": 57.611720758725156,
            "median": 64.81696909530326
          },
          "dist_mean_window": {
            "mean": 81.70384816934724,
            "std": 5.285029486064843,
            "median": 82.1719983511612
          },
          "dist_std_window": {
            "mean": 48.58753523853186,
            "std": 6.643691794433374,
            "median": 46.394871820841956
          },
          "angular_vel_mean_window": {
            "mean": 0.8138488108457063,
            "std": 2.312051031107019,