state,occurrence_rate,total_duration_sec,n_bouts,mean_bout_duration_sec
state_0,0.637240356083086,114.53333333333333,55,2.0824242424242425
state_1,0.36275964391691395,65.2,55,1.1854545454545453
