,State_0,State_1
State_0,0.9842794759825327,0.01572052401746725
State_1,0.028118609406952964,0.971881390593047
