{
  "behavioral_states": {
    "n_states": 2,
    "states": {
      "state_0": {
        "occurrence_rate": 0.3159940762680489,
        "total_frames": 1707,
        "total_duration_sec": 56.9,
        "n_bouts": 82,
        "mean_bout_duration_sec": 0.6939024390243902,
        "median_bout_duration_sec": 0.13333333333333333,
        "max_bout_duration_sec": 10.066666666666666,
        "feature_profile": {
          "speed_kp0": {
            "mean": 96.09819893715012,
            "std": 105.01807715317,
            "median": 72.01161893152643
          },
          "speed_kp1": {
            "mean": 91.29101787389982,
            "std": 72.52572581191059,
            "median": 76.25840479407684
          },
          "speed_kp2": {
            "mean": 297.7553876309222,
            "std": 561.6448998391405,
            "median": 114.01419157780138
          },
          "speed_kp3": {
            "mean": 71.27597081900616,
            "std": 88.4520782058692,
            "median": 45.601666905748154
          },
          "speed_kp4": {
            "mean": 157.6247636820135,
            "std": 241.65455352517463,
            "median": 49.74414069642021
          },
          "speed_kp5": {
            "mean": 205.0727900781415,
            "std": 306.9371843482416,
            "median": 65.49894480392649
          },
          "speed_kp6": {
            "mean": 180.9857075768475,
            "std": 378.0034548464681,
            "median": 43.556223836948554
          },
          "speed_kp7": {
            "mean": 135.95825855370964,
            "std": 410.50917111303085,
            "median": 3.124183893946665
          },
          "dist_pair0": {
            "mean": 28.425819825646162,
            "std": 7.654092876985009,
            "median": 28.569238625186617
          },
          "dist_pair1": {
            "mean": 38.45805487769832,
            "std": 46.26765834360168,
            "median": 24.482848356938828
          },
          "dist_pair2": {
            "mean": 49.0300303465687,
            "std": 15.551337997645097,
            "median": 43.781286908350495
          },
          "dist_pair3": {
            "mean": 73.69983928215191,
            "std": 19.141118321013543,
            "median": 72.22000520985067
          },
          "dist_pair4": {
            "mean": 72.92218233606832,
            "std": 18.79531131770952,
            "median": 73.8484120291015
          },
          "dist_pair5": {
            "mean": 108.84997446981832,
            "std": 20.005663635763142,
            "median": 106.84008470472361
          },
          "dist_pair6": {
            "mean": 135.62321988159113,
            "std": 44.99785185093836,
            "median": 143.64091491644936
          },
          "dist_pair7": {
            "mean": 39.48797648324286,
            "std": 43.080166204474864,
            "median": 26.60940170917407
          },
          "dist_pair8": {
            "mean": 50.360599274849115,
            "std": 14.335943973136795,
            "median": 46.201368713075546
          },
          "dist_pair9": {
            "mean": 80.20269969932508,
            "std": 19.89462811933802,
            "median": 79.57330339498309
          },
          "dist_pair10": {
            "mean": 68.572504615195,
            "std": 19.74568293603818,
            "median": 68.40362076848456
          },
          "dist_pair11": {
            "mean": 108.95082196159493,
            "std": 22.268966214753515,
            "median": 111.0336768284923
          },
          "dist_pair12": {
            "mean": 146.21551921167926,
            "std": 44.48395939085643,
            "median": 155.88739361989644
          },
          "dist_pair13": {
            "mean": 71.19689210216953,
            "std": 31.025501838418695,
            "median": 63.017641629682025
          },
          "dist_pair14": {
            "mean": 94.16009629295588,
            "std": 31.423733058965112,
            "median": 89.8079755568557
          },
          "dist_pair15": {
            "mean": 87.32575439704675,
            "std": 29.07739391383965,
            "median": 86.78624203478438
          },
          "dist_pair16": {
            "mean": 123.91754497429848,
            "std": 30.174068379505265,
            "median": 123.9103457051976
          },
          "dist_pair17": {
            "mean": 154.052806472095,
            "std": 53.94167015411288,
            "median": 158.64967083078497
          },
          "dist_pair18": {
            "mean": 40.19201838781074,
            "std": 14.70293905478065,
            "median": 37.531367670234076
          },
          "dist_pair19": {
            "mean": 41.45752817738808,
            "std": 14.068764756947964,
            "median": 38.98450093586932
          },
          "dist_pair20": {
            "mean": 68.18244149793411,
            "std": 21.13888519193254,
            "median": 63.993591665546056
          },
          "dist_pair21": {
            "mean": 124.94314438030226,
            "std": 34.37055785828756,
            "median": 129.13383623500366
          },
          "dist_pair22": {
            "mean": 51.03067402330143,
            "std": 24.37572737487355,
            "median": 52.783531473258904
          },
          "dist_pair23": {
            "mean": 52.85208502369701,
            "std": 25.806447786983725,
            "median": 47.70451051973492
          },
          "dist_pair24": {
            "mean": 118.31609742644339,
            "std": 37.64770174298615,
            "median": 129.845629004036
          },
          "dist_pair25": {
            "mean": 61.69378473223502,
            "std": 29.64678458670422,
            "median": 58.26606602327551
          },
          "dist_pair26": {
            "mean": 136.0328483311434,
            "std": 38.4273343507265,
            "median": 139.02871074494158
          },
          "dist_pair27": {
            "mean": 137.0240683154044,
            "std": 53.10220157856452,
            "median": 142.31423423695978
          },
          "centroid_speed": {
            "mean": 99.4577571370899,
            "std": 88.6109947414492,
            "median": 74.16266796477125
          },
          "body_orientation": {
            "mean": -1.3989898013120046,
            "std": 0.7017981461463212,
            "median": -1.593888048593842
          },
          "elongation": {
            "mean": 2.0994995467843833,
            "std": 0.9504269041512816,
            "median": 1.7835503583326322
          },
          "angular_velocity": {
            "mean": 0.04017581062943638,
            "std": 12.231966742592784,
            "median": -0.03493582668544715
          },
          "movement_entropy": {
            "mean": 0.04803542350961913,
            "std": 0.023792016722142133,
            "median": 0.041205643161583615
          },
          "speed_mean_window": {
            "mean": 151.84223056483088,
            "std": 54.18343844882049,
            "median": 142.8526333568162
          },
          "speed_std_window": {
            "mean": 298.3038311311513,
            "std": 106.10117251403254,
            "median": 292.0125512102113
          },
          "speed_max_window": {
            "mean": 2118.5861926567486,
            "std": 858.0094207023739,
            "median": 2135.5615957673717
          },
          "speed_p90_window": {
            "mean": 342.62523158032633,
            "std": 187.18021682220635,
            "median": 311.2736356930632
          },
          "dist_mean_window": {
            "mean": 83.6556573136305,
            "std": 8.925891611308495,
            "median": 85.71174587987775
          },
          "dist_std_window": {
            "mean": 47.01125858118998,
            "std": 8.82865023853299,
            "median": 48.50878616205251
          },
          "angular_vel_mean_window": {
            "mean": 3.5910629435683465,
            "std": 4.184796021100216,