,State_0,State_1
State_0,0.9519625073227885,0.04803749267721148
State_1,0.02192744991878722,0.9780725500812127
