,State_0,State_1,State_2
State_0,0.9444759206798867,0.028328611898016998,0.027195467422096317
State_1,0.02581438229870928,0.9348494161032576,0.03933620159803319
State_2,0.019601100412654747,0.01891334250343879,0.9614855570839065
