,State_0,State_1,State_2
State_0,0.9793388429752066,0.01652892561983471,0.004132231404958678
State_1,0.0005802707930367504,0.9986460348162476,0.0007736943907156673
State_2,0.0011248593925759281,0.003374578177727784,0.9955005624296963
