stem,state_0_frac,state_1_frac,state_2_frac,state_3_frac,state_4_frac,state_5_frac,state_6_frac,state_7_frac,state_8_frac,state_9_frac,state_10_frac,state_11_frac,state_12_frac,state_13_frac,state_14_frac,state_15_frac,state_16_frac,state_17_frac,state_18_frac,state_19_frac,state_20_frac,state_21_frac,state_22_frac,state_23_frac,state_24_frac,state_25_frac,state_26_frac,state_27_frac,state_28_frac,state_29_frac,state_30_frac,state_31_frac,state_32_frac,state_33_frac,state_34_frac,state_35_frac,state_36_frac,state_37_frac,state_38_frac,state_39_frac,state_40_frac,state_41_frac,state_42_frac,state_43_frac,state_44_frac,state_45_frac,state_46_frac,state_47_frac,state_48_frac,state_49_frac,state_50_frac,filename,date,box,experiment,day,context,no_shock,animal_id,fear
20241113_Box_1_CFC_Day_0_(Context_A)_9001,0.0,0.0,0.0,0.0,0.0,0.0,0.0,0.0,0.0,0.0,0.0,0.0,0.0,0.0,0.012059663598857505,0.0,0.0,0.0,0.0,0.0,0.0,0.0031735956839098697,0.0,0.0,0.0,0.0,0.0,0.0,0.0,0.0015867978419549348,0.031101237702316726,0.0,0.014598540145985401,0.010790225325293558,0.011583624246271025,0.35163440177721356,0.0,0.009679466835925103,0.00015867978419549348,0.0,0.0030149158997143763,0.0,0.0007933989209774674,0.0,0.0,0.0,0.0012694382735639479,0.04966677245318946,0.00015867978419549348,0.00015867978419549348,0.05537924468422723,20241113_Box_1_CFC_Day_0_(Context_A)_9001.mp4,20241113,1,CFC,0,A,no,9001,
20241113_Box_1_CFC_Day_0_(Context_A)_9003,0.0,0.0,0.0,0.0,0.0,0.0,0.0,0.0,0.0,0.0,0.008728773210601492,0.0,0.01507697190922076,0.0,0.01142675765751468,0.0,0.0,0.0,0.0,0.0,0.0,0.004126329154102523,0.0,0.0,0.0,0.0,0.0009522298047928901,0.0,0.0,0.00015870496746548166,0.026027614664338995,0.0,0.011744167592445643,0.015711791779082687,0.01142675765751468,0.32090144421520395,0.0,0.001428344707189335,0.0011109347722583717,0.006983018568481193,0.004443739089033487,0.00015870496746548166,0.0,0.00015870496746548166,0.0,0.0,0.005395968893826377,0.033962863037613075,0.0,0.005078558958895413,0.042056816378352645,20241113_Box_1_CFC_Day_0_(Context_A)_9003.mp4,20241113,1,CFC,0,A,no,9003,
20241113_Box_1_CFC_Day_0_(Context_A)_9005,0.0,0.0,0.0,0.0,0.0,0.0,0.0,0.0,0.0,0.0,0.0,0.0,0.00015870496746548166,0.0,0.013807332169496905,0.0,0.0,0.0,0.0,0.0,0.0,0.012855102364704015,0.0,0.0,0.0015870496746548167,0.0011109347722583717,0.0015870496746548167,0.0006348198698619266,0.0,0.0017457546421202983,0.03554991271226789,0.0,0.005395968893826377,0.0034915092842405966,0.009363593080463419,0.20758609744485002,0.0,0.005237263926360895,0.0017457546421202983,0.0007935248373274084,0.011744167592445643,0.0033328043167751152,0.00047611490239644503,0.0003174099349309633,0.00015870496746548166,0.0,0.006506903666084749,0.034915092842405966,0.0022218695445167433,0.0012696397397238533,0.061418822409141406,20241113_Box_1_CFC_Day_0_(Context_A)_9005.mp4,20241113,1,CFC,0,A,no,9005,
20241113_Box_1_CFC_Day_0_(Context_A)_9007,0.0,0.0,0.0,0.0,0.0,0.0,0.0,0.0,0.0,0.0,0.10585621329947627,0.0,0.00047611490239644503,0.0,0.010791937787652753,0.0,0.0,0.0,0.0,0.0,0.0,0.006030788763688303,0.0,0.0,0.0,0.0,0.0030153943818441516,0.0,0.0,0.0017457546421202983,0.02936041898111411,0.00015870496746548166,0.01142675765751468,0.010950642755118235,0.007459133470877639,0.2940803047135375,0.0,0.002380574511982225,0.0012696397397238533,0.013013807332169497,0.003967624186637042,0.0006348198698619266,0.0,0.0003174099349309633,0.0007935248373274084,0.0,0.005237263926360895,0.0398349468338359,0.0019044596095857801,0.0006348198698619266,0.03348674813521663,20241113_Box_1_CFC_Day_0_(Context_A)_9007.mp4,20241113,1,CFC,0,A,no,9007,
20241113_Box_1_CFC_Day_0_(Context_A)_9009,0.0,0.0,0.0,0.0,0.0,0.0,0.0,0.0,0.0,0.0,0.0,0.0,0.0,0.0,0.009681003015394382,0.0,0.0,0.0,0.0,0.0,0.00015870496746548166,0.016505316616410092,0.0030153943818441516,0.00015870496746548166,0.004126329154102523,0.0,0.0380891921917156,0.0011109347722583717,0.022377400412632916,0.0,0.0,0.0,0.011585462624980163,0.01047452785272179,0.0030153943818441516,0.10553880336454531,0.0,0.005872083796222821,0.001428344707189335,0.0003174099349309633,0.015235676876686241,0.0,0.0011109347722583717,0.0020631645770512615,0.06856054594508808,0.007141723535946675,0.0034915092842405966,0.024440564989684176,0.008887478178066973,0.008252658308205046,0.021425170607840025,20241113_Box_1_CFC_Day_0_(Context_A)_9009.mp4,20241113,1,CFC,0,A,no,9009,
20241113_Box_1_CFC_Day_0_(Context_A)_9011,0.0,0.0,0.0,0.0,0.0,0.0,0.0,0.0,0.0,0.0,0.0026975563313233896,0.0,0.00015867978419549348,0.0,0.008410028562361156,0.0,0.0,0.0,0.0,0.0,0.0,0.006664550936210727,0.0,0.0,0.0,0.0,0.0,0.0,0.0,0.02824500158679784,0.019834973024436688,0.0,0.014757219930180894,0.010314185972707076,0.0050777530942557915,0.2100920342748334,0.0,0.006505871152015234,0.004125674389082831,0.011107584893684545,0.007457949857188194,0.0,0.000952078705172961,0.0011107584893684545,0.0004760393525864805,0.0,0.011266264677880038,0.07727705490320533,0.0012694382735639479,0.003966994604887337,0.08997143763884481,20241113_Box_1_CFC_Day_0_(Context_A)_9011.mp4,20241113,1,CFC,0,A,no,9011,
20241113_Box_1_CFC_Day_0_(Context_A)_9013,0.0,0.0,0.0,0.0,0.0,0.0,0.0,0.0,0.0,0.0,0.0,0.0,0.0,0.0,0.007935248373274084,0.0,0.0,0.0,0.0,0.0,0.0,0.006348198698619267,0.0,0.0,0.0,0.0,0.0,0.0,0.0,0.00015870496746548166,0.03221710839549278,0.0,0.0066656086335502305,0.0011109347722583717,0.008093953340739566,0.3818441517219489,0.0,0.009998412950325344,0.0012696397397238533,0.00015870496746548166,0.004443739089033487,0.0,0.0003174099349309633,0.0006348198698619266,0.00047611490239644503,0.0,0.006348198698619267,0.08236787811458499,0.0006348198698619266,0.009363593080463419,0.06268846214886525,20241113_Box_1_CFC_Day_0_(Context_A)_9013.mp4,20241113,1,CFC,0,A,no,9013,
20241113_Box_1_CFC_Day_0_(Context_A)_9015,0.0,0.0,0.0,0.0,0.0,0.0,0.0,0.0,0.0,0.0,0.0,0.0,0.0,0.0,0.00857006824313601,0.0,0.0,0.0,0.0,0.0,0.0,0.003967624186637042,0.0,0.0,0.0,0.0,0.00476114902396445,0.00015870496746548166,0.0,0.01714013648627202,0.0026979844469131884,0.0,0.004443739089033487,0.013648627202031423,0.006983018568481193,0.23885097603554992,0.0,0.0038089192191715603,0.0020631645770512615,0.0020631645770512615,0.005872083796222821,0.0038089192191715603,0.0,0.0,0.0,0.0,0.00285668941437867,0.03729566735438819,0.0006348198698619266,0.0034915092842405966,0.06014918266941755,20241113_Box_1_CFC_Day_0_(Context_A)_9015.mp4,20241113,1,CFC,0,A,no,9015,
20241113_Box_2_CFC_Day_0_(Context_A)_9002,0.0,0.0,0.0,0.0,0.0,0.0,0.0,0.0,0.0,0.11569592128233613,0.0,0.004285034121568005,0.0,0.0,0.004126329154102523,0.0,0.0,0.0,0.0,0.0,0.0,0.008728773210601492,0.0011109347722583717,0.10014283447071894,0.0006348198698619266,0.008093953340739566,0.006506903666084749,0.0,0.014759561974289796,0.0,0.013489922234565943,0.0,0.0,0.009681003015394382,0.0022218695445167433,0.038406602126646566,0.0,0.014600857006824314,0.0015870496746548167,0.00047611490239644503,0.0077765434058086015,0.00015870496746548166,0.0015870496746548167,0.0011109347722583717,0.0020631645770512615,0.0,0.014442152039358832,0.04602444056498969,0.0019044596095857801,0.00857006824313601,0.01587049674654817,20241113_Box_2_CFC_Day_0_(Context_A)_9002.mp4,20241113,2,CFC,0,A,no,9002,
20241113_Box_2_CFC_Day_0_(Context_A)_9004,0.0,0.0,0.0,0.0,0.0,0.0,0.0,0.0,0.0,0.0,0.0,0.00015867978419549348,0.0,0.0,0.008410028562361156,0.0,0.0,0.0,0.0,0.07759441447159632,0.0006347191367819739,0.008092668993970167,0.00682323072040622,0.0,0.00682323072040622,0.0,0.018882894319263727,0.00031735956839098697,0.018724214535068232,0.0007933989209774674,0.012694382735639479,0.0,0.0,0.019676293240241192,0.003490955252300857,0.04712789590606157,0.0,0.010472865756902571,0.0004760393525864805,0.00682323072040622,0.006981910504601714,0.000952078705172961,0.00015867978419549348,0.0025388765471278957,0.021739130434782608,0.0,0.010631545541098065,0.027451602665820373,0.00031735956839098697,0.005871152015233259,0.008092668993970167,20241113_Box_2_CFC_Day_0_(Context_A)_9004.mp4,20241113,2,CFC,0,A,no,9004,
20241113_Box_2_CFC_Day_0_(Context_A)_9006,0.0,0.0,0.0,0.0,0.0,0.00031735956839098697,0.012377023167248492,0.0,0.0,0.0,0.0,0.000952078705172961,0.0033322754681053635,0.0,0.009838146620120596,0.0,0.0,0.0,0.0,0.009838146620120596,0.00015867978419549348,0.011266264677880038,0.011266264677880038,0.0006347191367819739,0.005712472231037766,0.002856236115518883,0.01729609647730879,0.0004760393525864805,0.029197080291970802,0.002856236115518883,0.0033322754681053635,0.0,0.00031735956839098697,0.011583624246271025,0.004125674389082831,0.05093621072675341,0.0,0.008410028562361156,0.0012694382735639479,0.0030149158997143763,0.011424944462075532,0.0,0.0017454776261504284,0.005395112662646779,0.03189463662329419,0.0,0.009679466835925103,0.020787051729609648,0.0007933989209774674,0.0077753094255791815,0.03459219295461758,20241113_Box_2_CFC_Day_0_(Context_A)_9006.mp4,20241113,2,CFC,0,A,no,9006,
20241113_Box_2_CFC_Day_0_(Context_A)_9008,0.0,0.0,0.0,0.0,0.0,0.0,0.0,0.0,0.0,0.0,0.00031735956839098697,0.0,0.031735956839098696,0.0,0.007616629641383688,0.0,0.0,0.0,0.0,0.0,0.0,0.004760393525864805,0.0,0.0,0.0,0.0,0.0,0.00015867978419549348,0.0,0.007933989209774674,0.020311012377023166,0.0,0.0,0.015550618851158363,0.008410028562361156,0.2291336083782926,0.0,0.0007933989209774674,0.0033322754681053635,0.002221516978736909,0.004125674389082831,0.0,0.0006347191367819739,0.0004760393525864805,0.0,0.0,0.004601713741669311,0.03760710885433196,0.0033322754681053635,0.004760393525864805,0.036655030149158996,20241113_Box_2_CFC_Day_0_(Context_A)_9008.mp4,20241113,2,CFC,0,A,no,9008,
20241113_Box_2_CFC_Day_0_(Context_A)_9010,0.0,0.0,0.0,0.0,0.0,0.0,0.0,0.0,0.0,0.0,0.0,0.0,0.0,0.0,0.008092668993970167,0.0,0.0,0.0,0.0,0.0,0.0,0.006981910504601714,0.01364646144081244,0.0026975563313233896,0.012694382735639479,0.0011107584893684545,0.031735956839098696,0.0004760393525864805,0.04998413202158045,0.03808314820691844,0.0007933989209774674,0.0,0.0,0.007616629641383688,0.003490955252300857,0.08600444303395748,0.0,0.014281180577594414,0.0033322754681053635,0.00031735956839098697,0.006188511583624246,0.0025388765471278957,0.0012694382735639479,0.0004760393525864805,0.004919073310060298,0.0,0.006505871152015234,0.026182164392256426,0.0004760393525864805,0.00952078705172961,0.017930815614090764,20241113_Box_2_CFC_Day_0_(Context_A)_9010.mp4,20241113,2,CFC,0,A,no,9010,
20241113_Box_2_CFC_Day_0_(Context_A)_9012,0.0,0.0,0.0,0.0,0.0,0.0,0.0,0.0,0.0,0.0,0.0,0.0,0.0,0.0,0.0046024440564989685,0.0,0.0,0.0,0.0,0.0003174099349309633,0.0,0.011902872559911125,0.05570544358038407,0.0,0.05348357403586732,0.0,0.1090303126487859,0.04792890017457546,0.0701475956197429,0.0,0.0,0.0,0.0,0.0030153943818441516,0.00047611490239644503,0.011268052690049199,0.0,0.008887478178066973,0.0015870496746548167,0.005554673861291859,0.009839707982859864,0.0003174099349309633,0.00571337882875734,0.0006348198698619266,0.0009522298047928901,0.00015870496746548166,0.02571020472940803,0.005078558958895413,0.0015870496746548167,0.0019044596095857801,0.0012696397397238533,20241113_Box_2_CFC_Day_0_(Context_A)_9012.mp4,20241113,2,CFC,0,A,no,9012,
20241113_Box_2_CFC_Day_0_(Context_A)_9014,0.0,0.0,0.0,0.0,0.0,0.0,0.0,0.0,0.0,0.0,0.0,0.00031735956839098697,0.0,0.0,0.0006347191367819739,0.0,0.0,0.0,0.0,0.0,0.0,0.012853062519834974,0.006029831799428753,0.001904157410345922,0.0031735956839098697,0.000952078705172961,0.02634084417645192,0.0004760393525864805,0.021580450650587116,0.00015867978419549348,0.0,0.0,0.0,0.010472865756902571,0.0031735956839098697,0.07632497619803237,0.09092351634401777,0.012853062519834974,0.002221516978736909,0.0006347191367819739,0.012218343383052999,0.0,0.0015867978419549348,0.003808314820691844,0.009362107267534116,0.002221516978736909,0.0036496350364963502,0.036655030149158996,0.0004760393525864805,0.004760393525864805,0.05807680101555062,20241113_Box_2_CFC_Day_0_(Context_A)_9014.mp4,20241113,2,CFC,0,A,no,9014,
20241113_Box_2_CFC_Day_0_(Context_A)_9016,0.0,0.0,0.0,0.0,0.0,0.0,0.0,0.0,0.0,0.0,0.0,0.0006347191367819739,0.0,0.0,0.0020628371945414156,0.0,0.0,0.0,0.0,0.0004760393525864805,0.0006347191367819739,0.005871152015233259,0.003490955252300857,0.0,0.07140590288797208,0.004601713741669311,0.016185337987940335,0.0017454776261504284,0.032846715328467155,0.0033322754681053635,0.0004760393525864805,0.000952078705172961,0.0,0.005236432878451286,0.003808314820691844,0.09060615677562678,0.0,0.015867978419549348,0.00031735956839098697,0.00031735956839098697,0.003966994604887337,0.00031735956839098697,0.0011107584893684545,0.0050777530942557915,0.02856236115518883,0.0,0.006347191367819739,0.016978736908917803,0.00031735956839098697,0.004601713741669311,0.0030149158997143763,20241113_Box_2_CFC_Day_0_(Context_A)_9016.mp4,20241113,2,CFC,0,A,no,9016,
"20241114_Box_1_CFC_Day_1_(Context_A,_No_Shock)_9001",0.0,0.0,0.0,0.0,0.011109053878911312,0.0,0.0,0.0,0.0,0.0,0.0,0.0,0.0005554526939455656,0.0,0.0,0.0,0.0,0.0,0.0,0.0,0.0,0.0018515089798185522,0.0,0.0,0.0,0.0,0.0,0.0,0.0,0.0,0.16589520459174226,0.0,0.02869838918718756,0.00018515089798185522,0.0,0.015552675430475837,0.0,0.004073319755600814,0.0005554526939455656,0.00018515089798185522,0.0014812071838548417,0.0,0.00037030179596371043,0.00018515089798185522,0.0,0.0,0.005554526939455656,0.01888539159414923,0.0012960562858729864,0.0009257544899092761,0.021292353267913348,"20241114_Box_1_CFC_Day_1_(Context_A,_No_Shock)_9001.mp4",20241114,1,CFC,1,A,yes,9001,
"20241114_Box_1_CFC_Day_1_(Context_A,_No_Shock)_9003",0.0,0.0,0.0,0.0,0.0,0.0,0.0,0.0,0.0,0.0,0.0,0.0,0.16382821177341725,0.0,0.0,0.0,0.0,0.0,0.0,0.0,0.0,0.01629026286560533,0.0,0.0,0.0007404664938911515,0.0,0.00018511662347278786,0.0,0.0,0.0,0.0009255831173639393,0.0,0.0,0.0011106997408367272,0.001480932987782303,0.045538689374305816,0.0,0.006108848574601999,0.0020362828582006663,0.029803776379118845,0.01647537948907812,0.003887449092928545,0.0,0.0016660496112550908,0.0,0.0,0.027952610144390967,0.004627915586819697,0.005368382080710848,0.012032580525731211,0.01647537948907812,"20241114_Box_1_CFC_Day_1_(Context_A,_No_Shock)_9003.mp4",20241114,1,CFC,1,A,yes,9003,
"20241114_Box_1_CFC_Day_1_(Context_A,_No_Shock)_9005",0.0,0.0,0.0,0.0,0.0,0.0,0.005737553211178975,0.0,0.0,0.000555247084952804,0.0024060707014621507,0.0,0.0090690357208958,0.0,0.0,0.0,0.0,0.0,0.0,0.0,0.0,0.006477882657782714,0.0,0.0,0.0,0.0,0.0,0.0,0.0,0.0,0.10031464001480658,0.0009254118082546734,0.0,0.0,0.00037016472330186933,0.021284471589857485,0.0,0.004441976679622432,0.0037016472330186935,0.017952989080140664,0.007403294466037387,0.0007403294466037387,0.0,0.07329261521377013,0.1948917268184342,0.0012955765315565426,0.027577271885989265,0.0,0.002591153063113085,0.0024060707014621507,0.0,"20241114_Box_1_CFC_Day_1_(Context_A,_No_Shock)_9005.mp4",20241114,1,CFC,1,A,yes,9005,
"20241114_Box_1_CFC_Day_1_(Context_A,_No_Shock)_9007",0.0,0.0,0.0,0.0,0.0,0.0,0.5756341418255878,0.0,0.0,0.020366598778004074,0.0,0.0,0.0,0.0,0.0,0.0,0.0,0.0,0.0,0.0,0.0,0.0,0.0,0.0,0.0009257544899092761,0.0,0.0,0.0,0.0,0.0,0.0,0.0,0.0,0.0,0.0,0.0,0.0,0.0,0.0,0.0,0.0,0.0,0.0,0.0,0.0,0.0,0.0,0.0,0.0,0.0,0.0,"20241114_Box_1_CFC_Day_1_(Context_A,_No_Shock)_9007.mp4",20241114,1,CFC,1,A,yes,9007,
"20241114_Box_1_CFC_Day_1_(Context_A,_No_Shock)_9009",0.00018511662347278786,0.18770825620140688,0.0,0.0,0.0,0.0,0.00018511662347278786,0.0,0.0,0.0,0.0,0.0,0.0,0.0,0.0,0.0,0.0,0.0,0.0,0.0,0.0,0.0007404664938911515,0.0,0.0,0.0,0.0,0.0,0.0,0.0,0.002406516105146242,0.0018511662347278786,0.0,0.0,0.0,0.00037023324694557573,0.07515734912995187,0.0,0.0,0.0,0.0,0.0007404664938911515,0.0,0.0,0.0,0.0,0.0,0.0,0.010181414291003332,0.0,0.0,0.0031469825990373935,"20241114_Box_1_CFC_Day_1_(Context_A,_No_Shock)_9009.mp4",20241114,1,CFC,1,A,yes,9009,
"20241114_Box_1_CFC_Day_1_(Context_A,_No_Shock)_9011",0.0,0.0,0.0,0.0,0.0,0.0,0.0,0.0,0.0,0.0,0.0,0.0,0.03646797482413921,0.0,0.0,0.0,0.0,0.0,0.0,0.0,0.0,0.0055534987041836355,0.0,0.0,0.0,0.0,0.0,0.0009255831173639393,0.0,0.0,0.037023324694557574,0.00018511662347278786,0.004072565716401333,0.017586079229914845,0.013513513513513514,0.06756756756756757,0.0,0.0,0.0009255831173639393,0.04054054054054054,0.0055534987041836355,0.02943354313217327,0.0,0.002406516105146242,0.0,0.0,0.028137726767863754,0.014809329877823029,0.0011106997408367272,0.0033320992225101815,0.013513513513513514,"20241114_Box_1_CFC_Day_1_(Context_A,_No_Shock)_9011.mp4",20241114,1,CFC,1,A,yes,9011,
"20241114_Box_1_CFC_Day_1_(Context_A,_No_Shock)_9013",0.0,0.0,0.0,0.0,0.0,0.0,0.0,0.0,0.0,0.0,0.0,0.0,0.0,0.0,0.0,0.0,0.0,0.0,0.0,0.0,0.0,0.006108848574601999,0.0,0.0,0.0,0.0,0.0,0.0,0.0,0.014253980007404665,0.00870048130322103,0.0,0.030914476119955573,0.002406516105146242,0.001295816364309515,0.1601258793039615,0.0,0.018326545723805997,0.006108848574601999,0.002406516105146242,0.003517215845982969,0.0,0.0009255831173639393,0.004627915586819697,0.0007404664938911515,0.0,0.02165864494631618,0.0335061088485746,0.004257682339874121,0.0027767493520918177,0.005923731951129212,"20241114_Box_1_CFC_Day_1_(Context_A,_No_Shock)_9013.mp4",20241114,1,CFC,1,A,yes,9013,
"20241114_Box_1_CFC_Day_1_(Context_A,_No_Shock)_9015",0.0,0.0,0.0,0.0,0.0,0.0,0.0,0.0,0.0,0.0,0.0,0.0,0.0012955765315565426,0.0,0.0,0.0,0.0,0.0,0.0,0.0,0.0,0.002220988339811216,0.0,0.45789376272441235,0.0,0.0,0.0,0.0,0.0,0.0075883768276883215,0.001110494169905608,0.0,0.003146400148065889,0.0,0.0014806588932074773,0.006292800296131778,0.0,0.001110494169905608,0.003146400148065889,0.011290024060707015,0.0012955765315565426,0.006292800296131778,0.0,0.0,0.0,0.0,0.00277623542476402,0.001665741254858412,0.00037016472330186933,0.00018508236165093466,0.0,"20241114_Box_1_CFC_Day_1_(Context_A,_No_Shock)_9015.mp4",20241114,1,CFC,1,A,yes,9015,
"20241114_Box_2_CFC_Day_1_(Context_A,_No_Shock)_9002",0.0,0.29378008145131435,0.0,0.0,0.0,0.0,0.0,0.0,0.0,0.0,0.0,0.007034431691965938,0.0,0.0,0.0,0.0,0.0,0.0,0.0,0.0,0.0,0.0018511662347278786,0.0,0.00037023324694557573,0.0005553498704183636,0.07700851536467974,0.00037023324694557573,0.0,0.0,0.004442798963346909,0.0,0.0,0.0,0.0005553498704183636,0.0,0.005368382080710848,0.0,0.00037023324694557573,0.0,0.0,0.0022213994816734544,0.0,0.00037023324694557573,0.0,0.0,0.0,0.0,0.019622362088115512,0.0,0.0,0.008330248056275453,"20241114_Box_2_CFC_Day_1_(Context_A,_No_Shock)_9002.mp4",20241114,2,CFC,1,A,yes,9002,
"20241114_Box_2_CFC_Day_1_(Context_A,_No_Shock)_9004",0.0,0.0,0.0,0.0,0.0,0.0,0.0,0.0,0.0,0.0,0.0,0.00018515089798185522,0.0,0.0,0.0016663580818366969,0.0,0.0,0.0,0.0,0.007776337715237919,0.0,0.0033327161636733937,0.0496204406591372,0.0,0.015182373634512128,0.0,0.019996296982040362,0.0,0.005924828735419367,0.0,0.0,0.0,0.0,0.002406961673764118,0.0,0.0007406035919274209,0.0,0.0005554526939455656,0.0,0.0,0.002777263469727828,0.0,0.0,0.0022218107757822625,0.02277356045176819,0.29994445473060544,0.00037030179596371043,0.0,0.00018515089798185522,0.0011109053878911312,0.0,"20241114_Box_2_CFC_Day_1_(Context_A,_No_Shock)_9004.mp4",20241114,2,CFC,1,A,yes,9004,
"20241114_Box_2_CFC_Day_1_(Context_A,_No_Shock)_9006",0.0,0.0,0.0,0.0,0.0,0.0,0.0,0.0,0.0,0.0,0.0,0.0,0.0,0.0,0.0,0.0,0.0,0.0,0.0,0.0,0.0,0.009627846695056471,0.002036659877800407,0.0,0.0037030179596371044,0.0005554526939455656,0.018700240696167377,0.0012960562858729864,0.009442695797074616,0.0,0.00925754489909276,0.0,0.0,0.14960192556933902,0.0022218107757822625,0.0051842251434919455,0.0,0.0025921125717459728,0.004073319755600814,0.0014812071838548417,0.009812997593038325,0.1810775782262544,0.0005554526939455656,0.00018515089798185522,0.0,0.0,0.03092019996296982,0.005739677837437511,0.007035734123310498,0.0,0.003517867061655249,"20241114_Box_2_CFC_Day_1_(Context_A,_No_Shock)_9006.mp4",20241114,2,CFC,1,A,yes,9006,
"20241114_Box_2_CFC_Day_1_(Context_A,_No_Shock)_9008",0.0,0.0,0.0,0.0,0.0007404664938911515,0.0,0.0,0.0,0.0,0.0,0.0,0.0,0.0,0.0,0.0,0.0,0.0,0.0,0.0,0.0,0.0,0.004442798963346909,0.0,0.0,0.0,0.0,0.0,0.0,0.0,0.001295816364309515,0.05646057015920029,0.0,0.0037023324694557573,0.006664198445020363,0.0031469825990373935,0.04887078859681599,0.0,0.0072195483154387265,0.0,0.0005553498704183636,0.004257682339874121,0.0,0.0,0.0022213994816734544,0.0,0.0,0.00259163272861903,0.0259163272861903,0.0016660496112550908,0.00518326545723806,0.022769344687152908,"20241114_Box_2_CFC_Day_1_(Context_A,_No_Shock)_9008.mp4",20241114,2,CFC,1,A,yes,9008,
"20241114_Box_2_CFC_Day_1_(Context_A,_No_Shock)_9010",0.0,0.0,0.0,0.0,0.0,0.0,0.0,0.0,0.0,0.001480932987782303,0.0,0.0,0.0,0.0,0.0,0.0,0.0,0.0,0.0,0.0,0.0,0.004257682339874121,0.0,0.0009255831173639393,0.6834505738615327,0.004813032210292484,0.0011106997408367272,0.0,0.0022213994816734544,0.0,0.0,0.0,0.0,0.0,0.0,0.0009255831173639393,0.0,0.0037023324694557573,0.0011106997408367272,0.0,0.0033320992225101815,0.0,0.0005553498704183636,0.0016660496112550908,0.0,0.0,0.004813032210292484,0.0,0.0007404664938911515,0.0,0.0,"20241114_Box_2_CFC_Day_1_(Context_A,_No_Shock)_9010.mp4",20241114,2,CFC,1,A,yes,9010,
"20241114_Box_2_CFC_Day_1_(Context_A,_No_Shock)_9012",0.0,0.0,0.0,0.0,0.0,0.0,0.0,0.0,0.0,0.0,0.0,0.0,0.0,0.0,0.0,0.0,0.0,0.0,0.0,0.0,0.0,0.01573782632845769,0.016293279022403257,0.0,0.012219959266802444,0.0,0.026846880207369007,0.11571931123865951,0.016848731716348823,0.0,0.0,0.0,0.0,0.041288650249953714,0.0,0.014812071838548418,0.00018515089798185522,0.002036659877800407,0.010368450286983891,0.00018515089798185522,0.014441770042584706,0.0,0.0016663580818366969,0.012034808368820588,0.06628402147750416,0.011479355674875022,0.026106276615441584,0.002777263469727828,0.005369376041473801,0.00462877244954638,0.004999074245510091,"20241114_Box_2_CFC_Day_1_(Context_A,_No_Shock)_9012.mp4",20241114,2,CFC,1,A,yes,9012,
"20241114_Box_2_CFC_Day_1_(Context_A,_No_Shock)_9014",0.0,0.0,0.0,0.0,0.0,0.0,0.0,0.0,0.0,0.0,0.0,0.0,0.00037030179596371043,0.0,0.0,0.0,0.0,0.0,0.0,0.0,0.0,0.010368450286983891,0.0007406035919274209,0.0007406035919274209,0.10979448250324014,0.05536011849657471,0.008702092205147194,0.005369376041473801,0.0005554526939455656,0.0,0.0,0.0,0.0,0.027587483799296427,0.0011109053878911312,0.0029624143677096835,0.0,0.0033327161636733937,0.0012960562858729864,0.0033327161636733937,0.007776337715237919,0.0037030179596371044,0.0,0.00037030179596371043,0.0,0.0,0.01888539159414923,0.0064802814293649326,0.006109979633401222,0.0005554526939455656,0.0124051101647843,"20241114_Box_2_CFC_Day_1_(Context_A,_No_Shock)_9014.mp4",20241114,2,CFC,1,A,yes,9014,
"20241114_Box_2_CFC_Day_1_(Context_A,_No_Shock)_9016",0.0,0.0,0.0,0.0,0.0,0.0,0.0,0.0,0.0,0.0,0.0,0.00037023324694557573,0.0,0.0,0.0,0.0,0.0,0.0,0.0,0.0,0.0,0.001480932987782303,0.001480932987782303,0.03887449092928545,0.04961125509070714,0.23676416142169568,0.02702702702702703,0.0018511662347278786,0.0074046649389115145,0.0,0.0,0.0,0.0,0.0033320992225101815,0.0005553498704183636,0.004257682339874121,0.0,0.001295816364309515,0.001480932987782303,0.00018511662347278786,0.0020362828582006663,0.0009255831173639393,0.00018511662347278786,0.0,0.0,0.0,0.0022213994816734544,0.0009255831173639393,0.00018511662347278786,0.00037023324694557573,0.004257682339874121,"20241114_Box_2_CFC_Day_1_(Context_A,_No_Shock)_9016.mp4",20241114,2,CFC,1,A,yes,9016,
20241115_Box_1_CFC_Day_2_(Context_C)_9001,0.0,0.0,0.0,0.0,0.0,0.0,0.0,0.0,0.0,0.0,0.0,0.0,0.0,0.0,0.0,0.0,0.0,0.0,0.0,0.0,0.0,0.01725417439703154,0.0,0.0,0.0,0.0,0.0,0.0,0.0,0.010946196660482375,0.0031539888682745824,0.0,0.0,0.0,0.003896103896103896,0.13710575139146566,0.0,0.06753246753246753,0.004081632653061225,0.0009276437847866419,0.012987012987012988,0.0,0.007606679035250464,0.00909090909090909,0.0025974025974025974,0.0,0.05064935064935065,0.007606679035250464,0.0027829313543599257,0.021150278293135438,0.016697588126159554,20241115_Box_1_CFC_Day_2_(Context_C)_9001.mp4,20241115,1,CFC,2,C,no,9001,
20241115_Box_1_CFC_Day_2_(Context_C)_9003,0.0,0.0,0.0,0.0,0.0,0.0,0.0,0.0,0.0,0.0,0.0,0.0,0.0,0.0,0.0,0.0,0.0,0.0,0.0,0.0,0.0,0.0051928783382789315,0.0,0.0,0.0,0.0,0.0,0.0,0.0,0.001112759643916914,0.04302670623145401,0.0,0.014094955489614243,0.00908753709198813,0.008345697329376855,0.25445103857566764,0.0,0.012240356083086053,0.002040059347181009,0.00370919881305638,0.005378338278931751,0.000556379821958457,0.000185459940652819,0.001112759643916914,0.0,0.0,0.01650593471810089,0.0331973293768546,0.000185459940652819,0.005934718100890208,0.04766320474777448,20241115_Box_1_CFC_Day_2_(Context_C)_9003.mp4,20241115,1,CFC,2,C,no,9003,
20241115_Box_1_CFC_Day_2_(Context_C)_9005,0.0,0.0,0.0,0.0,0.0,0.0,0.0,0.0,0.0,0.0,0.0,0.0,0.0,0.0,0.0,0.0,0.0,0.0,0.0,0.0,0.0,0.015210536078649601,0.0,0.0,0.0,0.0,0.005379335930254127,0.0,0.0009274717121127806,0.005193841587831571,0.0007419773696902244,0.0,0.0,0.004080875533296235,0.013912075681691708,0.10573177518085698,0.0,0.04136523836023001,0.011500649230198478,0.001854943424225561,0.012613615284733816,0.005935818957521795,0.0038953811908736783,0.0009274717121127806,0.0,0.0,0.03487293637544055,0.03654238545724355,0.006121313299944352,0.01725097384529772,0.03171953255425709,20241115_Box_1_CFC_Day_2_(Context_C)_9005.mp4,20241115,1,CFC,2,C,no,9005,
20241115_Box_1_CFC_Day_2_(Context_C)_9007,0.0,0.0,0.0,0.0,0.0,0.0,0.0,0.0,0.0,0.0,0.0,0.0,0.0,0.0,0.0,0.0,0.0,0.0,0.0,0.0,0.0,0.012238086408307064,0.0,0.0,0.0,0.0,0.0007417022065640646,0.0,0.00018542555164101615,0.014463193027999258,0.02391989616169108,0.0,0.004450213239384387,0.0037085110328203227,0.012979788614871129,0.13498980159465973,0.0,0.013350639718153161,0.005006489894307436,0.0,0.010383830891896904,0.002781383274615242,0.0020396810680511773,0.009271277582050807,0.0005562766549230484,0.0,0.022621917300203968,0.04654181346189505,0.0029668088262562583,0.017430001854255518,0.015575746337845356,20241115_Box_1_CFC_Day_2_(Context_C)_9007.mp4,20241115,1,CFC,2,C,no,9007,
20241115_Box_1_CFC_Day_2_(Context_C)_9009,0.0,0.0,0.0,0.0,0.0,0.0,0.0,0.0,0.0,0.0,0.0,0.0,0.0,0.0,0.0,0.0,0.0,0.0,0.0,0.9258160237388724,0.0,0.0,0.0,0.0,0.0,0.0,0.0,0.0,0.0,0.0,0.0,0.0,0.0,0.0,0.0,0.0,0.0,0.0,0.0,0.0,0.0,0.0,0.0,0.0,0.0,0.0,0.0,0.0,0.0,0.0,0.0,20241115_Box_1_CFC_Day_2_(Context_C)_9009.mp4,20241115,1,CFC,2,C,no,9009,
20241115_Box_1_CFC_Day_2_(Context_C)_9011,0.0,0.0,0.0,0.0,0.0,0.0,0.0,0.0,0.0,0.0,0.0,0.0,0.0,0.0,0.0,0.0,0.0,0.0,0.0,0.0,0.0,0.010944166202930811,0.0,0.0,0.0,0.0,0.0,0.0,0.0,0.001669449081803005,0.0020404377666481174,0.0,0.01001669449081803,0.009831200148395475,0.008718234093860137,0.05212391022073827,0.0,0.02133184937859395,0.015396030421072158,0.009460211463550361,0.014097570024114265,0.003153403821183454,0.0011129660545353367,0.0029679094787608976,0.0005564830272676684,0.0,0.051938415878315713,0.011129660545353366,0.00333889816360601,0.013912075681691708,0.04581710257837136,20241115_Box_1_CFC_Day_2_(Context_C)_9011.mp4,20241115,1,CFC,2,C,no,9011,
20241115_Box_1_CFC_Day_2_(Context_C)_9013,0.0,0.0,0.0,0.0,0.0,0.0,0.0,0.0,0.0,0.0,0.0,0.0,0.0,0.0,0.0,0.0,0.0,0.0,0.0,0.0,0.0,0.016879985160452606,0.0,0.0001854943424225561,0.0,0.0,0.0,0.0,0.0,0.0,0.0007419773696902244,0.0,0.0,0.0012984603969578928,0.00333889816360601,0.04359117046930069,0.0,0.07623817473567056,0.010758671860508254,0.004266369875718791,0.016508996475607492,0.0011129660545353367,0.007419773696902244,0.006863290669634576,0.004822852902986459,0.0,0.05342237061769616,0.004080875533296235,0.008903728436282694,0.025969207939157857,0.02003338898163606,20241115_Box_1_CFC_Day_2_(Context_C)_9013.mp4,20241115,1,CFC,2,C,no,9013,
20241115_Box_1_CFC_Day_2_(Context_C)_9015,0.0,0.0,0.0,0.0,0.0,0.0,0.0,0.0,0.0,0.0,0.0,0.0,0.0,0.0,0.0,0.0,0.0,0.0,0.0,0.0,0.0,0.015393175074183977,0.0,0.0,0.002967359050445104,0.0,0.0016691394658753709,0.000185459940652819,0.0,0.0,0.001483679525222552,0.00185459940652819,0.000556379821958457,0.010756676557863502,0.005007418397626113,0.013167655786350149,0.0,0.037091988130563795,0.00908753709198813,0.003894658753709199,0.014094955489614243,0.0016691394658753709,0.004451038575667656,0.010014836795252226,0.025222551928783383,0.0,0.053597922848664686,0.01279673590504451,0.004636498516320474,0.022626112759643918,0.01094213649851632,20241115_Box_1_CFC_Day_2_(Context_C)_9015.mp4,20241115,1,CFC,2,C,no,9015,
20241115_Box_2_CFC_Day_2_(Context_C)_9002,0.0,0.0,0.0,0.0,0.0,0.0,0.0,0.0,0.0,0.0,0.0,0.0020362828582006663,0.0,0.0,0.015179563124768604,0.0,0.0,0.0,0.0,0.7143650499814883,0.0,0.0005553498704183636,0.0,0.0,0.021103295075897817,0.0,0.005368382080710848,0.0,0.0,0.0,0.0,0.0,0.0,0.0,0.0,0.001480932987782303,0.0,0.0,0.0,0.00018511662347278786,0.00037023324694557573,0.0,0.0,0.00037023324694557573,0.0,0.0,0.001480932987782303,0.0,0.0,0.0005553498704183636,0.0,20241115_Box_2_CFC_Day_2_(Context_C)_9002.mp4,20241115,2,CFC,2,C,no,9002,
20241115_Box_2_CFC_Day_2_(Context_C)_9004,0.0,0.0,0.0,0.0,0.0,0.0,0.0,0.0,0.0,0.0,0.0,0.00018515089798185522,0.0,0.0016663580818366969,0.006295130531383078,0.0,0.0,0.0,0.0,0.7609701907054249,0.0,0.0005554526939455656,0.0005554526939455656,0.0,0.0066654323273467875,0.0,0.0005554526939455656,0.0,0.0,0.0,0.0,0.0,0.0,0.0,0.0,0.0,0.0,0.0,0.0,0.0,0.00018515089798185522,0.0,0.0,0.0,0.0,0.0,0.00018515089798185522,0.0,0.0,0.0,0.0,20241115_Box_2_CFC_Day_2_(Context_C)_9004.mp4,20241115,2,CFC,2,C,no,9004,
20241115_Box_2_CFC_Day_2_(Context_C)_9006,0.0,0.0,0.0,0.0,0.0,0.0,0.0,0.0,0.0,0.0,0.0,0.0,0.0,0.0,0.006121313299944352,0.0,0.0,0.0,0.0,0.8538304581710258,0.0,0.0001854943424225561,0.0003709886848451122,0.0,0.0011129660545353367,0.0,0.0001854943424225561,0.0,0.0,0.0,0.0,0.0,0.0,0.0,0.0,0.0,0.0,0.0,0.0,0.0,0.0,0.0,0.0,0.0,0.0,0.0,0.0001854943424225561,0.0,0.0,0.0,0.0,20241115_Box_2_CFC_Day_2_(Context_C)_9006.mp4,20241115,2,CFC,2,C,no,9006,
20241115_Box_2_CFC_Day_2_(Context_C)_9008,0.0,0.0,0.0,0.0,0.0,0.0,0.0,0.0,0.0,0.005749258160237389,0.0,0.0,0.0,0.0,0.0,0.0,0.0,0.0,0.0,0.0,0.0,0.014280415430267063,0.0,0.0,0.0,0.0,0.000185459940652819,0.0,0.0,0.0,0.0,0.0,0.0,0.0025964391691394658,0.000556379821958457,0.043397626112759644,0.0,0.08716617210682492,0.013538575667655787,0.000556379821958457,0.011683976261127596,0.0,0.006862017804154303,0.002410979228486647,0.011313056379821959,0.0,0.04302670623145401,0.008902077151335312,0.0051928783382789315,0.04172848664688427,0.008531157270029673,20241115_Box_2_CFC_Day_2_(Context_C)_9008.mp4,20241115,2,CFC,2,C,no,9008,
20241115_Box_2_CFC_Day_2_(Context_C)_9010,0.0,0.0,0.0,0.0,0.0,0.0,0.0,0.0,0.0,0.0,0.0,0.0,0.0,0.0,0.002223045572434235,0.0,0.0,0.0,0.0,0.9342349018154872,0.0,0.0,0.0,0.0,0.0,0.0,0.0,0.0,0.0,0.0,0.0,0.0,0.0,0.0,0.0,0.0,0.0,0.0,0.0,0.0,0.0,0.0,0.0,0.0,0.0,0.0,0.0,0.0,0.0,0.0,0.0,20241115_Box_2_CFC_Day_2_(Context_C)_9010.mp4,20241115,2,CFC,2,C,no,9010,
20241115_Box_2_CFC_Day_2_(Context_C)_9012,0.0,0.0,0.0,0.0,0.0,0.0,0.0,0.0,0.0,0.0,0.0,0.0,0.0,0.0,0.00370919881305638,0.0,0.0,0.0,0.0,0.9096810089020771,0.0,0.0,0.0,0.0,0.002225519287833828,0.0,0.000185459940652819,0.0,0.0,0.0,0.0,0.0,0.0,0.0,0.0,0.0,0.0,0.0,0.0,0.0,0.0,0.0,0.0,0.0,0.0,0.0,0.000185459940652819,0.0,0.0,0.0,0.0,20241115_Box_2_CFC_Day_2_(Context_C)_9012.mp4,20241115,2,CFC,2,C,no,9012,
20241115_Box_2_CFC_Day_2_(Context_C)_9014,0.0,0.0,0.0,0.0,0.0,0.0,0.0,0.0,0.0,0.0,0.0,0.0,0.0,0.0,0.0,0.0,0.0,0.0,0.0,0.9156024430871738,0.0,0.0,0.0,0.0,0.0018508236165093468,0.0,0.0,0.0,0.0,0.0,0.0,0.0,0.0,0.0,0.0,0.0,0.0,0.0,0.0,0.0,0.0,0.0,0.0,0.00018508236165093466,0.0,0.0,0.0,0.0,0.0,0.0,0.0,20241115_Box_2_CFC_Day_2_(Context_C)_9014.mp4,20241115,2,CFC,2,C,no,9014,
20241115_Box_2_CFC_Day_2_(Context_C)_9016,0.0,0.0,0.0,0.0,0.0,0.0,0.0,0.0,0.0,0.0,0.0,0.0001854943424225561,0.0,0.0,0.003153403821183454,0.0,0.0,0.0,0.0,0.857540345019477,0.0,0.0,0.0,0.0,0.005379335930254127,0.0,0.0,0.0,0.0,0.0,0.0,0.0,0.0,0.0,0.0,0.0,0.0,0.0,0.0,0.0,0.0,0.0,0.0,0.0,0.0,0.0,0.0,0.0,0.0,0.0,0.0,20241115_Box_2_CFC_Day_2_(Context_C)_9016.mp4,20241115,2,CFC,2,C,no,9016,
20241118_Box_1_CFD_Day_3_(Context_A)_9001,0.0,0.0,0.0,0.0,0.0,0.0,0.0,0.0,0.0,0.0,0.0,0.0,0.004919853991429932,0.0,0.007459133470877639,0.0,0.0,0.0,0.0,0.0,0.0,0.0026979844469131884,0.0,0.0,0.0,0.0,0.0,0.0007935248373274084,0.0,0.0,0.16060942707506745,0.0,0.0,0.002380574511982225,0.0017457546421202983,0.025392794794477067,0.0,0.008093953340739566,0.0,0.03824789715918108,0.0025392794794477066,0.00015870496746548166,0.0036502142517060784,0.0006348198698619266,0.0,0.0,0.015235676876686241,0.00476114902396445,0.0006348198698619266,0.004126329154102523,0.01587049674654817,20241118_Box_1_CFD_Day_3_(Context_A)_9001.mp4,20241118,1,CFD,3,A,no,9001,
20241118_Box_1_CFD_Day_3_(Context_A)_9003,0.0,0.0,0.0,0.0,0.0,0.0,0.0,0.0,0.0,0.0,0.0,0.0,0.027455959371528327,0.0,0.012220282494842088,0.0,0.0,0.0,0.0,0.0,0.0,0.0095222980479289,0.0,0.0,0.0,0.0,0.0,0.0012696397397238533,0.0,0.03793048722425012,0.018251071258530392,0.0,0.0030153943818441516,0.0022218695445167433,0.0,0.17425805427709887,0.0,0.0066656086335502305,0.0076178384383431205,0.057451198222504364,0.009204888112997937,0.0007935248373274084,0.0019044596095857801,0.0007935248373274084,0.0003174099349309633,0.0,0.042056816378352645,0.004126329154102523,0.00857006824313601,0.009046183145532455,0.004443739089033487,20241118_Box_1_CFD_Day_3_(Context_A)_9003.mp4,20241118,1,CFD,3,A,no,9003,
20241118_Box_1_CFD_Day_3_(Context_A)_9005,0.0,0.0,0.0,0.0,0.0,0.0,0.0,0.0,0.0,0.00015867978419549348,0.0,0.00952078705172961,0.0,0.0,0.012853062519834974,0.0,0.0,0.0,0.0,0.0,0.0,0.008251348778165662,0.0,0.0007933989209774674,0.03316407489685814,0.07140590288797208,0.001904157410345922,0.0015867978419549348,0.0,0.0,0.0031735956839098697,0.0077753094255791815,0.00015867978419549348,0.007616629641383688,0.0026975563313233896,0.02237384957156458,0.0,0.001904157410345922,0.00031735956839098697,0.0006347191367819739,0.008092668993970167,0.0,0.0,0.0,0.0,0.0,0.0007933989209774674,0.022056490003173595,0.00015867978419549348,0.0,0.04554109806410663,20241118_Box_1_CFD_Day_3_(Context_A)_9005.mp4,20241118,1,CFD,3,A,no,9005,
20241118_Box_1_CFD_Day_3_(Context_A)_9007,0.0,0.0,0.0,0.0,0.0,0.0,0.0,0.0,0.23329630217425806,0.0,0.00015870496746548166,0.0,0.0019044596095857801,0.0,0.010791937787652753,0.0,0.0,0.0,0.0,0.0,0.0,0.012061577527376606,0.0,0.0,0.0020631645770512615,0.0,0.0,0.0012696397397238533,0.0,0.0,0.01142675765751468,0.0,0.0,0.0011109347722583717,0.0,0.0019044596095857801,0.0,0.0,0.0003174099349309633,0.018251071258530392,0.010633232820187272,0.08411363275670529,0.0,0.0031740993493096334,0.0,0.0,0.016822726551341056,0.0046024440564989685,0.00571337882875734,0.0,0.0012696397397238533,20241118_Box_1_CFD_Day_3_(Context_A)_9007.mp4,20241118,1,CFD,3,A,no,9007,
20241118_Box_1_CFD_Day_3_(Context_A)_9009,0.0,0.0,0.0,0.0,0.001904157410345922,0.0,0.0,0.0,0.0,0.0,0.008410028562361156,0.0,0.003808314820691844,0.0,0.000952078705172961,0.0,0.0,0.0,0.0,0.0,0.0,0.005395112662646779,0.0,0.0,0.0,0.0,0.0,0.0004760393525864805,0.0,0.0,0.0782291336083783,0.0,0.0,0.03078387813392574,0.009679466835925103,0.15772770549032053,0.0,0.0036496350364963502,0.000952078705172961,0.0023801967629324024,0.0055537924468422725,0.00031735956839098697,0.00031735956839098697,0.0006347191367819739,0.0,0.0,0.006664550936210727,0.005712472231037766,0.003490955252300857,0.0015867978419549348,0.022532529355760077,20241118_Box_1_CFD_Day_3_(Context_A)_9009.mp4,20241118,1,CFD,3,A,no,9009,
20241118_Box_1_CFD_Day_3_(Context_A)_9011,0.0,0.0,0.0,0.0,0.0,0.0,0.0,0.0,0.0,0.0,0.0,0.009360621926066952,0.002379819133745835,0.0,0.003966365222909726,0.0,0.0,0.0,0.0,0.0006346184356655561,0.00015865460891638903,0.006980802792321117,0.0,0.0,0.03300015865460892,0.01142313184198001,0.0031730921783277802,0.0025384737426622245,0.0,0.0020625099159130573,0.054577185467237825,0.0,0.06425511661113756,0.040774234491511976,0.0012692368713311123,0.029985721085197526,0.0,0.0,0.0034904013961605585,0.0046009836585752814,0.007139457401237506,0.00650483896557195,0.0,0.00047596382674916705,0.0019038553069966682,0.0,0.00475963826749167,0.018721243852133904,0.00047596382674916705,0.005235602094240838,0.017610661589719183,20241118_Box_1_CFD_Day_3_(Context_A)_9011.mp4,20241118,1,CFD,3,A,no,9011,
20241118_Box_1_CFD_Day_3_(Context_A)_9013,0.0,0.0,0.0,0.004126329154102523,0.0,0.0,0.09823837486113315,0.0,0.0,0.0066656086335502305,0.0,0.0,0.0,0.0,0.001428344707189335,0.0,0.0,0.0,0.0,0.0,0.0,0.0015870496746548167,0.0,0.0,0.0,0.0,0.0,0.0,0.0,0.006030788763688303,0.03999365180130138,0.0,0.006189493731153785,0.0,0.002380574511982225,0.03666084748452626,0.0,0.0003174099349309633,0.0,0.0,0.0015870496746548167,0.0022218695445167433,0.0,0.0,0.0,0.0,0.0011109347722583717,0.019203301063323283,0.0,0.0006348198698619266,0.014600857006824314,20241118_Box_1_CFD_Day_3_(Context_A)_9013.mp4,20241118,1,CFD,3,A,no,9013,
20241118_Box_1_CFD_Day_3_(Context_A)_9015,0.0,0.00015870496746548166,0.0,0.0,0.0,0.0,0.0,0.0,0.014442152039358832,0.0,0.0804634185049992,0.0,0.006030788763688303,0.0,0.010791937787652753,0.0,0.0,0.0,0.0,0.0,0.0,0.00285668941437867,0.0,0.0,0.0,0.0,0.0,0.00285668941437867,0.0,0.0,0.028884304078717664,0.0,0.01602920171401365,0.017457546421202983,0.00015870496746548166,0.02380574511982225,0.0,0.0,0.0,0.01983812093318521,0.0030153943818441516,0.0,0.0,0.0009522298047928901,0.0003174099349309633,0.0,0.0009522298047928901,0.02380574511982225,0.0003174099349309633,0.0,0.005395968893826377,20241118_Box_1_CFD_Day_3_(Context_A)_9015.mp4,20241118,1,CFD,3,A,no,9015,
20241118_Box_1_CFD_Day_3_(Context_B)_9001,0.0,0.0,0.0,0.0,0.0,0.0,0.0,0.0,0.0,0.0,0.0,0.0,0.0,0.0,0.0,0.0,0.0,0.0,0.0,0.00017050298380221653,0.00034100596760443307,0.010230179028132993,0.0,0.0,0.0,0.0,0.0010230179028132991,0.0010230179028132991,0.0,0.1462915601023018,0.07041773231031544,0.00017050298380221653,0.028303495311167947,0.009548167092924126,0.0006820119352088661,0.08900255754475703,0.0,0.006308610400682012,0.004603580562659846,0.021312872975277068,0.009036658141517476,0.0,0.001534526854219949,0.00034100596760443307,0.0,0.0,0.006990622335890878,0.03137254901960784,0.00034100596760443307,0.0,0.03751065643648764,20241118_Box_1_CFD_Day_3_(Context_B)_9001.mp4,20241118,1,CFD,3,B,no,9001,
20241118_Box_1_CFD_Day_3_(Context_B)_9003,0.0,0.0,0.0,0.0,0.0,0.0,0.0,0.0,0.0,0.0,0.0,0.0,0.0,0.0,0.0,0.0,0.0,0.0,0.0,0.0007419773696902244,0.0005564830272676684,0.010202188833240587,0.0,0.0,0.08588388054164348,0.0,0.038397328881469114,0.0,0.0001854943424225561,0.0003709886848451122,0.0,0.0,0.0,0.009460211463550361,0.0024114264514932295,0.021146355036171398,0.0,0.007048785012057132,0.0077907623817473565,0.0014839547393804488,0.008903728436282694,0.0024114264514932295,0.0011129660545353367,0.0020404377666481174,0.0,0.0,0.018178445557410498,0.006863290669634576,0.003524392506028566,0.0024114264514932295,0.0038953811908736783,20241118_Box_1_CFD_Day_3_(Context_B)_9003.mp4,20241118,1,CFD,3,B,no,9003,
20241118_Box_1_CFD_Day_3_(Context_B)_9005,0.0,0.010014836795252226,0.0,0.0,0.000185459940652819,0.0,0.0,0.0,0.0,0.21902818991097922,0.0,0.0,0.001483679525222552,0.0,0.0,0.0,0.0,0.0,0.0,0.0,0.0,0.004636498516320474,0.0,0.0,0.000556379821958457,0.0,0.000927299703264095,0.0,0.0,0.0012982195845697329,0.11368694362017805,0.0,0.001483679525222552,0.000556379821958457,0.00556379821958457,0.054525222551928786,0.0,0.003152818991097923,0.000556379821958457,0.009272997032640949,0.003894658753709199,0.002781899109792285,0.0,0.006491097922848665,0.0,0.0,0.02188427299703264,0.03449554896142433,0.000741839762611276,0.003894658753709199,0.0322700296735905,20241118_Box_1_CFD_Day_3_(Context_B)_9005.mp4,20241118,1,CFD,3,B,no,9005,
20241118_Box_1_CFD_Day_3_(Context_B)_9007,0.0,0.0,0.0,0.0,0.0,0.0,0.0,0.0,0.0,0.0,0.0,0.0,0.0,0.0,0.0,0.0,0.0,0.0,0.0,0.0,0.0,0.0027824151363383415,0.0,0.0,0.17176776108328695,0.1415321832684103,0.0,0.0,0.0,0.0,0.0,0.0003709886848451122,0.0003709886848451122,0.0020404377666481174,0.0001854943424225561,0.014839547393804489,0.0,0.0003709886848451122,0.0024114264514932295,0.007048785012057132,0.0024114264514932295,0.0009274717121127806,0.0001854943424225561,0.0,0.0001854943424225561,0.0,0.006306807642366908,0.001854943424225561,0.0012984603969578928,0.0012984603969578928,0.004080875533296235,20241118_Box_1_CFD_Day_3_(Context_B)_9007.mp4,20241118,1,CFD,3,B,no,9007,
20241118_Box_1_CFD_Day_3_(Context_B)_9009,0.0,0.0,0.0,0.0,0.0,0.0,0.0,0.0,0.0,0.0,0.0,0.0,0.0,0.0,0.0,0.0,0.0,0.0,0.0,0.0,0.0,0.0011129660545353367,0.0,0.0,0.0,0.0,0.00333889816360601,0.0014839547393804488,0.0,0.0,0.027824151363383415,0.0,0.017807456872565387,0.13132999443516974,0.0025969207939157855,0.020404377666481174,0.0,0.0007419773696902244,0.0003709886848451122,0.005750324615099239,0.0014839547393804488,0.0,0.0,0.0,0.0,0.0,0.010944166202930811,0.008903728436282694,0.0020404377666481174,0.0005564830272676684,0.009274717121127806,20241118_Box_1_CFD_Day_3_(Context_B)_9009.mp4,20241118,1,CFD,3,B,no,9009,
20241118_Box_1_CFD_Day_3_(Context_B)_9011,0.0,0.0,0.0,0.0,0.0,0.0,0.0,0.0,0.0,0.0,0.0,0.0,0.0,0.0,0.0,0.0,0.0,0.0,0.0,0.0,0.0001854943424225561,0.02429975885735485,0.0,0.0003709886848451122,0.039695789278427006,0.0007419773696902244,0.00333889816360601,0.0003709886848451122,0.0,0.0007419773696902244,0.011500649230198478,0.0,0.028009645705805972,0.06714895195696531,0.0003709886848451122,0.008347245409015025,0.0,0.0,0.005750324615099239,0.011315154887775923,0.02244481543312929,0.0007419773696902244,0.0,0.0020404377666481174,0.0,0.0,0.022630309775551846,0.012613615284733816,0.009831200148395475,0.005564830272676683,0.007419773696902244,20241118_Box_1_CFD_Day_3_(Context_B)_9011.mp4,20241118,1,CFD,3,B,no,9011,
20241118_Box_1_CFD_Day_3_(Context_B)_9013,0.0,0.0697458727508811,0.0,0.0,0.0,0.0,0.0,0.0,0.0,0.0,0.0,0.0,0.0,0.0,0.0,0.0,0.0,0.0,0.0,0.0,0.0,0.0077907623817473565,0.0011129660545353367,0.0,0.001854943424225561,0.0,0.013541086996846596,0.0077907623817473565,0.0003709886848451122,0.0014839547393804488,0.0029679094787608976,0.0003709886848451122,0.0,0.01001669449081803,0.001854943424225561,0.09181969949916527,0.0,0.005008347245409015,0.003709886848451122,0.0007419773696902244,0.006863290669634576,0.004266369875718791,0.0005564830272676684,0.0,0.0,0.0,0.007976256724169913,0.023928770172509738,0.0009274717121127806,0.0025969207939157855,0.009460211463550361,20241118_Box_1_CFD_Day_3_(Context_B)_9013.mp4,20241118,1,CFD,3,B,no,9013,
20241118_Box_1_CFD_Day_3_(Context_B)_9015,0.0,0.004822852902986459,0.0,0.0,0.0,0.0,0.0,0.0,0.0,0.05360786496011872,0.0,0.0,0.0,0.0,0.0,0.0,0.0,0.0,0.0,0.0,0.0003709886848451122,0.012057132257466147,0.0,0.0,0.001854943424225561,0.0,0.005750324615099239,0.0005564830272676684,0.0003709886848451122,0.0,0.04488963086625858,0.05008347245409015,0.0011129660545353367,0.005935818957521795,0.0076052680393248005,0.020589872008903727,0.0,0.0,0.0,0.0,0.010758671860508254,0.0077907623817473565,0.0,0.008532739751437582,0.0005564830272676684,0.0,0.005193841587831571,0.005750324615099239,0.0003709886848451122,0.0012984603969578928,0.0027824151363383415,20241118_Box_1_CFD_Day_3_(Context_B)_9015.mp4,20241118,1,CFD,3,B,no,9015,
20241118_Box_2_CFD_Day_3_(Context_A)_9002,0.0,0.004283674440742504,0.0,0.0,0.0,0.0,0.0,0.0,0.0,0.0,0.0,0.0,0.0,0.0,0.007456766619070284,0.0,0.0,0.0,0.0,0.0,0.0,0.0026971283515786135,0.0,0.0,0.0,0.0,0.0,0.0,0.0,0.0,0.050769474853244484,0.0,0.023639536728541966,0.0,0.0,0.060288751388227826,0.0,0.005076947485324449,0.0033317467872441696,0.002379819133745835,0.0028557829604950024,0.0,0.00047596382674916705,0.00015865460891638903,0.0,0.0,0.0034904013961605585,0.01126447723306362,0.00047596382674916705,0.005552911312073616,0.008884658099317785,20241118_Box_2_CFD_Day_3_(Context_A)_9002.mp4,20241118,2,CFD,3,A,no,9002,
20241118_Box_2_CFD_Day_3_(Context_A)_9004,0.0,0.0,0.0,0.0,0.0,0.0,0.0,0.0,0.0,0.0,0.0,0.0,0.0,0.0,0.0,0.0,0.0,0.0,0.0,0.0,0.0,0.0017452006980802793,0.0,0.0,0.005870220529906394,0.0,0.0,0.0,0.0,0.04172616214501031,0.00015865460891638903,0.035062668570521975,0.0015865460891638901,0.011740441059812787,0.0007932730445819451,0.050769474853244484,0.0,0.004283674440742504,0.0014278914802475012,0.0,0.0022211645248294463,0.0034904013961605585,0.00047596382674916705,0.0,0.00047596382674916705,0.0,0.005394256703157227,0.006187529747739172,0.00047596382674916705,0.006663493574488339,0.0009519276534983341,20241118_Box_2_CFD_Day_3_(Context_A)_9004.mp4,20241118,2,CFD,3,A,no,9004,
20241118_Box_2_CFD_Day_3_(Context_A)_9006,0.0,0.0,0.0,0.0,0.0,0.0,0.00015870496746548166,0.0,0.0,0.0,0.0,0.0,0.007141723535946675,0.0,0.0095222980479289,0.0,0.0,0.0,0.0,0.0,0.0,0.06078400253927948,0.0,0.0,0.0,0.0,0.0,0.0030153943818441516,0.0,0.0,0.016505316616410092,0.0,0.012855102364704015,0.015235676876686241,0.0,0.01634661164894461,0.0,0.0,0.0012696397397238533,0.04777019520710998,0.05602285351531503,0.00015870496746548166,0.0,0.04269163624821457,0.01602920171401365,0.0,0.022059990477701952,0.006506903666084749,0.004919853991429932,0.0033328043167751152,0.018568481193461356,20241118_Box_2_CFD_Day_3_(Context_A)_9006.mp4,20241118,2,CFD,3,A,no,9006,
20241118_Box_2_CFD_Day_3_(Context_B)_9014,0.0,0.0,0.0,0.0,0.0,0.0,0.0,0.0,0.0,0.0,0.0,0.0,0.0,0.0,0.0,0.0,0.0,0.0,0.0,0.0,0.0,0.0051928783382789315,0.017247774480712165,0.0,0.017062314540059347,0.0,0.015022255192878338,0.003894658753709199,0.0025964391691394658,0.000185459940652819,0.09495548961424333,0.0,0.08902077151335312,0.017433234421364987,0.0033382789317507417,0.025222551928783383,0.0,0.00370919881305638,0.0025964391691394658,0.000556379821958457,0.004451038575667656,0.0,0.0,0.000370919881305638,0.003152818991097923,0.04469584569732938,0.0035237388724035606,0.04988872403560831,0.000370919881305638,0.003152818991097923,0.04284124629080119,20241118_Box_2_CFD_Day_3_(Context_B)_9014.mp4,20241118,2,CFD,3,B,no,9014,
20241118_Box_2_CFD_Day_3_(Context_B)_9016,0.008902077151335312,0.0,0.0,0.0,0.0,0.0,0.0,0.0,0.0,0.0,0.0,0.0,0.0,0.0,0.0,0.0,0.0,0.0,0.0,0.0,0.0,0.00556379821958457,0.0,0.0,0.0,0.0,0.002410979228486647,0.0,0.0,0.000185459940652819,0.0,0.0,0.000370919881305638,0.0035237388724035606,0.001112759643916914,0.23738872403560832,0.0,0.015764094955489614,0.002040059347181009,0.000370919881305638,0.005378338278931751,0.0,0.0016691394658753709,0.0,0.000370919881305638,0.0,0.010385756676557863,0.021513353115727003,0.001112759643916914,0.004451038575667656,0.013538575667655787,20241118_Box_2_CFD_Day_3_(Context_B)_9016.mp4,20241118,2,CFD,3,B,no,9016,
20241119_Box_1_CFD_Day_4_(Context_A)_9001,0.0,0.00015867978419549348,0.0,0.0,0.0,0.0,0.0,0.0,0.0,0.0,0.0,0.0,0.004125674389082831,0.0,0.005395112662646779,0.0,0.0,0.0,0.0,0.0,0.0,0.005871152015233259,0.0,0.0,0.0,0.0,0.0,0.0,0.0,0.024436686766105997,0.014598540145985401,0.0,0.0,0.010472865756902571,0.0017454776261504284,0.057918121231355126,0.0,0.0011107584893684545,0.00015867978419549348,0.00031735956839098697,0.0072992700729927005,0.0,0.0,0.007616629641383688,0.03951126626467788,0.0,0.004125674389082831,0.0004760393525864805,0.0006347191367819739,0.0015867978419549348,0.0030149158997143763,20241119_Box_1_CFD_Day_4_(Context_A)_9001.mp4,20241119,1,CFD,4,A,no,9001,
20241119_Box_1_CFD_Day_4_(Context_A)_9003,0.0,0.0,0.0,0.0,0.0,0.0,0.0,0.0,0.0,0.0,0.0,0.0,0.0,0.0,0.0004760393525864805,0.0,0.0,0.0,0.0,0.0,0.0,0.015074579498571881,0.0,0.0,0.0,0.0,0.0011107584893684545,0.0004760393525864805,0.0,0.0,0.012218343383052999,0.0,0.0,0.001904157410345922,0.0004760393525864805,0.011583624246271025,0.0,0.00031735956839098697,0.0050777530942557915,0.012377023167248492,0.012377023167248492,0.005712472231037766,0.0015867978419549348,0.021897810218978103,0.01729609647730879,0.0,0.07473817835607743,0.0,0.005395112662646779,0.006347191367819739,0.0,20241119_Box_1_CFD_Day_4_(Context_A)_9003.mp4,20241119,1,CFD,4,A,no,9003,
20241119_Box_1_CFD_Day_4_(Context_A)_9005,0.029355760076166297,0.0,0.0,0.0,0.00015867978419549348,0.0,0.0,0.0,0.0,0.0,0.0,0.0,0.0,0.0,0.009203427483338623,0.0,0.0,0.0,0.0,0.0,0.0,0.006029831799428753,0.0,0.0,0.0,0.0,0.0,0.0020628371945414156,0.0,0.00015867978419549348,0.006029831799428753,0.04093938432243732,0.0342748333862266,0.00952078705172961,0.004125674389082831,0.0512535702951444,0.0,0.0014281180577594415,0.004284354173278325,0.0006347191367819739,0.005395112662646779,0.011583624246271025,0.0,0.000952078705172961,0.0004760393525864805,0.0,0.00682323072040622,0.01729609647730879,0.0012694382735639479,0.00015867978419549348,0.02126309108219613,20241119_Box_1_CFD_Day_4_(Context_A)_9005.mp4,20241119,1,CFD,4,A,no,9005,
20241119_Box_1_CFD_Day_4_(Context_A)_9007,0.0,0.0,0.0,0.0,0.0,0.0,0.4178962398857687,0.0,0.0,0.002379819133745835,0.0,0.0,0.0,0.0,0.01285102332222751,0.0,0.0,0.0,0.0,0.0,0.0,0.0,0.00015865460891638903,0.0,0.0,0.0,0.0,0.0,0.0,0.0,0.0,0.0,0.0,0.0,0.00031730921783277807,0.007139457401237506,0.0,0.0,0.0,0.0,0.0,0.00015865460891638903,0.0,0.00015865460891638903,0.0,0.0,0.00047596382674916705,0.0,0.0,0.0,0.0,20241119_Box_1_CFD_Day_4_(Context_A)_9007.mp4,20241119,1,CFD,4,A,no,9007,
20241119_Box_1_CFD_Day_4_(Context_A)_9009,0.0,0.0,0.0,0.0,0.0,0.0,0.0,0.0,0.0,0.0,0.0,0.0,0.004284354173278325,0.0,0.009838146620120596,0.0,0.0,0.0,0.0,0.00031735956839098697,0.0,0.004443033957473818,0.0015867978419549348,0.00015867978419549348,0.039352586480482385,0.0,0.012535702951443985,0.032846715328467155,0.0014281180577594415,0.0,0.00031735956839098697,0.0,0.0,0.0026975563313233896,0.0,0.0,0.0,0.0036496350364963502,0.0011107584893684545,0.01682005712472231,0.0030149158997143763,0.007616629641383688,0.00015867978419549348,0.0017454776261504284,0.00015867978419549348,0.0,0.21659790542684862,0.00031735956839098697,0.000952078705172961,0.0025388765471278957,0.0017454776261504284,20241119_Box_1_CFD_Day_4_(Context_A)_9009.mp4,20241119,1,CFD,4,A,no,9009,
20241119_Box_1_CFD_Day_4_(Context_A)_9011,0.0,0.0,0.0,0.0,0.0,0.0,0.0,0.0,0.0,0.0,0.0,0.0,0.0011109347722583717,0.0,0.009839707982859864,0.0,0.0,0.0,0.0,0.0,0.0,0.0025392794794477066,0.0,0.0,0.0,0.0,0.0,0.0,0.0,0.0,0.0380891921917156,0.0,0.007141723535946675,0.010633232820187272,0.00476114902396445,0.09300111093477226,0.0,0.0036502142517060784,0.0015870496746548167,0.009839707982859864,0.00285668941437867,0.0,0.00047611490239644503,0.0,0.0,0.0,0.0036502142517060784,0.015394381844151721,0.0017457546421202983,0.005078558958895413,0.010791937787652753,20241119_Box_1_CFD_Day_4_(Context_A)_9011.mp4,20241119,1,CFD,4,A,no,9011,
20241119_Box_1_CFD_Day_4_(Context_A)_9013,0.0,0.0,0.0,0.0,0.0,0.0,0.0,0.0,0.0,0.0,0.0007933989209774674,0.0,0.15106315455410982,0.0,0.004919073310060298,0.0,0.0,0.0,0.0,0.0,0.0,0.004125674389082831,0.0,0.0,0.0007933989209774674,0.0,0.0004760393525864805,0.0014281180577594415,0.0,0.0,0.017930815614090764,0.0,0.0,0.0,0.0,0.058394160583941604,0.0,0.006981910504601714,0.0017454776261504284,0.015709298635353856,0.004284354173278325,0.0,0.0,0.0025388765471278957,0.00031735956839098697,0.0,0.015074579498571881,0.0,0.0026975563313233896,0.011107584893684545,0.003966994604887337,20241119_Box_1_CFD_Day_4_(Context_A)_9013.mp4,20241119,1,CFD,4,A,no,9013,
20241119_Box_1_CFD_Day_4_(Context_A)_9015,0.0,0.0,0.0,0.0,0.0,0.0,0.0,0.0,0.0,0.0,0.3908283084735005,0.0,0.007933989209774674,0.0,0.00952078705172961,0.0,0.0,0.0,0.0,0.0,0.0,0.02269120913995557,0.0,0.0,0.0,0.0,0.00015867978419549348,0.0026975563313233896,0.0,0.0,0.006981910504601714,0.0,0.008410028562361156,0.00031735956839098697,0.0,0.0023801967629324024,0.0,0.0026975563313233896,0.0,0.02507140590288797,0.02046969216121866,0.0,0.00015867978419549348,0.005395112662646779,0.0015867978419549348,0.0,0.005712472231037766,0.03078387813392574,0.0055537924468422725,0.003490955252300857,0.0,20241119_Box_1_CFD_Day_4_(Context_A)_9015.mp4,20241119,1,CFD,4,A,no,9015,
20241119_Box_1_CFD_Day_4_(Context_B)_9001,0.0,0.0,0.0,0.0,0.0,0.0,0.0,0.0024114264514932295,0.0,0.0,0.0,0.0,0.0,0.0,0.004080875533296235,0.0,0.0,0.0,0.0003709886848451122,0.7879799666110183,0.0,0.0,0.0,0.0,0.0003709886848451122,0.0,0.004822852902986459,0.0,0.0,0.0,0.0,0.0,0.0,0.0,0.0,0.0,0.0,0.0,0.0,0.0,0.0,0.0,0.0,0.0,0.0,0.0,0.0005564830272676684,0.0,0.0,0.0,0.0,20241119_Box_1_CFD_Day_4_(Context_B)_9001.mp4,20241119,1,CFD,4,B,no,9001,
20241119_Box_1_CFD_Day_4_(Context_B)_9003,0.0,0.0,0.0,0.0,0.0,0.0,0.0,0.0001854943424225561,0.0,0.0,0.0,0.0,0.0,0.0,0.0,0.0,0.0001854943424225561,0.0,0.0,0.8981636060100167,0.0,0.0,0.0,0.0,0.0,0.0,0.0001854943424225561,0.0,0.0,0.0,0.0,0.0,0.0,0.0,0.0,0.0,0.0,0.0,0.0,0.0,0.0,0.0,0.0,0.0,0.0,0.0,0.0,0.0,0.0,0.0,0.0,20241119_Box_1_CFD_Day_4_(Context_B)_9003.mp4,20241119,1,CFD,4,B,no,9003,
20241119_Box_1_CFD_Day_4_(Context_B)_9005,0.0,0.0,0.0,0.0,0.0,0.0,0.0,0.0,0.0,0.0,0.0,0.0022259321090706734,0.0,0.0,0.0001854943424225561,0.0,0.0,0.0,0.0,0.3481728807271378,0.0,0.0005564830272676684,0.0009274717121127806,0.0,0.09311815989612317,0.0001854943424225561,0.0038953811908736783,0.0,0.0,0.0,0.0,0.0001854943424225561,0.0,0.0011129660545353367,0.0,0.0,0.0,0.0,0.0,0.0,0.0001854943424225561,0.0,0.0,0.0,0.0,0.0,0.0,0.0005564830272676684,0.0,0.0005564830272676684,0.0,20241119_Box_1_CFD_Day_4_(Context_B)_9005.mp4,20241119,1,CFD,4,B,no,9005,
20241119_Box_1_CFD_Day_4_(Context_B)_9007,0.0,0.0,0.0,0.0,0.0,0.0,0.0,0.00556379821958457,0.0,0.0,0.0,0.0,0.0,0.000185459940652819,0.004451038575667656,0.0,0.000741839762611276,0.002410979228486647,0.0,0.759272997032641,0.0,0.000185459940652819,0.000370919881305638,0.0,0.001112759643916914,0.0,0.000556379821958457,0.0,0.0,0.0,0.0,0.0,0.0,0.0,0.0,0.0,0.0,0.0,0.0,0.0,0.000185459940652819,0.0,0.0,0.0,0.0,0.0,0.0,0.0,0.0,0.0,0.0,20241119_Box_1_CFD_Day_4_(Context_B)_9007.mp4,20241119,1,CFD,4,B,no,9007,
20241119_Box_1_CFD_Day_4_(Context_B)_9009,0.0,0.0,0.0,0.0,0.0,0.0,0.0,0.0,0.0,0.0,0.0,0.0,0.0,0.0,0.0,0.0,0.0,0.0,0.0,0.0,0.0,0.002225519287833828,0.0,0.0,0.0,0.0,0.0,0.0,0.0,0.0,0.00908753709198813,0.0,0.0,0.000370919881305638,0.0,0.000741839762611276,0.0,0.0,0.0,0.0,0.002225519287833828,0.0,0.0,0.0,0.0,0.0,0.0,0.0,0.000185459940652819,0.0,0.000927299703264095,20241119_Box_1_CFD_Day_4_(Context_B)_9009.mp4,20241119,1,CFD,4,B,no,9009,
20241119_Box_1_CFD_Day_4_(Context_B)_9011,0.0,0.0,0.0,0.0,0.0,0.0,0.0,0.0,0.0,0.0,0.0,0.0,0.0,0.0,0.0012984603969578928,0.0,0.0,0.0,0.0,0.8742348358375069,0.0,0.0,0.0,0.0,0.0,0.0,0.0,0.0,0.0,0.0,0.0,0.0,0.0,0.0,0.0,0.0,0.0,0.0,0.0,0.0,0.0,0.0,0.0,0.0,0.0,0.0,0.0,0.0,0.0,0.0,0.0,20241119_Box_1_CFD_Day_4_(Context_B)_9011.mp4,20241119,1,CFD,4,B,no,9011,
20241119_Box_1_CFD_Day_4_(Context_B)_9013,0.0,0.0,0.005193841587831571,0.0,0.0,0.0,0.0,0.2261176034130959,0.0,0.0,0.0,0.0,0.0,0.0,0.0,0.0,0.0,0.0,0.0,0.7054349842329809,0.0,0.0,0.0,0.0,0.0,0.0,0.0,0.0,0.0,0.0,0.0,0.0,0.0,0.0,0.0,0.0,0.0,0.0,0.0,0.0,0.0,0.0,0.0,0.0,0.0,0.0,0.0,0.0,0.0,0.0,0.0,20241119_Box_1_CFD_Day_4_(Context_B)_9013.mp4,20241119,1,CFD,4,B,no,9013,
20241119_Box_1_CFD_Day_4_(Context_B)_9015,0.0,0.0,0.0,0.0,0.0,0.0,0.0,0.0,0.0,0.0,0.0,0.005934718100890208,0.0,0.0,0.0025964391691394658,0.0,0.000185459940652819,0.0,0.0,0.7308976261127597,0.0,0.0,0.0,0.000185459940652819,0.0016691394658753709,0.0033382789317507417,0.000370919881305638,0.0,0.0,0.0,0.0,0.0,0.0,0.0,0.0,0.0,0.0,0.0,0.0,0.0,0.0,0.0,0.0,0.0,0.0,0.0,0.0,0.0,0.0,0.0,0.0,20241119_Box_1_CFD_Day_4_(Context_B)_9015.mp4,20241119,1,CFD,4,B,no,9015,
20241119_Box_2_CFD_Day_4_(Context_A)_9002,0.0,0.0,0.0,0.0,0.0,0.0,0.0,0.0,0.0,0.0,0.0,0.002221516978736909,0.0,0.0,0.0023801967629324024,0.0,0.0,0.0,0.0,0.001904157410345922,0.0,0.014281180577594414,0.001904157410345922,0.0,0.00031735956839098697,0.0,0.014439860361789908,0.0,0.0017454776261504284,0.0,0.0,0.0,0.0,0.0,0.0,0.0,0.0,0.00015867978419549348,0.00015867978419549348,0.00031735956839098697,0.014598540145985401,0.0,0.1653443351317042,0.0,0.0,0.0,0.2292922881624881,0.0,0.013963821009203427,0.0020628371945414156,0.0,20241119_Box_2_CFD_Day_4_(Context_A)_9002.mp4,20241119,2,CFD,4,A,no,9002,
20241119_Box_2_CFD_Day_4_(Context_A)_9004,0.0,0.0,0.0,0.0,0.0,0.0,0.0,0.0,0.0,0.0,0.0,0.005237263926360895,0.0,0.0,0.0015870496746548167,0.0,0.0,0.0,0.0,0.018727186160926838,0.03428027297254404,0.008887478178066973,0.011268052690049199,0.0,0.480399936518013,0.0,0.06364069195365815,0.0,0.009046183145532455,0.0,0.0,0.0,0.0009522298047928901,0.0006348198698619266,0.00015870496746548166,0.00047611490239644503,0.0,0.0,0.0,0.0,0.009998412950325344,0.0,0.0,0.0006348198698619266,0.00047611490239644503,0.0,0.0015870496746548167,0.0,0.0011109347722583717,0.0006348198698619266,0.0017457546421202983,20241119_Box_2_CFD_Day_4_(Context_A)_9004.mp4,20241119,2,CFD,4,A,no,9004,
20241119_Box_2_CFD_Day_4_(Context_A)_9006,0.0,0.0,0.0,0.0,0.0,0.0,0.0,0.0,0.0,0.0,0.0,0.0,0.0,0.0,0.009838146620120596,0.0,0.0,0.0,0.0,0.017772135829895272,0.0,0.035544271659790544,0.0,0.0,0.24024119327197715,0.0,0.0017454776261504284,0.0,0.00015867978419549348,0.0,0.0,0.0,0.0,0.0,0.0,0.0017454776261504284,0.0,0.0014281180577594415,0.0004760393525864805,0.0,0.02142177086639162,0.0006347191367819739,0.0,0.0011107584893684545,0.0,0.0,0.005236432878451286,0.0,0.000952078705172961,0.0,0.0,20241119_Box_2_CFD_Day_4_(Context_A)_9006.mp4,20241119,2,CFD,4,A,no,9006,
20241119_Box_2_CFD_Day_4_(Context_A)_9008,0.0,0.0,0.0,0.0,0.0,0.0,0.0,0.0,0.0,0.0,0.0,0.0,0.0025392794794477066,0.0,0.011902872559911125,0.0,0.0,0.0,0.0,0.0,0.0,0.0026979844469131884,0.0,0.0,0.0,0.0,0.0,0.0,0.0,0.0007935248373274084,0.04777019520710998,0.0,0.0007935248373274084,0.0020631645770512615,0.0017457546421202983,0.022218695445167434,0.0,0.0007935248373274084,0.0003174099349309633,0.005554673861291859,0.0017457546421202983,0.0,0.00047611490239644503,0.0003174099349309633,0.0,0.0,0.007935248373274084,0.005395968893826377,0.0019044596095857801,0.0011109347722583717,0.004919853991429932,20241119_Box_2_CFD_Day_4_(Context_A)_9008.mp4,20241119,2,CFD,4,A,no,9008,
20241119_Box_2_CFD_Day_4_(Context_A)_9010,0.0,0.0,0.0,0.0,0.0,0.0,0.0,0.0,0.0,0.0,0.0,0.0,0.0,0.0,0.004443739089033487,0.0,0.0,0.0,0.0,0.00285668941437867,0.0,0.03888271702904301,0.005554673861291859,0.0,0.0,0.0,0.024916679892080622,0.00047611490239644503,0.0,0.0,0.0007935248373274084,0.0,0.0,0.0,0.0,0.0,0.0,0.00015870496746548166,0.003967624186637042,0.0006348198698619266,0.04094588160609427,0.0,0.0,0.01602920171401365,0.0007935248373274084,0.0,0.08379622282177432,0.0,0.014124742104427868,0.0038089192191715603,0.0,20241119_Box_2_CFD_Day_4_(Context_A)_9010.mp4,20241119,2,CFD,4,A,no,9010,
20241119_Box_2_CFD_Day_4_(Context_A)_9012,0.0,0.0,0.0,0.000952078705172961,0.0,0.4387496033005395,0.0,0.0,0.0,0.003490955252300857,0.0,0.0,0.0,0.0,0.0,0.0,0.0,0.0,0.0,0.0,0.0,0.008251348778165662,0.0,0.005395112662646779,0.04109806410663282,0.0020628371945414156,0.0,0.00015867978419549348,0.0,0.0,0.0,0.0,0.0,0.009203427483338623,0.0006347191367819739,0.0006347191367819739,0.0,0.002221516978736909,0.0,0.0,0.008886067914947636,0.0,0.0006347191367819739,0.0004760393525864805,0.00031735956839098697,0.0,0.011742304030466518,0.0020628371945414156,0.00015867978419549348,0.0006347191367819739,0.0,20241119_Box_2_CFD_Day_4_(Context_A)_9012.mp4,20241119,2,CFD,4,A,no,9012,
20241119_Box_2_CFD_Day_4_(Context_A)_9014,0.0,0.0,0.0,0.0,0.0,0.0,0.0,0.0,0.0,0.0,0.0,0.00015870496746548166,0.0015870496746548167,0.0,0.00015870496746548166,0.0,0.0,0.0,0.0,0.0012696397397238533,0.00015870496746548166,0.00476114902396445,0.0,0.0,0.034438977940009524,0.0003174099349309633,0.0011109347722583717,0.00015870496746548166,0.0,0.0,0.016822726551341056,0.0019044596095857801,0.0,0.019362006030788765,0.0026979844469131884,0.0172988414537375,0.0012696397397238533,0.009204888112997937,0.006189493731153785,0.024281860022218694,0.004126329154102523,0.006348198698619267,0.0006348198698619266,0.0,0.005872083796222821,0.01602920171401365,0.018251071258530392,0.0031740993493096334,0.00015870496746548166,0.004919853991429932,0.008728773210601492,20241119_Box_2_CFD_Day_4_(Context_A)_9014.mp4,20241119,2,CFD,4,A,no,9014,
20241119_Box_2_CFD_Day_4_(Context_A)_9016,0.0,0.00015870496746548166,0.0,0.0,0.0,0.0,0.0,0.0,0.0,0.0,0.0,0.00015870496746548166,0.0,0.0,0.0,0.0,0.0,0.0,0.0,0.0,0.0,0.0077765434058086015,0.0,0.0,0.0034915092842405966,0.0,0.0007935248373274084,0.00047611490239644503,0.00015870496746548166,0.0,0.00015870496746548166,0.023647040152356767,0.052848754166005395,0.09919060466592604,0.0003174099349309633,0.02475797492461514,0.0,0.013172512299634979,0.013648627202031423,0.018409776225995874,0.007141723535946675,0.0020631645770512615,0.00015870496746548166,0.0020631645770512615,0.003967624186637042,0.0,0.014124742104427868,0.0017457546421202983,0.0006348198698619266,0.004126329154102523,0.050785589588954134,20241119_Box_2_CFD_Day_4_(Context_A)_9016.mp4,20241119,2,CFD,4,A,no,9016,
20241119_Box_2_CFD_Day_4_(Context_B)_9002,0.0,0.0,0.0,0.0,0.018920422927100722,0.0,0.0,0.0,0.0,0.05082544982378037,0.0,0.0,0.0,0.0,0.0,0.0,0.0,0.0,0.0,0.0,0.0,0.0027824151363383415,0.027638657020960862,0.0,0.0003709886848451122,0.0,0.01001669449081803,0.011686143572621035,0.0001854943424225561,0.0,0.013170098312001484,0.0,0.0,0.003709886848451122,0.0007419773696902244,0.038397328881469114,0.0,0.007976256724169913,0.0024114264514932295,0.0,0.0025969207939157855,0.0,0.0,0.0,0.0,0.0,0.003709886848451122,0.01873492858467817,0.0,0.0005564830272676684,0.006492301984789464,20241119_Box_2_CFD_Day_4_(Context_B)_9002.mp4,20241119,2,CFD,4,B,no,9002,
20241119_Box_2_CFD_Day_4_(Context_B)_9004,0.0,0.0,0.0,0.0,0.0,0.0,0.0,0.0,0.0,0.010758671860508254,0.0,0.0,0.0,0.0,0.0,0.0,0.0,0.0,0.0,0.0005564830272676684,0.0,0.003709886848451122,0.0011129660545353367,0.0,0.01632350213318494,0.0009274717121127806,0.05212391022073827,0.0001854943424225561,0.0022259321090706734,0.00333889816360601,0.03672787979966611,0.0,0.0,0.112409571508069,0.0009274717121127806,0.008903728436282694,0.0,0.0,0.0,0.0,0.003709886848451122,0.0,0.0,0.0,0.0,0.0,0.00333889816360601,0.0022259321090706734,0.0,0.0001854943424225561,0.005564830272676683,20241119_Box_2_CFD_Day_4_(Context_B)_9004.mp4,20241119,2,CFD,4,B,no,9004,
20241119_Box_2_CFD_Day_4_(Context_B)_9006,0.0,0.0,0.0,0.0,0.0,0.0,0.0,0.0,0.0,0.0005564830272676684,0.0,0.0,0.0029679094787608976,0.0,0.0,0.0,0.0,0.0,0.0,0.0,0.0,0.0011129660545353367,0.0,0.0,0.022259321090706732,0.0,0.003524392506028566,0.0,0.0003709886848451122,0.0,0.02429975885735485,0.0,0.0,0.0,0.0011129660545353367,0.0077907623817473565,0.0,0.0009274717121127806,0.004822852902986459,0.0011129660545353367,0.0011129660545353367,0.0024114264514932295,0.0,0.0022259321090706734,0.0,0.0,0.019847894639213503,0.0011129660545353367,0.0003709886848451122,0.0,0.00333889816360601,20241119_Box_2_CFD_Day_4_(Context_B)_9006.mp4,20241119,2,CFD,4,B,no,9006,
20241119_Box_2_CFD_Day_4_(Context_B)_9008,0.0,0.0,0.0,0.0,0.0,0.0,0.0,0.0007419773696902244,0.0,0.0,0.0,0.0,0.0,0.0024114264514932295,0.0011129660545353367,0.0,0.0001854943424225561,0.018363939899833055,0.0001854943424225561,0.24318308291597107,0.0,0.0,0.0,0.0,0.0,0.0,0.0,0.0,0.0,0.0,0.0,0.0,0.0,0.0,0.0,0.0,0.0,0.0,0.0,0.0,0.0,0.0,0.0,0.0,0.0,0.0,0.0,0.0,0.0,0.0,0.0,20241119_Box_2_CFD_Day_4_(Context_B)_9008.mp4,20241119,2,CFD,4,B,no,9008,
20241119_Box_2_CFD_Day_4_(Context_B)_9010,0.0,0.0,0.0,0.0,0.0,0.0,0.0,0.0,0.0,0.007048785012057132,0.0,0.0,0.0,0.0,0.0,0.0,0.0,0.0,0.0,0.0,0.0,0.0007419773696902244,0.0,0.0,0.0009274717121127806,0.0,0.04767204600259692,0.0,0.0,0.0,0.0,0.0,0.0,0.0005564830272676684,0.0,0.2211092561676869,0.0,0.010202188833240587,0.001669449081803005,0.0003709886848451122,0.0003709886848451122,0.0012984603969578928,0.001669449081803005,0.0,0.0,0.0,0.009831200148395475,0.0029679094787608976,0.0,0.0027824151363383415,0.005750324615099239,20241119_Box_2_CFD_Day_4_(Context_B)_9010.mp4,20241119,2,CFD,4,B,no,9010,
20241119_Box_2_CFD_Day_4_(Context_B)_9012,0.0,0.0,0.0,0.0,0.0,0.0,0.0,0.0,0.0,0.0,0.0,0.0,0.0,0.0,0.0,0.0,0.0,0.0,0.0,0.0,0.0,0.001112759643916914,0.0,0.0,0.0,0.0,0.0,0.0,0.0,0.0012982195845697329,0.10534124629080119,0.0,0.0,0.06027448071216617,0.008716617210682493,0.12815281899109793,0.0,0.014280415430267063,0.0012982195845697329,0.0,0.001483679525222552,0.0,0.000741839762611276,0.0,0.0,0.0,0.005749258160237389,0.018545994065281898,0.0,0.001112759643916914,0.016320474777448073,20241119_Box_2_CFD_Day_4_(Context_B)_9012.mp4,20241119,2,CFD,4,B,no,9012,
20241119_Box_2_CFD_Day_4_(Context_B)_9014,0.0,0.0,0.0,0.0,0.0,0.0,0.0,0.0,0.005564830272676683,0.0,0.0,0.0,0.0001854943424225561,0.0,0.0,0.0,0.0,0.0,0.0,0.0,0.0,0.02207382674828418,0.0,0.0,0.004822852902986459,0.0,0.074383231311445,0.0,0.0001854943424225561,0.0005564830272676684,0.05026896679651271,0.0,0.004822852902986459,0.010944166202930811,0.0014839547393804488,0.02819514004822853,0.0,0.0,0.0012984603969578928,0.0005564830272676684,0.021146355036171398,0.0,0.0,0.0,0.0,0.0,0.0005564830272676684,0.006863290669634576,0.0007419773696902244,0.0,0.08588388054164348,20241119_Box_2_CFD_Day_4_(Context_B)_9014.mp4,20241119,2,CFD,4,B,no,9014,
20241119_Box_2_CFD_Day_4_(Context_B)_9016,0.0,0.0,0.0,0.0,0.0,0.0,0.0,0.0,0.10146540530513819,0.0,0.0,0.0,0.0,0.0,0.0,0.0,0.0,0.0,0.0,0.0,0.0,0.0038953811908736783,0.0,0.0,0.0005564830272676684,0.0,0.0,0.0,0.0,0.005008347245409015,0.0485995177147097,0.0,0.0,0.00667779632721202,0.0005564830272676684,0.10072342793544797,0.0,0.004822852902986459,0.0025969207939157855,0.0001854943424225561,0.00333889816360601,0.0,0.0001854943424225561,0.0,0.0,0.0,0.0076052680393248005,0.015396030421072158,0.0014839547393804488,0.004266369875718791,0.014839547393804489,20241119_Box_2_CFD_Day_4_(Context_B)_9016.mp4,20241119,2,CFD,4,B,no,9016,
20241120_Box_1_CFD_Day_5_(Context_A)_9001,0.0,0.0,0.0,0.0,0.0,0.0,0.0,0.0,0.0,0.0009522298047928901,0.0,0.0,0.0,0.0,0.005554673861291859,0.0,0.0,0.0,0.0,0.0012696397397238533,0.0003174099349309633,0.023647040152356767,0.0,0.0,0.015394381844151721,0.0,0.006824313601015711,0.0011109347722583717,0.0011109347722583717,0.0,0.0,0.0,0.0,0.0007935248373274084,0.00015870496746548166,0.0036502142517060784,0.0,0.002380574511982225,0.0,0.0003174099349309633,0.020790350737978098,0.00015870496746548166,0.0,0.02840818917632122,0.06856054594508808,0.001428344707189335,0.016822726551341056,0.0,0.029201714013648628,0.0019044596095857801,0.0,20241120_Box_1_CFD_Day_5_(Context_A)_9001.mp4,20241120,1,CFD,5,A,no,9001,
20241120_Box_1_CFD_Day_5_(Context_A)_9003,0.0,0.0,0.0,0.0,0.0,0.0,0.0,0.0,0.0,0.0,0.0,0.29303506266857055,0.0,0.0,0.006663493574488339,0.0,0.0,0.0,0.0,0.0,0.0,0.008726003490401396,0.0006346184356655561,0.0,0.0007932730445819451,0.22957321910201492,0.002379819133745835,0.0007932730445819451,0.0028557829604950024,0.0,0.0,0.0,0.0,0.00031730921783277807,0.0,0.00015865460891638903,0.0,0.0044423290496588925,0.00015865460891638903,0.0,0.008567348881485007,0.0,0.0014278914802475012,0.0,0.00015865460891638903,0.0,0.008884658099317785,0.0,0.0030144375694113913,0.0007932730445819451,0.0,20241120_Box_1_CFD_Day_5_(Context_A)_9003.mp4,20241120,1,CFD,5,A,no,9003,
20241120_Box_1_CFD_Day_5_(Context_A)_9005,0.0,0.0,0.0,0.0,0.0,0.0,0.003966994604887337,0.0,0.0,0.0,0.0,0.0,0.0,0.0,0.010155506188511583,0.0,0.0,0.0,0.0,0.004125674389082831,0.0,0.012694382735639479,0.001904157410345922,0.0,0.00904474769914313,0.0,0.017930815614090764,0.0,0.005236432878451286,0.0,0.0004760393525864805,0.0,0.0,0.0020628371945414156,0.0,0.0023801967629324024,0.0,0.0,0.0,0.0006347191367819739,0.012535702951443985,0.0007933989209774674,0.0,0.035544271659790544,0.03998730561726436,0.00952078705172961,0.023643287845128532,0.0031735956839098697,0.006188511583624246,0.0030149158997143763,0.004919073310060298,20241120_Box_1_CFD_Day_5_(Context_A)_9005.mp4,20241120,1,CFD,5,A,no,9005,
20241120_Box_1_CFD_Day_5_(Context_A)_9007,0.0,0.0,0.0,0.0,0.0,0.0,0.0,0.0,0.0,0.0,0.0,0.320584034280273,0.0,0.0,0.006506903666084749,0.0,0.0,0.0,0.0,0.0003174099349309633,0.0,0.0020631645770512615,0.024281860022218694,0.009046183145532455,0.03967624186637042,0.04808760514204095,0.011744167592445643,0.002380574511982225,0.0190445960958578,0.0,0.0,0.0,0.0,0.0030153943818441516,0.0003174099349309633,0.01507697190922076,0.0,0.0,0.0,0.0,0.0017457546421202983,0.0,0.0,0.0006348198698619266,0.0033328043167751152,0.0025392794794477066,0.0003174099349309633,0.008728773210601492,0.0,0.00015870496746548166,0.0025392794794477066,20241120_Box_1_CFD_Day_5_(Context_A)_9007.mp4,20241120,1,CFD,5,A,no,9007,
20241120_Box_1_CFD_Day_5_(Context_A)_9009,0.0,0.0,0.0,0.0,0.00031735956839098697,0.0,0.0,0.0,0.0,0.0,0.0,0.0,0.001904157410345922,0.0,0.003808314820691844,0.0,0.0,0.0,0.0,0.0,0.0,0.00856870834655665,0.0,0.0,0.0,0.0,0.0011107584893684545,0.0,0.00015867978419549348,0.0,0.0026975563313233896,0.0,0.0,0.006029831799428753,0.0,0.02491272611869248,0.0,0.0015867978419549348,0.00015867978419549348,0.050777530942557915,0.008251348778165662,0.0004760393525864805,0.002221516978736909,0.00015867978419549348,0.0,0.0,0.0026975563313233896,0.0,0.040145985401459854,0.010155506188511583,0.0,20241120_Box_1_CFD_Day_5_(Context_A)_9009.mp4,20241120,1,CFD,5,A,no,9009,
20241120_Box_1_CFD_Day_5_(Context_A)_9013,0.042367502380196764,0.018406854966677245,0.0,0.0050777530942557915,0.0,0.0015867978419549348,0.0,0.0,0.0,0.0,0.0,0.0017454776261504284,0.0,0.0,0.0,0.0,0.0,0.0,0.0,0.0,0.0,0.01824817518248175,0.0,0.0,0.01412250079339892,0.02856236115518883,0.0,0.0,0.00015867978419549348,0.0033322754681053635,0.00031735956839098697,0.0,0.0,0.000952078705172961,0.0004760393525864805,0.015550618851158363,0.0,0.0014281180577594415,0.0011107584893684545,0.003808314820691844,0.017454776261504285,0.00015867978419549348,0.0020628371945414156,0.03316407489685814,0.0,0.0,0.05537924468422723,0.003808314820691844,0.007457949857188194,0.0025388765471278957,0.0023801967629324024,20241120_Box_1_CFD_Day_5_(Context_A)_9013.mp4,20241120,1,CFD,5,A,no,9013,
20241120_Box_1_CFD_Day_5_(Context_A)_9015,0.0,0.0,0.0,0.0,0.0,0.0,0.0,0.0,0.0,0.0,0.0,0.017454776261504285,0.0007933989209774674,0.0,0.009362107267534116,0.0,0.0,0.0,0.0,0.008727388130752143,0.0,0.0055537924468422725,0.02634084417645192,0.047286575690257064,0.0011107584893684545,0.003966994604887337,0.037765788638527455,0.00015867978419549348,0.03824182799111393,0.0,0.00015867978419549348,0.0,0.0,0.00015867978419549348,0.0,0.00015867978419549348,0.0017454776261504284,0.004760393525864805,0.0006347191367819739,0.00031735956839098697,0.005395112662646779,0.0007933989209774674,0.006664550936210727,0.00682323072040622,0.0463344969850841,0.00015867978419549348,0.006188511583624246,0.008251348778165662,0.0006347191367819739,0.00015867978419549348,0.0004760393525864805,20241120_Box_1_CFD_Day_5_(Context_A)_9015.mp4,20241120,1,CFD,5,A,no,9015,
20241120_Box_1_CFD_Day_5_(Context_B)_9001,0.0,0.0,0.0,0.0,0.0,0.0,0.0,0.0,0.0,0.0001854943424225561,0.0,0.0,0.0,0.0,0.0,0.0,0.0,0.0,0.0,0.0,0.0001854943424225561,0.01910591726952328,0.0,0.0,0.02244481543312929,0.0,0.01966240029679095,0.0001854943424225561,0.0014839547393804488,0.0,0.0,0.0,0.0009274717121127806,0.04581710257837136,0.004822852902986459,0.05212391022073827,0.0,0.011315154887775923,0.0009274717121127806,0.020589872008903727,0.018363939899833055,0.0001854943424225561,0.0,0.0020404377666481174,0.0,0.0,0.015581524763494713,0.01242812094231126,0.003709886848451122,0.003153403821183454,0.0007419773696902244,20241120_Box_1_CFD_Day_5_(Context_B)_9001.mp4,20241120,1,CFD,5,B,no,9001,
20241120_Box_1_CFD_Day_5_(Context_B)_9003,0.0,0.0,0.0,0.0,0.0,0.0,0.0,0.0,0.0,0.0,0.0,0.0,0.0,0.0,0.0,0.0,0.0,0.0,0.0,0.0,0.0001854943424225561,0.004637358560563903,0.0,0.0,0.08235948803561491,0.0,0.027453162678538305,0.0007419773696902244,0.0,0.0,0.017807456872565387,0.0,0.0,0.036171396772398445,0.0038953811908736783,0.037840845854201444,0.0,0.010573177518085699,0.003524392506028566,0.0001854943424225561,0.004451864218141347,0.0001854943424225561,0.001669449081803005,0.0001854943424225561,0.0,0.0,0.03394546466332777,0.004080875533296235,0.0012984603969578928,0.0029679094787608976,0.015210536078649601,20241120_Box_1_CFD_Day_5_(Context_B)_9003.mp4,20241120,1,CFD,5,B,no,9003,
20241120_Box_1_CFD_Day_5_(Context_B)_9005,0.0,0.0,0.0,0.0,0.0,0.0,0.0,0.0,0.0,0.0,0.0,0.0,0.0,0.0,0.0,0.0,0.0,0.0,0.0,0.0,0.0,0.0022259321090706734,0.0,0.0001854943424225561,0.0005564830272676684,0.0,0.0024114264514932295,0.0,0.0001854943424225561,0.0,0.0014839547393804488,0.0003709886848451122,0.0,0.01187163791504359,0.001854943424225561,0.05564830272676683,0.0,0.0025969207939157855,0.0007419773696902244,0.0007419773696902244,0.001669449081803005,0.0003709886848451122,0.0001854943424225561,0.0003709886848451122,0.0,0.0,0.004451864218141347,0.017992951214987944,0.0,0.0014839547393804488,0.0077907623817473565,20241120_Box_1_CFD_Day_5_(Context_B)_9005.mp4,20241120,1,CFD,5,B,no,9005,
20241120_Box_1_CFD_Day_5_(Context_B)_9007,0.0,0.09606824925816024,0.0,0.0,0.000185459940652819,0.0,0.0,0.0,0.0,0.0,0.0,0.0,0.000741839762611276,0.0,0.0,0.0,0.0,0.0,0.0,0.000370919881305638,0.0,0.002410979228486647,0.0,0.0,0.000927299703264095,0.000185459940652819,0.000185459940652819,0.0,0.0,0.1279673590504451,0.0879080118694362,0.0,0.009643916913946587,0.013538575667655787,0.0035237388724035606,0.03412462908011869,0.0,0.0,0.001483679525222552,0.01112759643916914,0.00185459940652819,0.000185459940652819,0.000556379821958457,0.0,0.0,0.0,0.0035237388724035606,0.015764094955489614,0.000370919881305638,0.000185459940652819,0.004821958456973294,20241120_Box_1_CFD_Day_5_(Context_B)_9007.mp4,20241120,1,CFD,5,B,no,9007,
20241120_Box_1_CFD_Day_5_(Context_B)_9009,0.0,0.0,0.0,0.0,0.0,0.0,0.0,0.28621777035800405,0.0,0.0,0.0,0.0024114264514932295,0.0,0.004080875533296235,0.0020404377666481174,0.0,0.0003709886848451122,0.0,0.0,0.20701168614357263,0.0001854943424225561,0.0,0.0005564830272676684,0.0,0.007048785012057132,0.0,0.0005564830272676684,0.0003709886848451122,0.0,0.0,0.0,0.0,0.0,0.0011129660545353367,0.0,0.0,0.0,0.0,0.0005564830272676684,0.0,0.0003709886848451122,0.0,0.0,0.0,0.0,0.0,0.0003709886848451122,0.0,0.0,0.0,0.0,20241120_Box_1_CFD_Day_5_(Context_B)_9009.mp4,20241120,1,CFD,5,B,no,9009,
20241120_Box_1_CFD_Day_5_(Context_B)_9011,0.0,0.000370919881305638,0.0,0.0,0.0,0.0,0.0,0.0,0.0,0.0,0.0,0.0,0.0,0.0,0.0,0.0,0.0,0.0,0.0,0.0,0.0,0.000741839762611276,0.0,0.0,0.03449554896142433,0.0,0.24962908011869436,0.000741839762611276,0.0,0.001112759643916914,0.04061572700296736,0.0,0.003152818991097923,0.04358308605341246,0.000556379821958457,0.06676557863501484,0.0,0.0,0.0,0.0,0.0016691394658753709,0.0,0.000185459940652819,0.0,0.0,0.0,0.002410979228486647,0.006491097922848665,0.0,0.0,0.01669139465875371,20241120_Box_1_CFD_Day_5_(Context_B)_9011.mp4,20241120,1,CFD,5,B,no,9011,
20241120_Box_1_CFD_Day_5_(Context_B)_9013,0.0,0.016508996475607492,0.0,0.0,0.0,0.0,0.0,0.0,0.0005564830272676684,0.0,0.0,0.0,0.0003709886848451122,0.0,0.0,0.0,0.0,0.0,0.0,0.0,0.0,0.0022259321090706734,0.0,0.0,0.0077907623817473565,0.0,0.0025969207939157855,0.0,0.0012984603969578928,0.012613615284733816,0.0816175106659247,0.0,0.0011129660545353367,0.0020404377666481174,0.0077907623817473565,0.11296605453533667,0.0,0.008347245409015025,0.0012984603969578928,0.0003709886848451122,0.001854943424225561,0.004451864218141347,0.0001854943424225561,0.0,0.0,0.0,0.006306807642366908,0.013170098312001484,0.0,0.0022259321090706734,0.016879985160452606,20241120_Box_1_CFD_Day_5_(Context_B)_9013.mp4,20241120,1,CFD,5,B,no,9013,
20241120_Box_1_CFD_Day_5_(Context_B)_9015,0.004637358560563903,0.0,0.0,0.0,0.042292710072342796,0.0,0.0,0.0,0.0,0.0,0.0,0.0,0.0,0.0,0.0,0.0,0.0,0.0,0.0,0.0,0.0,0.0029679094787608976,0.0,0.0,0.0012984603969578928,0.0,0.0024114264514932295,0.0,0.0,0.0,0.0,0.1982934520497125,0.0,0.005564830272676683,0.0003709886848451122,0.004080875533296235,0.0,0.0,0.0,0.0,0.0025969207939157855,0.0,0.0,0.0,0.0,0.0,0.0003709886848451122,0.018363939899833055,0.0,0.0001854943424225561,0.019847894639213503,20241120_Box_1_CFD_Day_5_(Context_B)_9015.mp4,20241120,1,CFD,5,B,no,9015,
20241120_Box_2_CFD_Day_5_(Context_A)_9002,0.0,0.000952078705172961,0.0,0.0,0.0,0.0,0.0,0.0,0.0,0.0,0.0,0.0,0.0,0.0,0.004125674389082831,0.0,0.0,0.0,0.0,0.0,0.0,0.00015867978419549348,0.0,0.0,0.0,0.0,0.0,0.0,0.0,0.021897810218978103,0.0,0.0,0.0,0.00031735956839098697,0.00015867978419549348,0.016026658203744843,0.0,0.00015867978419549348,0.0,0.0,0.0,0.0,0.0,0.0,0.0007933989209774674,0.0,0.0004760393525864805,0.0,0.0,0.00015867978419549348,0.0,20241120_Box_2_CFD_Day_5_(Context_A)_9002.mp4,20241120,2,CFD,5,A,no,9002,
20241120_Box_2_CFD_Day_5_(Context_A)_9004,0.43088398666878275,0.0,0.0,0.0,0.0,0.0,0.0,0.0,0.0,0.0,0.0,0.0,0.0007935248373274084,0.0,0.0,0.0,0.0,0.0,0.0,0.0,0.0,0.01047452785272179,0.0,0.0,0.0,0.0,0.0,0.0,0.0,0.0,0.02110776067290906,0.0,0.005872083796222821,0.02285351531502936,0.00015870496746548166,0.035391207744802415,0.0,0.001428344707189335,0.0,0.0,0.011109347722583717,0.00015870496746548166,0.00015870496746548166,0.0,0.0,0.0,0.0007935248373274084,0.019203301063323283,0.0,0.001428344707189335,0.0961752102840819,20241120_Box_2_CFD_Day_5_(Context_A)_9004.mp4,20241120,2,CFD,5,A,no,9004,
20241120_Box_2_CFD_Day_5_(Context_A)_9006,0.0,0.0,0.0,0.0,0.0,0.0,0.002380574511982225,0.0,0.0,0.00015870496746548166,0.09490557054435804,0.0,0.05903824789715918,0.0,0.015553086811617203,0.0,0.0,0.0,0.0,0.0,0.0,0.024123155054753213,0.0,0.0,0.0,0.0,0.0,0.0,0.0,0.0,0.0,0.0,0.0,0.0,0.0003174099349309633,0.02285351531502936,0.0,0.0009522298047928901,0.0,0.1082367878114585,0.02285351531502936,0.00015870496746548166,0.0,0.04142199650849072,0.00015870496746548166,0.0,0.06332328201872718,0.0017457546421202983,0.018409776225995874,0.013648627202031423,0.009998412950325344,20241120_Box_2_CFD_Day_5_(Context_A)_9006.mp4,20241120,2,CFD,5,A,no,9006,
20241120_Box_2_CFD_Day_5_(Context_A)_9008,0.0,0.0,0.0,0.0,0.0,0.0,0.0,0.0,0.0,0.0,0.0,0.017772135829895272,0.0,0.0,0.0023801967629324024,0.0,0.0,0.0,0.0,0.02824500158679784,0.0,0.009203427483338623,0.02221516978736909,0.0,0.0031735956839098697,0.0014281180577594415,0.03728974928594097,0.0,0.003490955252300857,0.0,0.0,0.0,0.0,0.07933989209774675,0.0,0.002856236115518883,0.0,0.0,0.0017454776261504284,0.0,0.0077753094255791815,0.0,0.0,0.0,0.0,0.0,0.002856236115518883,0.009203427483338623,0.013329101872421454,0.006505871152015234,0.004125674389082831,20241120_Box_2_CFD_Day_5_(Context_A)_9008.mp4,20241120,2,CFD,5,A,no,9008,
20241120_Box_2_CFD_Day_5_(Context_A)_9010,0.0,0.0,0.0,0.0,0.0,0.0,0.0,0.0,0.0,0.0,0.0,0.0,0.0,0.0,0.00047611490239644503,0.0,0.0,0.0,0.0,0.0,0.0,0.02269481034756388,0.0,0.0,0.0,0.0,0.0,0.0,0.0,0.0006348198698619266,0.0009522298047928901,0.0,0.0,0.0,0.0006348198698619266,0.12172671004602444,0.0,0.0031740993493096334,0.04078717663862879,0.0,0.021266465640374543,0.0,0.0026979844469131884,0.003967624186637042,0.0003174099349309633,0.0,0.10966513251864783,0.023012220282494843,0.026821139501666404,0.04745278527217902,0.011268052690049199,20241120_Box_2_CFD_Day_5_(Context_A)_9010.mp4,20241120,2,CFD,5,A,no,9010,
20241120_Box_2_CFD_Day_5_(Context_A)_9012,0.0,0.0,0.0,0.0,0.0,0.0,0.0,0.0,0.0,0.0,0.0,0.00015870496746548166,0.0,0.0,0.0,0.0,0.0,0.0,0.0,0.0,0.0,0.00476114902396445,0.0,0.0,0.0,0.0,0.0003174099349309633,0.0,0.0,0.00857006824313601,0.095222980479289,0.0,0.0,0.001428344707189335,0.0066656086335502305,0.09903189969846056,0.0,0.0017457546421202983,0.00047611490239644503,0.0,0.004126329154102523,0.0,0.0011109347722583717,0.012855102364704015,0.009363593080463419,0.0,0.01428344707189335,0.007141723535946675,0.002380574511982225,0.0,0.01507697190922076,20241120_Box_2_CFD_Day_5_(Context_A)_9012.mp4,20241120,2,CFD,5,A,no,9012,
20241120_Box_2_CFD_Day_5_(Context_A)_9014,0.0,0.0,0.0,0.0,0.0,0.0,0.0,0.0,0.0,0.0,0.0,0.0,0.003492063492063492,0.0,0.00031746031746031746,0.0,0.0,0.0,0.0,0.0,0.0,0.01746031746031746,0.0,0.00031746031746031746,0.0,0.0,0.00031746031746031746,0.0004761904761904762,0.0014285714285714286,0.0,0.025714285714285714,0.0,0.0026984126984126986,0.020793650793650795,0.003492063492063492,0.014761904761904763,0.0,0.008253968253968255,0.004761904761904762,0.03761904761904762,0.013968253968253968,0.006984126984126984,0.0006349206349206349,0.0007936507936507937,0.00015873015873015873,0.0,0.053492063492063494,0.006666666666666667,0.014761904761904763,0.008253968253968255,0.013492063492063493,20241120_Box_2_CFD_Day_5_(Context_A)_9014.mp4,20241120,2,CFD,5,A,no,9014,
20241120_Box_2_CFD_Day_5_(Context_A)_9016,0.0,0.0,0.0,0.0,0.0,0.0,0.0,0.0,0.0,0.0,0.0,0.0,0.0,0.0,0.0,0.0,0.0,0.0,0.0,0.0,0.0,0.00047611490239644503,0.0,0.0,0.0,0.0,0.0011109347722583717,0.0,0.0,0.00015870496746548166,0.0020631645770512615,0.0,0.22996349785748293,0.0003174099349309633,0.00015870496746548166,0.04237422631328361,0.0,0.0017457546421202983,0.00015870496746548166,0.0,0.0006348198698619266,0.0,0.00015870496746548166,0.0,0.0,0.0,0.0007935248373274084,0.0030153943818441516,0.0,0.0003174099349309633,0.005078558958895413,20241120_Box_2_CFD_Day_5_(Context_A)_9016.mp4,20241120,2,CFD,5,A,no,9016,
20241120_Box_2_CFD_Day_5_(Context_B)_9002,0.0,0.0,0.0,0.0,0.0,0.0,0.0,0.0,0.0,0.0,0.0,0.0,0.0,0.0,0.0001854943424225561,0.010387683175663142,0.0,0.0029679094787608976,0.6169541828974217,0.03487293637544055,0.0011129660545353367,0.0,0.0,0.0,0.0011129660545353367,0.0,0.0,0.0,0.0,0.0,0.0,0.0,0.0,0.0,0.0,0.0,0.0,0.0,0.0,0.0,0.0,0.0,0.0,0.0,0.0,0.0,0.0001854943424225561,0.0,0.0,0.0,0.0,20241120_Box_2_CFD_Day_5_(Context_B)_9002.mp4,20241120,2,CFD,5,B,no,9002,
20241120_Box_2_CFD_Day_5_(Context_B)_9004,0.0,0.0,0.0,0.0,0.0,0.0,0.0,0.0,0.0,0.0,0.0,0.000556379821958457,0.0,0.006862017804154303,0.001483679525222552,0.6044139465875371,0.0,0.0,0.006491097922848665,0.142433234421365,0.0,0.001483679525222552,0.0,0.000370919881305638,0.0,0.001112759643916914,0.0016691394658753709,0.000185459940652819,0.0,0.0,0.0,0.0,0.0,0.000370919881305638,0.0,0.0,0.0,0.0,0.0,0.0,0.000927299703264095,0.0,0.0,0.000370919881305638,0.000741839762611276,0.0,0.000370919881305638,0.0,0.0,0.0,0.0,20241120_Box_2_CFD_Day_5_(Context_B)_9004.mp4,20241120,2,CFD,5,B,no,9004,
20241120_Box_2_CFD_Day_5_(Context_B)_9006,0.0,0.0,0.0,0.0,0.0,0.0,0.0,0.0,0.0,0.0,0.0,0.0,0.0,0.0,0.0,0.0003709886848451122,0.0009274717121127806,0.8829530699313671,0.0024114264514932295,0.007419773696902244,0.0,0.0,0.0,0.0,0.0005564830272676684,0.0,0.0,0.0,0.0,0.0,0.0,0.0,0.0,0.0,0.0,0.0,0.0,0.0,0.0,0.0,0.0,0.0,0.0,0.0,0.0,0.0,0.0,0.0,0.0,0.0,0.0,20241120_Box_2_CFD_Day_5_(Context_B)_9006.mp4,20241120,2,CFD,5,B,no,9006,
20241120_Box_2_CFD_Day_5_(Context_B)_9008,0.0,0.0,0.0,0.0,0.0,0.0,0.0,0.0,0.0,0.0,0.0,0.0,0.0,0.0,0.0,0.0,0.0,0.0,0.0,0.0,0.0,0.005749258160237389,0.000370919881305638,0.0,0.002040059347181009,0.0,0.009458456973293769,0.0,0.000185459940652819,0.018545994065281898,0.0066765578635014835,0.0,0.0,0.000741839762611276,0.010385756676557863,0.06676557863501484,0.0,0.0066765578635014835,0.0025964391691394658,0.000185459940652819,0.00556379821958457,0.0,0.000556379821958457,0.000185459940652819,0.0,0.0,0.002781899109792285,0.020586053412462908,0.000556379821958457,0.004265578635014837,0.024480712166172106,20241120_Box_2_CFD_Day_5_(Context_B)_9008.mp4,20241120,2,CFD,5,B,no,9008,
20241120_Box_2_CFD_Day_5_(Context_B)_9010,0.0,0.0,0.0,0.0,0.0,0.0,0.0,0.0007419773696902244,0.0,0.0,0.0,0.0,0.0,0.0014839547393804488,0.0007419773696902244,0.0,0.0005564830272676684,0.0,0.0025969207939157855,0.7979966611018364,0.0,0.0,0.0,0.0,0.0009274717121127806,0.0,0.0001854943424225561,0.0,0.0,0.0,0.0,0.0,0.0,0.0,0.0,0.0,0.0,0.0,0.0,0.0,0.0,0.0,0.0,0.0,0.0,0.0,0.0,0.0,0.0,0.0,0.0,20241120_Box_2_CFD_Day_5_(Context_B)_9010.mp4,20241120,2,CFD,5,B,no,9010,
20241120_Box_2_CFD_Day_5_(Context_B)_9012,0.0,0.0,0.0,0.0,0.0,0.0,0.0,0.0,0.0,0.0,0.0,0.0,0.0,0.0,0.0,0.0,0.0,0.0,0.0,0.8126854599406528,0.0,0.0,0.000370919881305638,0.0,0.0012982195845697329,0.0,0.000185459940652819,0.0,0.0,0.0,0.0,0.0,0.0,0.0,0.0,0.0,0.0,0.0,0.0,0.0,0.0,0.0,0.0,0.0,0.0,0.0,0.0,0.0,0.0,0.0,0.0,20241120_Box_2_CFD_Day_5_(Context_B)_9012.mp4,20241120,2,CFD,5,B,no,9012,
20241120_Box_2_CFD_Day_5_(Context_B)_9014,0.0,0.0,0.0027824151363383415,0.0,0.0,0.0,0.0,0.0,0.0,0.0,0.0,0.0,0.0,0.0007419773696902244,0.0001854943424225561,0.0,0.829530699313671,0.010944166202930811,0.004451864218141347,0.020218883324058617,0.0,0.0,0.0,0.0,0.0,0.0,0.0,0.0,0.0,0.0,0.0,0.0,0.0,0.0,0.0,0.0,0.0,0.0,0.0,0.0,0.0,0.0,0.0,0.0,0.0,0.0,0.0,0.0,0.0,0.0,0.0,20241120_Box_2_CFD_Day_5_(Context_B)_9014.mp4,20241120,2,CFD,5,B,no,9014,
20241120_Box_2_CFD_Day_5_(Context_B)_9016,0.0,0.0,0.6314910979228486,0.0,0.0,0.0,0.0,0.000741839762611276,0.0,0.0,0.0,0.0,0.0,0.0,0.000370919881305638,0.000185459940652819,0.010756676557863502,0.001483679525222552,0.02559347181008902,0.10923590504451039,0.0,0.0,0.0,0.000185459940652819,0.004080118694362018,0.0,0.000185459940652819,0.0,0.0,0.0,0.0,0.0,0.0,0.0,0.0,0.000927299703264095,0.0,0.0,0.0,0.0,0.000185459940652819,0.0,0.0,0.0,0.0,0.0,0.000185459940652819,0.0,0.0,0.0,0.0,20241120_Box_2_CFD_Day_5_(Context_B)_9016.mp4,20241120,2,CFD,5,B,no,9016,
20241121_Box_1_CFD_Day_6_(Context_A)_9001,0.05061885115836243,0.0,0.0,0.0004760393525864805,0.0,0.0,0.0,0.0,0.0,0.0,0.00031735956839098697,0.0,0.027927642018406855,0.0,0.004919073310060298,0.0,0.0,0.0,0.0,0.0,0.0,0.0017454776261504284,0.0,0.0,0.0,0.00015867978419549348,0.0,0.00015867978419549348,0.0,0.0,0.0017454776261504284,0.0,0.037448429070136464,0.008886067914947636,0.005395112662646779,0.07457949857188194,0.0,0.007616629641383688,0.0014281180577594415,0.015867978419549348,0.0011107584893684545,0.0025388765471278957,0.0036496350364963502,0.006188511583624246,0.014757219930180894,0.0,0.014757219930180894,0.004284354173278325,0.0017454776261504284,0.0012694382735639479,0.0,20241121_Box_1_CFD_Day_6_(Context_A)_9001.mp4,20241121,1,CFD,6,A,no,9001,
20241121_Box_1_CFD_Day_6_(Context_A)_9003,0.0,0.0,0.0,0.0,0.0,0.0,0.0,0.0,0.0,0.0,0.0,0.0,0.0,0.0,0.00682323072040622,0.0,0.0,0.0,0.0,0.0,0.0,0.0,0.0,0.0,0.0007933989209774674,0.0,0.0,0.0,0.0,0.0,0.0,0.0,0.0,0.0015867978419549348,0.0004760393525864805,0.000952078705172961,0.0,0.00015867978419549348,0.0012694382735639479,0.0004760393525864805,0.00015867978419549348,0.0,0.0,0.0,0.0,0.0,0.0004760393525864805,0.0,0.0,0.0,0.0,20241121_Box_1_CFD_Day_6_(Context_A)_9003.mp4,20241121,1,CFD,6,A,no,9003,
20241121_Box_1_CFD_Day_6_(Context_A)_9005,0.0,0.0,0.0,0.0,0.0,0.0,0.0,0.0,0.0,0.0,0.3870814156483098,0.0,0.02840818917632122,0.0,0.007459133470877639,0.0,0.0,0.0,0.0,0.0,0.0,0.006348198698619267,0.0,0.0,0.0,0.0,0.0,0.0,0.0,0.0,0.0,0.0,0.004285034121568005,0.0,0.0,0.0,0.0,0.0,0.0003174099349309633,0.039517536898904936,0.006189493731153785,0.0,0.0,0.010633232820187272,0.014759561974289796,0.0,0.06919536581495,0.026345024599269958,0.002380574511982225,0.0012696397397238533,0.0,20241121_Box_1_CFD_Day_6_(Context_A)_9005.mp4,20241121,1,CFD,6,A,no,9005,
20241121_Box_1_CFD_Day_6_(Context_A)_9007,0.0,0.0,0.0,0.0,0.0,0.0,0.0,0.0,0.02491272611869248,0.0,0.0,0.0,0.00015867978419549348,0.0,0.010631545541098065,0.0,0.0,0.0,0.0,0.0,0.0,0.011900983814662012,0.0,0.0,0.0,0.0,0.0,0.026658203744842908,0.0,0.0007933989209774674,0.021104411298000635,0.0004760393525864805,0.0,0.011583624246271025,0.0026975563313233896,0.04506505871152015,0.0,0.0020628371945414156,0.0017454776261504284,0.017613456045699777,0.011742304030466518,0.004760393525864805,0.00015867978419549348,0.001904157410345922,0.003808314820691844,0.0,0.008410028562361156,0.010314185972707076,0.0012694382735639479,0.002221516978736909,0.01729609647730879,20241121_Box_1_CFD_Day_6_(Context_A)_9007.mp4,20241121,1,CFD,6,A,no,9007,
20241121_Box_1_CFD_Day_6_(Context_A)_9009,0.0,0.0364963503649635,0.0,0.06156775626785148,0.0,0.0,0.0,0.0,0.0,0.0,0.0,0.0,0.0,0.0,0.006029831799428753,0.0,0.0,0.0,0.0,0.0,0.0,0.003966994604887337,0.004284354173278325,0.0,0.0026975563313233896,0.0004760393525864805,0.0017454776261504284,0.0,0.0011107584893684545,0.0015867978419549348,0.0020628371945414156,0.0,0.0,0.0,0.0004760393525864805,0.0364963503649635,0.0,0.00031735956839098697,0.0,0.0,0.004125674389082831,0.0006347191367819739,0.0,0.0017454776261504284,0.004919073310060298,0.0,0.0007933989209774674,0.005712472231037766,0.0,0.0,0.00031735956839098697,20241121_Box_1_CFD_Day_6_(Context_A)_9009.mp4,20241121,1,CFD,6,A,no,9009,
20241121_Box_1_CFD_Day_6_(Context_A)_9011,0.0,0.0,0.0,0.0,0.0,0.0,0.0,0.0,0.0,0.0,0.0,0.0,0.008887478178066973,0.0,0.0076178384383431205,0.0,0.0,0.0,0.0,0.0,0.0,0.0030153943818441516,0.0,0.0,0.0,0.0,0.0,0.0,0.0,0.0009522298047928901,0.012696397397238534,0.0,0.014600857006824314,0.0017457546421202983,0.0,0.11871131566418029,0.0,0.00015870496746548166,0.006030788763688303,0.04808760514204095,0.0030153943818441516,0.00015870496746548166,0.0,0.00015870496746548166,0.0,0.0,0.013172512299634979,0.0076178384383431205,0.00476114902396445,0.011109347722583717,0.00047611490239644503,20241121_Box_1_CFD_Day_6_(Context_A)_9011.mp4,20241121,1,CFD,6,A,no,9011,
20241121_Box_1_CFD_Day_6_(Context_A)_9013,0.0,0.0,0.0,0.1705537045851182,0.0,0.0,0.0,0.0,0.0,0.0,0.0,0.0,0.011105822624147232,0.0,0.004125019831826115,0.0,0.0,0.0,0.0,0.0,0.0,0.0026971283515786135,0.0,0.0,0.0,0.0,0.0,0.0,0.0,0.0036490560050769475,0.0028557829604950024,0.00031730921783277807,0.011740441059812787,0.01618277010947168,0.008567348881485007,0.019197207678883072,0.0,0.0017452006980802793,0.0,0.0034904013961605585,0.0025384737426622245,0.0015865460891638901,0.0,0.0019038553069966682,0.0012692368713311123,0.0,0.00475963826749167,0.00650483896557195,0.0026971283515786135,0.00031730921783277807,0.009995240361732508,20241121_Box_1_CFD_Day_6_(Context_A)_9013.mp4,20241121,1,CFD,6,A,no,9013,
20241121_Box_1_CFD_Day_6_(Context_A)_9015,0.0,0.0,0.0,0.0,0.0,0.0,0.020628371945414153,0.0,0.0,0.0,0.0,0.0,0.00031735956839098697,0.0,0.011107584893684545,0.0,0.0,0.0,0.0,0.0,0.0,0.0077753094255791815,0.0,0.0,0.06267851475721993,0.0,0.0017454776261504284,0.0,0.00031735956839098697,0.00031735956839098697,0.0007933989209774674,0.0,0.0011107584893684545,0.0020628371945414156,0.010155506188511583,0.054903205331640746,0.0,0.0006347191367819739,0.0007933989209774674,0.008886067914947636,0.005712472231037766,0.0015867978419549348,0.00015867978419549348,0.0011107584893684545,0.0,0.0,0.07775309425579181,0.011900983814662012,0.004443033957473818,0.0020628371945414156,0.01682005712472231,20241121_Box_1_CFD_Day_6_(Context_A)_9015.mp4,20241121,1,CFD,6,A,no,9015,
20241121_Box_1_CFD_Day_6_(Context_B)_9001,0.0,0.0,0.0,0.0,0.0,0.0,0.0,0.0,0.0,0.0,0.0,0.012984603969578928,0.0,0.0,0.0014839547393804488,0.0,0.0,0.0,0.0,0.7473567056204786,0.0,0.0,0.0,0.0,0.02003338898163606,0.0001854943424225561,0.0,0.0,0.0,0.0,0.0,0.0,0.0,0.0,0.0,0.0,0.0,0.0,0.0,0.0,0.0,0.0,0.0,0.0,0.0,0.0,0.0,0.0,0.0,0.0,0.0,20241121_Box_1_CFD_Day_6_(Context_B)_9001.mp4,20241121,1,CFD,6,B,no,9001,
20241121_Box_1_CFD_Day_6_(Context_B)_9003,0.0,0.0,0.0,0.0,0.0,0.0,0.0,0.0,0.0,0.0,0.0,0.0,0.0,0.006120178041543026,0.0016691394658753709,0.0,0.0,0.0,0.0,0.8879821958456974,0.0,0.0,0.0,0.0,0.0,0.0,0.0,0.0,0.0,0.0,0.0,0.0,0.0,0.0,0.0,0.0,0.0,0.0,0.0,0.0,0.0,0.0,0.0,0.0,0.0,0.0,0.0,0.0,0.0,0.0,0.0,20241121_Box_1_CFD_Day_6_(Context_B)_9003.mp4,20241121,1,CFD,6,B,no,9003,
20241121_Box_1_CFD_Day_6_(Context_B)_9005,0.0,0.0,0.0,0.0,0.0,0.0,0.0,0.0,0.0,0.0,0.0,0.019291411611945836,0.0,0.0003709886848451122,0.0007419773696902244,0.0001854943424225561,0.0,0.0,0.0001854943424225561,0.6321647189760712,0.0,0.0007419773696902244,0.0005564830272676684,0.0,0.015952513448339825,0.0014839547393804488,0.0007419773696902244,0.0,0.0,0.0,0.0,0.0,0.0,0.0,0.0,0.0,0.0,0.0,0.0,0.0,0.0003709886848451122,0.0,0.0,0.0,0.0,0.0,0.0001854943424225561,0.0,0.0,0.0,0.0,20241121_Box_1_CFD_Day_6_(Context_B)_9005.mp4,20241121,1,CFD,6,B,no,9005,
20241121_Box_1_CFD_Day_6_(Context_B)_9007,0.0,0.0,0.0,0.0,0.0,0.0,0.0,0.0,0.0,0.0,0.0,0.01001669449081803,0.0,0.0,0.0,0.0,0.0,0.0,0.0,0.7647931738081989,0.0,0.0001854943424225561,0.0,0.0,0.016508996475607492,0.0014839547393804488,0.0007419773696902244,0.0,0.0,0.0,0.0,0.0,0.0,0.001669449081803005,0.0001854943424225561,0.0,0.0,0.0,0.0,0.0,0.0003709886848451122,0.0,0.0,0.0,0.0,0.0,0.0,0.0,0.0,0.0,0.0,20241121_Box_1_CFD_Day_6_(Context_B)_9007.mp4,20241121,1,CFD,6,B,no,9007,
20241121_Box_1_CFD_Day_6_(Context_B)_9009,0.0,0.0,0.0,0.0,0.0,0.0,0.0,0.0,0.0,0.0,0.0,0.0,0.0,0.0,0.0,0.0,0.0,0.0,0.0,0.0,0.0,0.0014839547393804488,0.0,0.0,0.0005564830272676684,0.0,0.0,0.0001854943424225561,0.0,0.0022259321090706734,0.019847894639213503,0.0,0.0,0.009460211463550361,0.0020404377666481174,0.026896679651270638,0.0,0.021888332405861622,0.001669449081803005,0.0014839547393804488,0.001669449081803005,0.003524392506028566,0.009831200148395475,0.0,0.0,0.0,0.02337228714524207,0.009089222778705249,0.0005564830272676684,0.0,0.016138007790762382,20241121_Box_1_CFD_Day_6_(Context_B)_9009.mp4,20241121,1,CFD,6,B,no,9009,
20241121_Box_1_CFD_Day_6_(Context_B)_9011,0.0,0.0,0.0,0.0,0.0,0.0,0.0,0.0,0.0,0.0,0.0,0.0003709886848451122,0.0,0.0011129660545353367,0.005379335930254127,0.0,0.0,0.0,0.0009274717121127806,0.7855685401595252,0.0,0.0011129660545353367,0.0001854943424225561,0.0,0.01335559265442404,0.0,0.005008347245409015,0.0,0.0,0.0,0.0,0.0,0.0,0.0,0.0,0.0,0.0,0.0,0.0,0.0,0.0007419773696902244,0.0,0.0,0.0,0.0,0.0,0.0,0.0,0.0,0.0,0.0,20241121_Box_1_CFD_Day_6_(Context_B)_9011.mp4,20241121,1,CFD,6,B,no,9011,
20241121_Box_1_CFD_Day_6_(Context_B)_9013,0.0,0.0,0.0,0.0,0.0,0.0,0.0,0.037655351511778894,0.0,0.0,0.0,0.0001854943424225561,0.0,0.0,0.0,0.0001854943424225561,0.0,0.0,0.021888332405861622,0.6171396772398442,0.0,0.0,0.0003709886848451122,0.0,0.005193841587831571,0.0,0.0001854943424225561,0.0,0.0,0.0,0.0,0.0,0.0,0.0,0.0,0.0,0.0,0.0,0.0,0.0,0.0,0.0,0.0,0.0,0.0,0.0,0.0,0.0,0.0,0.0,0.0,20241121_Box_1_CFD_Day_6_(Context_B)_9013.mp4,20241121,1,CFD,6,B,no,9013,
20241121_Box_1_CFD_Day_6_(Context_B)_9015,0.0,0.0,0.0,0.0,0.0,0.0,0.0,0.000185459940652819,0.0,0.0,0.0,0.0,0.0,0.0,0.004080118694362018,0.0,0.0,0.0,0.000185459940652819,0.8449554896142433,0.0,0.0,0.0,0.0,0.000185459940652819,0.0,0.000185459940652819,0.0,0.0,0.0,0.0,0.0,0.0,0.0,0.0,0.0,0.0,0.0,0.0,0.0,0.000185459940652819,0.0,0.0,0.0,0.0,0.0,0.0,0.0,0.0,0.0,0.0,20241121_Box_1_CFD_Day_6_(Context_B)_9015.mp4,20241121,1,CFD,6,B,no,9015,
20241121_Box_2_CFD_Day_6_(Context_A)_9002,0.0,0.0,0.0,0.0,0.0,0.0,0.0,0.0,0.0,0.0,0.0,0.0,0.0,0.0,0.0026984126984126986,0.0,0.0,0.0,0.0,0.0014285714285714286,0.0,0.0346031746031746,0.0019047619047619048,0.0,0.0006349206349206349,0.0,0.006666666666666667,0.0,0.0006349206349206349,0.0,0.0,0.0,0.0,0.005396825396825397,0.0,0.00031746031746031746,0.0,0.0,0.0,0.00015873015873015873,0.03380952380952381,0.00015873015873015873,0.0012698412698412698,0.005555555555555556,0.0,0.0,0.12492063492063492,0.0004761904761904762,0.004920634920634921,0.00031746031746031746,0.003968253968253968,20241121_Box_2_CFD_Day_6_(Context_A)_9002.mp4,20241121,2,CFD,6,A,no,9002,
20241121_Box_2_CFD_Day_6_(Context_A)_9004,0.0,0.0,0.0,0.0,0.0,0.0,0.0,0.0,0.0,0.0,0.0,0.0,0.0,0.0,0.001428344707189335,0.0,0.0,0.0,0.0,0.005078558958895413,0.5583240755435646,0.0012696397397238533,0.05824472305983177,0.0,0.021425170607840025,0.0,0.06617997143310586,0.0,0.03475638787494049,0.0,0.0,0.0,0.0,0.0,0.0,0.0003174099349309633,0.0,0.0015870496746548167,0.0011109347722583717,0.0007935248373274084,0.0006348198698619266,0.0,0.0007935248373274084,0.0031740993493096334,0.0022218695445167433,0.0,0.012061577527376606,0.0,0.0,0.0,0.0,20241121_Box_2_CFD_Day_6_(Context_A)_9004.mp4,20241121,2,CFD,6,A,no,9004,
20241121_Box_2_CFD_Day_6_(Context_A)_9006,0.0,0.0,0.0,0.0,0.0,0.0,0.0,0.0,0.0,0.0,0.0,0.0,0.0,0.0,0.0050777530942557915,0.0,0.0,0.0,0.0,0.00015867978419549348,0.0,0.021104411298000635,0.008410028562361156,0.0,0.0033322754681053635,0.0004760393525864805,0.008886067914947636,0.00031735956839098697,0.022056490003173595,0.0,0.0,0.00015867978419549348,0.0,0.011107584893684545,0.0,0.00015867978419549348,0.0,0.0,0.00015867978419549348,0.0,0.01808949539828626,0.003808314820691844,0.0,0.0,0.0,0.0,0.0023801967629324024,0.004601713741669311,0.00031735956839098697,0.0030149158997143763,0.007457949857188194,20241121_Box_2_CFD_Day_6_(Context_A)_9006.mp4,20241121,2,CFD,6,A,no,9006,
20241121_Box_2_CFD_Day_6_(Context_A)_9008,0.009839707982859864,0.0,0.0,0.0,0.0,0.029201714013648628,0.0,0.0,0.0,0.0,0.0,0.0,0.0,0.0,0.00857006824313601,0.0,0.0,0.0,0.0,0.0,0.0,0.0019044596095857801,0.0,0.0,0.0,0.0,0.0,0.0,0.0,0.009998412950325344,0.04491350579273131,0.0,0.02285351531502936,0.006824313601015711,0.0003174099349309633,0.1125218219330265,0.0,0.0003174099349309633,0.00047611490239644503,0.0,0.0022218695445167433,0.0,0.00015870496746548166,0.0012696397397238533,0.0011109347722583717,0.0,0.001428344707189335,0.031106173623234406,0.0,0.0,0.026027614664338995,20241121_Box_2_CFD_Day_6_(Context_A)_9008.mp4,20241121,2,CFD,6,A,no,9008,
20241121_Box_2_CFD_Day_6_(Context_A)_9010,0.0,0.0,0.0,0.0,0.0,0.0,0.0,0.0,0.0,0.0,0.0,0.0,0.0,0.0,0.0011109347722583717,0.0,0.0,0.0,0.0,0.0,0.00047611490239644503,0.018409776225995874,0.04634185049992065,0.0,0.001428344707189335,0.0,0.08697032217108396,0.021425170607840025,0.0631645770512617,0.0,0.0,0.0,0.0011109347722583717,0.0,0.0,0.0,0.0,0.00015870496746548166,0.00015870496746548166,0.00015870496746548166,0.018727186160926838,0.0,0.0,0.10712585303920012,0.23313759720679259,0.00015870496746548166,0.005872083796222821,0.0,0.006348198698619267,0.00015870496746548166,0.0,20241121_Box_2_CFD_Day_6_(Context_A)_9010.mp4,20241121,2,CFD,6,A,no,9010,
20241121_Box_2_CFD_Day_6_(Context_A)_9012,0.0,0.0,0.0,0.0,0.0,0.02935110264953197,0.0,0.0,0.0,0.0,0.0,0.00015865460891638903,0.0,0.0,0.0,0.0,0.0,0.0,0.0,0.0,0.0,0.003966365222909726,0.0009519276534983341,0.0,0.0,0.0,0.00015865460891638903,0.0,0.0,0.00047596382674916705,0.0,0.0,0.0,0.0390290337934317,0.0026971283515786135,0.015865460891638903,0.0009519276534983341,0.004125019831826115,0.032682849436776136,0.00031730921783277807,0.003966365222909726,0.0,0.00031730921783277807,0.019673171505632237,0.06473108043788672,0.0,0.002379819133745835,0.004918292876408059,0.0,0.0009519276534983341,0.01650007932730446,20241121_Box_2_CFD_Day_6_(Context_A)_9012.mp4,20241121,2,CFD,6,A,no,9012,
20241121_Box_2_CFD_Day_6_(Context_A)_9014,0.0,0.0,0.0,0.0,0.0,0.0,0.0,0.0,0.0,0.0,0.0,0.0,0.0,0.0,0.003808314820691844,0.0,0.0,0.0,0.0,0.00015867978419549348,0.00015867978419549348,0.005712472231037766,0.00856870834655665,0.27007299270072993,0.058711520152332594,0.010472865756902571,0.0077753094255791815,0.0,0.013487781656616947,0.00015867978419549348,0.015550618851158363,0.0,0.0,0.015074579498571881,0.0004760393525864805,0.016185337987940335,0.0,0.001904157410345922,0.00031735956839098697,0.00015867978419549348,0.006029831799428753,0.0,0.0,0.0015867978419549348,0.004919073310060298,0.0,0.0031735956839098697,0.019200253887654714,0.00031735956839098697,0.0007933989209774674,0.016502697556331325,20241121_Box_2_CFD_Day_6_(Context_A)_9014.mp4,20241121,2,CFD,6,A,no,9014,
20241121_Box_2_CFD_Day_6_(Context_A)_9016,0.0,0.0,0.0,0.0,0.0,0.0,0.0,0.0,0.0,0.0,0.0,0.0,0.0,0.0,0.0,0.0,0.0,0.0,0.0,0.0,0.0,0.007459133470877639,0.012537692429773052,0.00015870496746548166,0.004443739089033487,0.0,0.031106173623234406,0.25726075226154577,0.02015553086811617,0.0,0.0,0.0,0.0030153943818441516,0.0003174099349309633,0.0,0.009046183145532455,0.0,0.0012696397397238533,0.0,0.0003174099349309633,0.006824313601015711,0.00015870496746548166,0.0,0.016664021583875574,0.01793366132359943,0.0,0.02174258054277099,0.0046024440564989685,0.0022218695445167433,0.0,0.0,20241121_Box_2_CFD_Day_6_(Context_A)_9016.mp4,20241121,2,CFD,6,A,no,9016,
20241121_Box_2_CFD_Day_6_(Context_B)_9002,0.0,0.0,0.0,0.0,0.2813427299703264,0.0,0.0,0.0,0.0,0.0,0.0,0.0,0.0,0.12648367952522255,0.001483679525222552,0.0,0.0,0.0,0.0,0.002410979228486647,0.0,0.003152818991097923,0.000185459940652819,0.0,0.0066765578635014835,0.0,0.034866468842729974,0.0,0.0,0.006305637982195846,0.000927299703264095,0.0,0.0,0.00370919881305638,0.000741839762611276,0.012611275964391691,0.0,0.0,0.000927299703264095,0.0,0.003152818991097923,0.0,0.000370919881305638,0.0,0.0,0.0,0.001112759643916914,0.000185459940652819,0.000185459940652819,0.0,0.006305637982195846,20241121_Box_2_CFD_Day_6_(Context_B)_9002.mp4,20241121,2,CFD,6,B,no,9002,
20241121_Box_2_CFD_Day_6_(Context_B)_9004,0.0,0.0,0.0,0.0,0.0,0.0,0.0,0.0,0.0,0.0,0.0,0.0,0.0,0.0,0.0007419773696902244,0.0,0.0,0.0,0.0,0.0,0.0,0.03524392506028566,0.0,0.0,0.012613615284733816,0.0,0.04359117046930069,0.0,0.004822852902986459,0.018178445557410498,0.0029679094787608976,0.0001854943424225561,0.0,0.0853273975143758,0.003153403821183454,0.04155073270265257,0.0,0.009274717121127806,0.005379335930254127,0.0003709886848451122,0.03468744203301799,0.004451864218141347,0.0005564830272676684,0.0,0.0,0.0,0.013541086996846596,0.004266369875718791,0.0027824151363383415,0.0003709886848451122,0.001669449081803005,20241121_Box_2_CFD_Day_6_(Context_B)_9004.mp4,20241121,2,CFD,6,B,no,9004,
20241121_Box_2_CFD_Day_6_(Context_B)_9006,0.0,0.0,0.0,0.11166759413837878,0.0,0.0,0.0,0.0,0.0,0.0,0.0,0.0,0.0,0.0,0.0,0.0,0.0,0.0,0.0,0.0,0.0,0.005935818957521795,0.0,0.0,0.012984603969578928,0.0,0.010944166202930811,0.0,0.0,0.05787423483583751,0.01854943424225561,0.0,0.0,0.001669449081803005,0.0003709886848451122,0.03005008347245409,0.0,0.0011129660545353367,0.04136523836023001,0.0011129660545353367,0.005564830272676683,0.0,0.0,0.0001854943424225561,0.0,0.0,0.04192172138749768,0.0024114264514932295,0.007976256724169913,0.011315154887775923,0.005379335930254127,20241121_Box_2_CFD_Day_6_(Context_B)_9006.mp4,20241121,2,CFD,6,B,no,9006,
20241121_Box_2_CFD_Day_6_(Context_B)_9008,0.0,0.0,0.003709886848451122,0.0,0.0,0.0,0.0,0.0005564830272676684,0.0,0.0,0.0,0.0007419773696902244,0.0,0.0,0.013541086996846596,0.0007419773696902244,0.0,0.07345575959933222,0.16397699870153962,0.20589872008903728,0.0001854943424225561,0.0024114264514932295,0.0029679094787608976,0.0011129660545353367,0.03431645334817288,0.0025969207939157855,0.005750324615099239,0.0,0.0014839547393804488,0.0,0.0,0.0024114264514932295,0.0,0.0,0.0,0.0,0.0,0.0,0.0,0.0,0.0020404377666481174,0.0,0.0,0.0,0.0,0.0,0.0005564830272676684,0.0001854943424225561,0.0,0.0,0.0001854943424225561,20241121_Box_2_CFD_Day_6_(Context_B)_9008.mp4,20241121,2,CFD,6,B,no,9008,
20241121_Box_2_CFD_Day_6_(Context_B)_9010,0.0,0.0,0.0,0.0,0.0,0.0,0.0,0.0,0.0,0.04821958456973294,0.0,0.0,0.000370919881305638,0.0,0.0,0.0,0.0,0.0,0.0,0.000556379821958457,0.0,0.028004451038575667,0.0,0.0,0.0,0.0,0.002225519287833828,0.0,0.0,0.0,0.030786350148367954,0.0,0.0,0.000370919881305638,0.000185459940652819,0.06713649851632048,0.0,0.010756676557863502,0.012054896142433234,0.0033382789317507417,0.024666172106824927,0.0,0.00556379821958457,0.008345697329376855,0.0,0.0,0.07066023738872404,0.03449554896142433,0.001112759643916914,0.0051928783382789315,0.022811572700296736,20241121_Box_2_CFD_Day_6_(Context_B)_9010.mp4,20241121,2,CFD,6,B,no,9010,
20241121_Box_2_CFD_Day_6_(Context_B)_9012,0.0,0.0,0.0,0.0,0.0,0.0,0.0,0.0,0.0,0.0,0.0,0.0,0.0,0.0,0.0,0.0,0.0,0.0,0.0,0.0,0.0,0.002225519287833828,0.0,0.0,0.0,0.0,0.000185459940652819,0.0,0.0,0.004451038575667656,0.13779673590504452,0.0,0.0,0.002967359050445104,0.012611275964391691,0.06658011869436202,0.0,0.0,0.0,0.000370919881305638,0.002225519287833828,0.0,0.000741839762611276,0.000370919881305638,0.0,0.0,0.000927299703264095,0.013353115727002967,0.0,0.003152818991097923,0.00741839762611276,20241121_Box_2_CFD_Day_6_(Context_B)_9012.mp4,20241121,2,CFD,6,B,no,9012,
20241121_Box_2_CFD_Day_6_(Context_B)_9014,0.01854943424225561,0.0,0.0,0.0,0.0,0.0,0.0,0.0,0.0,0.0,0.0,0.0,0.0,0.0,0.0,0.0,0.0,0.0,0.0,0.0,0.0,0.0005564830272676684,0.0,0.0,0.0,0.0,0.0,0.0,0.0,0.0,0.6807642366907809,0.0,0.0022259321090706734,0.0,0.0,0.0,0.0,0.0,0.0,0.0,0.0005564830272676684,0.0,0.0,0.0,0.0,0.0,0.0,0.010387683175663142,0.0,0.0,0.014654053051381934,20241121_Box_2_CFD_Day_6_(Context_B)_9014.mp4,20241121,2,CFD,6,B,no,9014,
20241121_Box_2_CFD_Day_6_(Context_B)_9016,0.0,0.0,0.0,0.0,0.0,0.0,0.0,0.0,0.0011131725417439704,0.0,0.0,0.0,0.0,0.0,0.0,0.0,0.0,0.0,0.0,0.0,0.0,0.002968460111317254,0.0,0.0,0.0,0.0,0.009833024118738404,0.0,0.00018552875695732838,0.0009276437847866419,0.017996289424860853,0.0,0.0035250463821892395,0.014100185528756958,0.0016697588126159556,0.137847866419295,0.0,0.002968460111317254,0.0,0.0,0.0031539888682745824,0.0,0.00018552875695732838,0.0,0.0,0.0,0.0012987012987012987,0.035435992578849725,0.0,0.0018552875695732839,0.023376623376623377,20241121_Box_2_CFD_Day_6_(Context_B)_9016.mp4,20241121,2,CFD,6,B,no,9016,
20241122_Box_1_CFD_Day_7_(Context_A)_9001,0.0,0.0,0.0,0.0,0.0,0.0,0.0,0.0,0.0,0.0,0.032053316407489686,0.0,0.018882894319263727,0.0,0.0036496350364963502,0.0,0.0,0.0,0.0,0.0,0.0,0.03221199619168518,0.0,0.0,0.0,0.0,0.0,0.0,0.0,0.0,0.0,0.0,0.009838146620120596,0.00015867978419549348,0.0,0.032846715328467155,0.0,0.003966994604887337,0.0050777530942557915,0.030625198349730244,0.02396064741351952,0.0,0.00031735956839098697,0.03268803554427166,0.00682323072040622,0.0,0.15233259282767375,0.004601713741669311,0.01317042208822596,0.0017454776261504284,0.0072992700729927005,20241122_Box_1_CFD_Day_7_(Context_A)_9001.mp4,20241122,1,CFD,7,A,no,9001,
20241122_Box_1_CFD_Day_7_(Context_A)_9003,0.0,0.0,0.0,0.0,0.0,0.0,0.0,0.0,0.0,0.0,0.0,0.0007933989209774674,0.0,0.0,0.00856870834655665,0.0,0.0,0.0,0.0,0.0011107584893684545,0.0,0.023008568708346555,0.002221516978736909,0.009838146620120596,0.04093938432243732,0.0030149158997143763,0.004284354173278325,0.0,0.0,0.0,0.0,0.0,0.0,0.0,0.0,0.0,0.013329101872421454,0.0,0.00015867978419549348,0.0,0.023008568708346555,0.0,0.0,0.03094255791812123,0.3270390352269121,0.03348143446524913,0.0025388765471278957,0.0,0.00031735956839098697,0.0,0.0,20241122_Box_1_CFD_Day_7_(Context_A)_9003.mp4,20241122,1,CFD,7,A,no,9003,
20241122_Box_1_CFD_Day_7_(Context_A)_9005,0.0,0.0,0.0,0.0,0.0,0.0,0.0,0.0,0.0,0.0,0.0,0.0,0.010472865756902571,0.0,0.011424944462075532,0.0,0.0,0.0,0.0,0.0,0.0,0.0004760393525864805,0.0,0.00031735956839098697,0.00031735956839098697,0.0,0.0,0.0,0.00015867978419549348,0.0,0.0,0.0,0.02142177086639162,0.0,0.0,0.0017454776261504284,0.0,0.0,0.0,0.04601713741669311,0.0004760393525864805,0.10948905109489052,0.0,0.026975563313233895,0.017454776261504285,0.0,0.1194858774992066,0.0,0.0004760393525864805,0.0,0.0,20241122_Box_1_CFD_Day_7_(Context_A)_9005.mp4,20241122,1,CFD,7,A,no,9005,
20241122_Box_1_CFD_Day_7_(Context_A)_9007,0.0,0.0,0.0,0.0,0.0,0.0,0.0,0.0,0.001428344707189335,0.0,0.0,0.0,0.009839707982859864,0.0,0.010791937787652753,0.0,0.0,0.0,0.0,0.0,0.0,0.0020631645770512615,0.0,0.0,0.0,0.0,0.0,0.0,0.0,0.0,0.2753531185526107,0.0033328043167751152,0.0,0.002380574511982225,0.0038089192191715603,0.028725599111252182,0.0,0.0,0.0017457546421202983,0.0726868750991906,0.0015870496746548167,0.017616251388668465,0.0003174099349309633,0.0,0.0,0.0,0.04650055546738613,0.0003174099349309633,0.00015870496746548166,0.0009522298047928901,0.00285668941437867,20241122_Box_1_CFD_Day_7_(Context_A)_9007.mp4,20241122,1,CFD,7,A,no,9007,
20241122_Box_1_CFD_Day_7_(Context_A)_9009,0.0,0.0,0.0,0.0,0.0,0.0,0.0,0.0,0.0,0.0,0.0,0.0,0.049190733100602985,0.0,0.0050777530942557915,0.0,0.0,0.0,0.0,0.0,0.0,0.013487781656616947,0.0,0.0,0.0,0.0,0.0,0.0,0.0,0.0,0.0072992700729927005,0.0,0.07775309425579181,0.0026975563313233896,0.00015867978419549348,0.023008568708346555,0.0,0.0025388765471278957,0.0,0.008727388130752143,0.013487781656616947,0.0,0.0006347191367819739,0.006347191367819739,0.0014281180577594415,0.0,0.006188511583624246,0.008410028562361156,0.011742304030466518,0.010314185972707076,0.0033322754681053635,20241122_Box_1_CFD_Day_7_(Context_A)_9009.mp4,20241122,1,CFD,7,A,no,9009,
20241122_Box_1_CFD_Day_7_(Context_A)_9011,0.0,0.0,0.0,0.0,0.0,0.0,0.0,0.0,0.0,0.0,0.0,0.0,0.02237384957156458,0.0,0.003966994604887337,0.0,0.0,0.0,0.0,0.0,0.0,0.004601713741669311,0.0,0.0,0.0,0.0,0.0,0.0,0.0,0.0004760393525864805,0.042367502380196764,0.0,0.27721358298952714,0.008092668993970167,0.0,0.057918121231355126,0.0,0.0026975563313233896,0.00031735956839098697,0.01634401777213583,0.004601713741669311,0.0,0.0004760393525864805,0.004284354173278325,0.0011107584893684545,0.0,0.018882894319263727,0.0023801967629324024,0.003966994604887337,0.018724214535068232,0.0020628371945414156,20241122_Box_1_CFD_Day_7_(Context_A)_9011.mp4,20241122,1,CFD,7,A,no,9011,
20241122_Box_1_CFD_Day_7_(Context_A)_9013,0.0,0.0,0.0,0.0,0.0,0.0,0.0,0.0,0.0,0.0,0.0,0.0,0.0007933989209774674,0.0,0.0015867978419549348,0.0,0.0,0.0,0.0,0.0,0.0,0.012694382735639479,0.0,0.0,0.0,0.0,0.0,0.0,0.0,0.005871152015233259,0.0,0.0,0.0,0.0,0.0011107584893684545,0.1048873373532212,0.0,0.020628371945414153,0.0012694382735639479,0.05220564900031736,0.011742304030466518,0.000952078705172961,0.003490955252300857,0.011742304030466518,0.0011107584893684545,0.0,0.054109806410663285,0.012377023167248492,0.010155506188511583,0.003966994604887337,0.0072992700729927005,20241122_Box_1_CFD_Day_7_(Context_A)_9013.mp4,20241122,1,CFD,7,A,no,9013,
20241122_Box_1_CFD_Day_7_(Context_A)_9015,0.00015867978419549348,0.024436686766105997,0.0,0.13789273246588385,0.0,0.0,0.0,0.0,0.0,0.0023801967629324024,0.0,0.0,0.0004760393525864805,0.0,0.008727388130752143,0.0,0.0,0.0,0.0,0.0,0.0,0.0015867978419549348,0.0,0.0,0.0,0.0,0.0,0.0,0.0,0.0017454776261504284,0.041256743890828305,0.0007933989209774674,0.0,0.005395112662646779,0.003808314820691844,0.020628371945414153,0.0015867978419549348,0.010948905109489052,0.0004760393525864805,0.00015867978419549348,0.0014281180577594415,0.0,0.004284354173278325,0.03316407489685814,0.05902887972072358,0.0,0.0031735956839098697,0.0072992700729927005,0.00015867978419549348,0.00682323072040622,0.008092668993970167,20241122_Box_1_CFD_Day_7_(Context_A)_9015.mp4,20241122,1,CFD,7,A,no,9015,
20241122_Box_1_CFD_Day_7_(Context_B)_9002,0.0,0.005193841587831571,0.0,0.0,0.0,0.0,0.003524392506028566,0.0,0.0,0.06492301984789464,0.0,0.0001854943424225561,0.0,0.0,0.0,0.0,0.0,0.0,0.0,0.0,0.0012984603969578928,0.005564830272676683,0.0,0.0,0.020404377666481174,0.0,0.0005564830272676684,0.0,0.0,0.02615470228158041,0.013541086996846596,0.0,0.0,0.0012984603969578928,0.005379335930254127,0.11760341309590057,0.0,0.01762196253014283,0.0038953811908736783,0.0,0.004080875533296235,0.0001854943424225561,0.0020404377666481174,0.0012984603969578928,0.0,0.0,0.03988128362084956,0.009274717121127806,0.0011129660545353367,0.0020404377666481174,0.006863290669634576,20241122_Box_1_CFD_Day_7_(Context_B)_9002.mp4,20241122,1,CFD,7,B,no,9002,
20241122_Box_1_CFD_Day_7_(Context_B)_9003,0.0,0.0,0.0,0.0,0.0,0.0,0.0,0.0,0.0,0.3134854386941198,0.0,0.0,0.0,0.0,0.0,0.0,0.0,0.0,0.0,0.0,0.0,0.011129660545353366,0.0,0.0,0.02912261176034131,0.0001854943424225561,0.016508996475607492,0.0,0.0,0.0022259321090706734,0.0,0.0,0.0,0.0029679094787608976,0.0,0.06269708773882397,0.0,0.028751623075496197,0.001669449081803005,0.0,0.01001669449081803,0.0007419773696902244,0.005935818957521795,0.004637358560563903,0.0,0.0,0.0562047857540345,0.0003709886848451122,0.004637358560563903,0.0022259321090706734,0.0027824151363383415,20241122_Box_1_CFD_Day_7_(Context_B)_9003.mp4,20241122,1,CFD,7,B,no,9003,
20241122_Box_1_CFD_Day_7_(Context_B)_9005,0.0016691394658753709,0.0,0.0,0.0,0.0,0.0,0.006491097922848665,0.0,0.003152818991097923,0.02614985163204748,0.0,0.000370919881305638,0.002040059347181009,0.0,0.0,0.0,0.0,0.0,0.0,0.0,0.0,0.008345697329376855,0.002040059347181009,0.0,0.005749258160237389,0.0,0.017247774480712165,0.000741839762611276,0.000927299703264095,0.00185459940652819,0.01873145400593472,0.0,0.0,0.005007418397626113,0.008345697329376855,0.0293026706231454,0.0,0.00556379821958457,0.001483679525222552,0.008345697329376855,0.00741839762611276,0.0,0.000556379821958457,0.012240356083086053,0.0,0.0,0.03412462908011869,0.002410979228486647,0.009272997032640949,0.012611275964391691,0.011683976261127596,20241122_Box_1_CFD_Day_7_(Context_B)_9005.mp4,20241122,1,CFD,7,B,no,9005,
20241122_Box_1_CFD_Day_7_(Context_B)_9007,0.0,0.0,0.0,0.0,0.0,0.000185459940652819,0.0,0.0,0.31695103857566764,0.010200296735905045,0.000556379821958457,0.000741839762611276,0.000556379821958457,0.0,0.0,0.0,0.0,0.0,0.0,0.0,0.0,0.002225519287833828,0.000927299703264095,0.0,0.0,0.0,0.002967359050445104,0.0,0.000741839762611276,0.0,0.018545994065281898,0.0,0.0,0.002225519287833828,0.0,0.013353115727002967,0.0,0.004080118694362018,0.000185459940652819,0.001112759643916914,0.002040059347181009,0.000370919881305638,0.000185459940652819,0.0,0.0,0.0,0.004451038575667656,0.0051928783382789315,0.001483679525222552,0.002225519287833828,0.0033382789317507417,20241122_Box_1_CFD_Day_7_(Context_B)_9007.mp4,20241122,1,CFD,7,B,no,9007,
20241122_Box_1_CFD_Day_7_(Context_B)_9009,0.0,0.0,0.252828788721944,0.0,0.0,0.0,0.0,0.0,0.0,0.0,0.0,0.0,0.0,0.0,0.0,0.0,0.0,0.0,0.0,0.0,0.0,0.0,0.0,0.0,0.0,0.0,0.0001854943424225561,0.0,0.0,0.0,0.048414023372287146,0.0,0.0,0.027267668336115748,0.004080875533296235,0.003153403821183454,0.0,0.0,0.0,0.0,0.0,0.0,0.0,0.0,0.0,0.0,0.0,0.0,0.0,0.0,0.0,20241122_Box_1_CFD_Day_7_(Context_B)_9009.mp4,20241122,1,CFD,7,B,no,9009,
20241122_Box_1_CFD_Day_7_(Context_B)_9011,0.0,0.0,0.0,0.0,0.0,0.0,0.0,0.0,0.0,0.0,0.0,0.0,0.0,0.0,0.0,0.0,0.0,0.0,0.0,0.0,0.0,0.0009274717121127806,0.0,0.0001854943424225561,0.09831200148395473,0.0011129660545353367,0.020218883324058617,0.0,0.0,0.0005564830272676684,0.014839547393804489,0.0,0.005193841587831571,0.010758671860508254,0.0,0.05472083101465405,0.0,0.0001854943424225561,0.0001854943424225561,0.0009274717121127806,0.0012984603969578928,0.0,0.0,0.0,0.0,0.0,0.00333889816360601,0.012242626599888704,0.0003709886848451122,0.0025969207939157855,0.016879985160452606,20241122_Box_1_CFD_Day_7_(Context_B)_9011.mp4,20241122,1,CFD,7,B,no,9011,
20241122_Box_1_CFD_Day_7_(Context_B)_9013,0.0,0.0,0.0,0.0,0.0,0.0,0.0,0.0,0.0,0.0,0.0,0.0,0.0,0.0,0.0,0.0,0.0,0.0,0.0,0.0001854943424225561,0.0001854943424225561,0.00333889816360601,0.04062326099053979,0.0,0.013170098312001484,0.0,0.05564830272676683,0.0,0.015210536078649601,0.0005564830272676684,0.0020404377666481174,0.0,0.009831200148395475,0.0001854943424225561,0.003709886848451122,0.09052123910220738,0.0,0.0011129660545353367,0.008347245409015025,0.0003709886848451122,0.0024114264514932295,0.0,0.0005564830272676684,0.0012984603969578928,0.0003709886848451122,0.0,0.005193841587831571,0.01428306436653682,0.001854943424225561,0.003153403821183454,0.012613615284733816,20241122_Box_1_CFD_Day_7_(Context_B)_9013.mp4,20241122,1,CFD,7,B,no,9013,
20241122_Box_1_CFD_Day_7_(Context_B)_9015,0.10791767105507138,0.0,0.0,0.0,0.0,0.0,0.0009271277582050807,0.0,0.0,0.020767661783793807,0.0,0.0,0.0,0.0,0.0,0.0,0.0,0.0,0.0,0.001297978861487113,0.0,0.006304468755794548,0.0,0.0,0.0022251066196921935,0.0,0.020767661783793807,0.00018542555164101615,0.0,0.0005562766549230484,0.060263304283330245,0.0020396810680511773,0.0,0.03968106805117745,0.0007417022065640646,0.020396810680511773,0.0,0.003893936584461339,0.00018542555164101615,0.00018542555164101615,0.005933617652512517,0.0,0.0,0.00018542555164101615,0.0,0.0,0.001297978861487113,0.017986278509178565,0.0011125533098460968,0.0024105321713332097,0.020953087335434824,20241122_Box_1_CFD_Day_7_(Context_B)_9015.mp4,20241122,1,CFD,7,B,no,9015,
20241122_Box_2_CFD_Day_7_(Context_A)_9002,0.0,0.0,0.0,0.0,0.0,0.0,0.0,0.0,0.0,0.0,0.0,0.0,0.0,0.0,0.0,0.0,0.0,0.0,0.0,0.0,0.0,0.0003174099349309633,0.0,0.0,0.0,0.0,0.0,0.0,0.0,0.00015870496746548166,0.0,0.0,0.0,0.0,0.0,0.0022218695445167433,0.0,0.00285668941437867,0.0,0.0,0.00047611490239644503,0.0,0.2242501190287256,0.0,0.0011109347722583717,0.0,0.005554673861291859,0.0,0.0,0.00015870496746548166,0.0,20241122_Box_2_CFD_Day_7_(Context_A)_9002.mp4,20241122,2,CFD,7,A,no,9002,
20241122_Box_2_CFD_Day_7_(Context_A)_9004,0.0,0.0,0.0,0.0,0.0,0.0,0.00015870496746548166,0.0,0.0,0.0,0.0,0.0,0.0,0.0,0.0034915092842405966,0.0,0.0,0.0,0.0,0.0,0.0,0.0007935248373274084,0.0,0.0,0.0,0.0,0.0,0.0,0.0,0.0,0.0,0.0,0.00047611490239644503,0.00047611490239644503,0.0,0.05919695286462466,0.0,0.004285034121568005,0.005078558958895413,0.008728773210601492,0.0009522298047928901,0.0,0.0,0.00047611490239644503,0.00047611490239644503,0.0,0.0030153943818441516,0.009363593080463419,0.0,0.0009522298047928901,0.013807332169496905,20241122_Box_2_CFD_Day_7_(Context_A)_9004.mp4,20241122,2,CFD,7,A,no,9004,
20241122_Box_2_CFD_Day_7_(Context_A)_9006,0.01999682590065069,0.0,0.0,0.0,0.0,0.0,0.0,0.0,0.0,0.0,0.0,0.0,0.00015870496746548166,0.0,0.006348198698619267,0.0,0.0,0.0,0.0,0.0,0.0,0.003967624186637042,0.0,0.0,0.0,0.0,0.0,0.0,0.0,0.0,0.056340263450245995,0.0,0.09458816060942707,0.0011109347722583717,0.0,0.02475797492461514,0.016981431518806538,0.00047611490239644503,0.006824313601015711,0.0012696397397238533,0.004126329154102523,0.0,0.0,0.0031740993493096334,0.01809236629106491,0.0,0.0012696397397238533,0.023012220282494843,0.00047611490239644503,0.00571337882875734,0.011585462624980163,20241122_Box_2_CFD_Day_7_(Context_A)_9006.mp4,20241122,2,CFD,7,A,no,9006,
20241122_Box_2_CFD_Day_7_(Context_A)_9008,0.0,0.0025388765471278957,0.0,0.0006347191367819739,0.0,0.0,0.0,0.0,0.0,0.0,0.0,0.0,0.0,0.0,0.006029831799428753,0.0,0.0,0.0,0.0,0.003490955252300857,0.0,0.003966994604887337,0.0829895271342431,0.0007933989209774674,0.0017454776261504284,0.0,0.032053316407489686,0.0,0.03078387813392574,0.0,0.0,0.0,0.0,0.0012694382735639479,0.0,0.002221516978736909,0.12075531577277054,0.0,0.0,0.0,0.0036496350364963502,0.0,0.0,0.003490955252300857,0.01634401777213583,0.038559187559504916,0.0017454776261504284,0.0,0.00015867978419549348,0.0,0.0,20241122_Box_2_CFD_Day_7_(Context_A)_9008.mp4,20241122,2,CFD,7,A,no,9008,
20241122_Box_2_CFD_Day_7_(Context_A)_9010,0.0,0.0,0.0,0.0,0.0,0.0,0.0,0.0,0.0,0.0,0.0,0.0,0.0,0.0,0.0,0.0,0.0,0.0,0.0,0.0,0.0,0.0038089192191715603,0.0,0.0,0.0,0.0,0.0,0.0,0.0,0.0,0.007459133470877639,0.0,0.2717029043009046,0.0007935248373274084,0.0,0.053800983970798286,0.0,0.0,0.03570861767973338,0.06268846214886525,0.00285668941437867,0.0,0.002380574511982225,0.0190445960958578,0.006983018568481193,0.0,0.05967306776702111,0.022218695445167434,0.0015870496746548167,0.0012696397397238533,0.018251071258530392,20241122_Box_2_CFD_Day_7_(Context_A)_9010.mp4,20241122,2,CFD,7,A,no,9010,
20241122_Box_2_CFD_Day_7_(Context_A)_9012,0.0,0.0,0.0,0.0,0.2669417552769402,0.0,0.0,0.0,0.0,0.0,0.0,0.0,0.0,0.0,0.0,0.0,0.0,0.0,0.0,0.0,0.0,0.013807332169496905,0.0,0.0,0.0,0.0,0.0,0.0,0.0,0.00047611490239644503,0.044119980955403905,0.0,0.09331852086970323,0.007935248373274084,0.0011109347722583717,0.035391207744802415,0.0,0.009998412950325344,0.0006348198698619266,0.0003174099349309633,0.013489922234565943,0.0,0.0003174099349309633,0.00476114902396445,0.0,0.0,0.011109347722583717,0.0641168068560546,0.0015870496746548167,0.0,0.08760514204094588,20241122_Box_2_CFD_Day_7_(Context_A)_9012.mp4,20241122,2,CFD,7,A,no,9012,
20241122_Box_2_CFD_Day_7_(Context_A)_9014,0.0,0.0,0.0,0.00015870496746548166,0.0,0.0,0.0,0.0,0.0011109347722583717,0.0,0.0,0.0,0.0003174099349309633,0.0,0.0007935248373274084,0.0,0.0,0.0,0.0,0.0,0.0,0.01793366132359943,0.0,0.0,0.0,0.0,0.0,0.0,0.0,0.00476114902396445,0.037613077289319154,0.0,0.0033328043167751152,0.0,0.0031740993493096334,0.0338041580701476,0.0,0.0046024440564989685,0.004126329154102523,0.0015870496746548167,0.0172988414537375,0.0,0.0003174099349309633,0.0011109347722583717,0.0,0.0,0.00285668941437867,0.04348516108554198,0.03364545310268211,0.029043009046183146,0.011744167592445643,20241122_Box_2_CFD_Day_7_(Context_A)_9014.mp4,20241122,2,CFD,7,A,no,9014,
20241122_Box_2_CFD_Day_7_(Context_A)_9016,0.0,0.0,0.0,0.0,0.0,0.0,0.0,0.0,0.0,0.0,0.0,0.0,0.0,0.0,0.0,0.0,0.0,0.0,0.0,0.0,0.0,0.0006346184356655561,0.0,0.0,0.0,0.0,0.0,0.0,0.0,0.0019038553069966682,0.11883230207837538,0.0,0.027923211169284468,0.007456766619070284,0.0020625099159130573,0.30096779311439,0.0,0.0044423290496588925,0.00047596382674916705,0.00015865460891638903,0.0009519276534983341,0.0,0.0011105822624147231,0.00047596382674916705,0.0,0.0,0.003966365222909726,0.0031730921783277802,0.00015865460891638903,0.0011105822624147231,0.009201967317150563,20241122_Box_2_CFD_Day_7_(Context_A)_9016.mp4,20241122,2,CFD,7,A,no,9016,
20241122_Box_2_CFD_Day_7_(Context_B)_9001,0.0,0.0,0.0,0.0,0.0,0.0,0.0,0.0,0.0,0.0,0.0,0.009274717121127806,0.0,0.012057132257466147,0.0003709886848451122,0.0,0.02856612873307364,0.0,0.0001854943424225561,0.33073641253941755,0.0,0.0,0.0,0.0,0.01001669449081803,0.0003709886848451122,0.0001854943424225561,0.0,0.0,0.0,0.0,0.0,0.0,0.0,0.0,0.0,0.0,0.0,0.0,0.0,0.0001854943424225561,0.0,0.0,0.0,0.0,0.0,0.0,0.0,0.0,0.0,0.0,20241122_Box_2_CFD_Day_7_(Context_B)_9001.mp4,20241122,2,CFD,7,B,no,9001,
20241122_Box_2_CFD_Day_7_(Context_B)_9004,0.0,0.0,0.0,0.0,0.0,0.0,0.0,0.0,0.0,0.0,0.0,0.0,0.0,0.0,0.0,0.0,0.0,0.0,0.0,0.0,0.0,0.0035237388724035606,0.000927299703264095,0.000185459940652819,0.005934718100890208,0.000741839762611276,0.0517433234421365,0.0,0.0012982195845697329,0.0,0.01112759643916914,0.0,0.0,0.00370919881305638,0.0025964391691394658,0.01836053412462908,0.0,0.002410979228486647,0.0,0.000370919881305638,0.0035237388724035606,0.000185459940652819,0.0,0.0,0.0,0.0,0.0035237388724035606,0.010014836795252226,0.000927299703264095,0.0016691394658753709,0.010571216617210683,20241122_Box_2_CFD_Day_7_(Context_B)_9004.mp4,20241122,2,CFD,7,B,no,9004,
20241122_Box_2_CFD_Day_7_(Context_B)_9006,0.0,0.0,0.0,0.0,0.0,0.0,0.0,0.0,0.0,0.0,0.0,0.0,0.0,0.0,0.0,0.0,0.0,0.0,0.0,0.0,0.0,0.0022259321090706734,0.01428306436653682,0.0,0.006121313299944352,0.0,0.10498979781116675,0.0001854943424225561,0.0020404377666481174,0.0,0.216471897607123,0.0,0.0003709886848451122,0.02708217399369319,0.0022259321090706734,0.015581524763494713,0.0,0.01335559265442404,0.0022259321090706734,0.0007419773696902244,0.0025969207939157855,0.0025969207939157855,0.0024114264514932295,0.0,0.0,0.0,0.009460211463550361,0.01001669449081803,0.0001854943424225561,0.0009274717121127806,0.008347245409015025,20241122_Box_2_CFD_Day_7_(Context_B)_9006.mp4,20241122,2,CFD,7,B,no,9006,
20241122_Box_2_CFD_Day_7_(Context_B)_9008,0.0,0.0,0.0,0.0,0.0,0.0,0.0,0.0,0.0,0.005564830272676683,0.0,0.0001854943424225561,0.0,0.0,0.0003709886848451122,0.0,0.0,0.0,0.0,0.0024114264514932295,0.0001854943424225561,0.011500649230198478,0.01001669449081803,0.0,0.00816175106659247,0.0,0.041179744017807454,0.0,0.003524392506028566,0.0012984603969578928,0.01001669449081803,0.0,0.0022259321090706734,0.006306807642366908,0.004080875533296235,0.06622148024485253,0.0,0.014097570024114265,0.004451864218141347,0.0025969207939157855,0.010573177518085699,0.005193841587831571,0.0027824151363383415,0.0001854943424225561,0.0,0.0,0.029679094787608978,0.028751623075496197,0.003153403821183454,0.011129660545353366,0.009274717121127806,20241122_Box_2_CFD_Day_7_(Context_B)_9008.mp4,20241122,2,CFD,7,B,no,9008,
20241122_Box_2_CFD_Day_7_(Context_B)_9010,0.0,0.0,0.0,0.0,0.0,0.0,0.0,0.0,0.0,0.0,0.0,0.0,0.000927299703264095,0.0,0.0,0.0,0.0,0.0,0.0,0.0,0.0,0.0,0.0,0.0,0.0016691394658753709,0.0,0.002781899109792285,0.0,0.0,0.006305637982195846,0.000927299703264095,0.0,0.0,0.000370919881305638,0.0,0.13427299703264095,0.0,0.001112759643916914,0.008716617210682493,0.017804154302670624,0.000185459940652819,0.0,0.002781899109792285,0.0,0.0,0.0,0.005378338278931751,0.0,0.0,0.0,0.005378338278931751,20241122_Box_2_CFD_Day_7_(Context_B)_9010.mp4,20241122,2,CFD,7,B,no,9010,
20241122_Box_2_CFD_Day_7_(Context_B)_9012,0.0,0.0,0.0,0.0,0.0005564830272676684,0.0,0.0,0.0,0.0,0.0,0.0,0.0,0.0,0.0,0.0,0.0,0.0,0.0,0.0,0.0,0.0,0.004266369875718791,0.0009274717121127806,0.0,0.0003709886848451122,0.0,0.008718234093860137,0.0,0.0005564830272676684,0.0007419773696902244,0.001854943424225561,0.0,0.0,0.0003709886848451122,0.0022259321090706734,0.2776850306065665,0.0,0.01632350213318494,0.00333889816360601,0.0029679094787608976,0.0038953811908736783,0.0,0.005008347245409015,0.0,0.0,0.0,0.017992951214987944,0.010202188833240587,0.0005564830272676684,0.0009274717121127806,0.033017992951214985,20241122_Box_2_CFD_Day_7_(Context_B)_9012.mp4,20241122,2,CFD,7,B,no,9012,
20241122_Box_2_CFD_Day_7_(Context_B)_9014,0.0,0.0,0.0,0.0,0.0,0.0,0.0,0.0,0.0,0.0,0.0,0.0,0.0,0.7399369319235763,0.0001854943424225561,0.0,0.0007419773696902244,0.0,0.036913374142088666,0.08254498237803747,0.0,0.0,0.0,0.0,0.0,0.0,0.0,0.0,0.0,0.0,0.0,0.0,0.0,0.0,0.0,0.0,0.0,0.0,0.0,0.0,0.0,0.0,0.0,0.0,0.0,0.0,0.0,0.0,0.0,0.0,0.0,20241122_Box_2_CFD_Day_7_(Context_B)_9014.mp4,20241122,2,CFD,7,B,no,9014,
20241122_Box_2_CFD_Day_7_(Context_B)_9016,0.0,0.0,0.0,0.0,0.001854943424225561,0.0,0.0,0.0,0.0,0.0,0.0,0.0,0.0003709886848451122,0.0,0.0,0.0,0.0,0.0,0.0,0.0,0.0,0.007419773696902244,0.0,0.0,0.0011129660545353367,0.0,0.005379335930254127,0.0012984603969578928,0.0,0.0003709886848451122,0.08198849935076981,0.0003709886848451122,0.05342237061769616,0.01762196253014283,0.005935818957521795,0.12224077165646448,0.0,0.003153403821183454,0.0009274717121127806,0.004080875533296235,0.007048785012057132,0.0003709886848451122,0.0,0.0,0.0,0.0,0.0022259321090706734,0.03988128362084956,0.0001854943424225561,0.003524392506028566,0.045075125208681135,20241122_Box_2_CFD_Day_7_(Context_B)_9016.mp4,20241122,2,CFD,7,B,no,9016,
20250205_Box_3_CFC_Day_0_(Context_A)_543,0.0,0.0,0.0,0.0,0.0,0.0,0.0,0.0,0.0,0.0,0.0,0.0,0.0007932730445819451,0.0,0.008726003490401396,0.0,0.0,0.0,0.0,0.0,0.0,0.007298112010153895,0.0,0.0,0.0,0.0,0.009360621926066952,0.00015865460891638903,0.0,0.010629858797398065,0.004125019831826115,0.0,0.0022211645248294463,0.011740441059812787,0.018403934634301126,0.2628906869744566,0.0,0.010153894970648898,0.002379819133745835,0.0012692368713311123,0.005076947485324449,0.0,0.00015865460891638903,0.0006346184356655561,0.00951927653498334,0.0,0.005394256703157227,0.05362525781373949,0.0009519276534983341,0.006187529747739172,0.03553863239727114,20250205_Box_3_CFC_Day_0_(Context_A)_543.mp4,20250205,3,CFC,0,A,no,543,
"20250206_Box_1_CFC_Day_1_(Context_A,_No_Shock)_526",0.03720155469183787,0.0,0.0,0.0,0.0012955765315565426,0.0,0.0,0.0,0.0,0.0,0.0,0.0,0.0,0.0,0.0,0.0,0.0,0.0,0.0,0.0,0.0,0.004627059041273367,0.0,0.0,0.0,0.0,0.0,0.0,0.0,0.0,0.11863779381824913,0.0,0.16490838423098278,0.0012955765315565426,0.005737553211178975,0.11141958171386267,0.0,0.0040718119563205625,0.00277623542476402,0.000555247084952804,0.004441976679622432,0.0,0.00018508236165093466,0.0009254118082546734,0.0,0.0,0.0012955765315565426,0.06959096798075143,0.0,0.0,0.05719044975013881,"20250206_Box_1_CFC_Day_1_(Context_A,_No_Shock)_526.mp4",20250206,1,CFC,1,A,yes,526,
"20250206_Box_3_CFC_Day_1_(Context_A,_No_Shock)_528",0.0,0.0,0.0,0.0,0.0,0.0,0.0,0.0,0.0,0.0,0.0,0.0,0.0,0.0,0.0,0.0,0.0,0.0,0.0,0.0,0.0,0.00037030179596371043,0.0,0.0,0.0,0.0,0.00018515089798185522,0.0,0.0,0.002777263469727828,0.3379003888168858,0.0,0.0,0.0,0.007035734123310498,0.053693760414738015,0.0,0.0,0.0009257544899092761,0.0,0.00037030179596371043,0.0,0.0,0.0,0.0,0.0,0.00018515089798185522,0.00425847065358267,0.0,0.00018515089798185522,0.0033327161636733937,"20250206_Box_3_CFC_Day_1_(Context_A,_No_Shock)_528.mp4",20250206,3,CFC,1,A,yes,528,
"20250206_Box_3_CFC_Day_1_(Context_A,_No_Shock)_543",0.0,0.0,0.0,0.0,0.0,0.0,0.0,0.0,0.0,0.0,0.0,0.0,0.0,0.0,0.0,0.0,0.0,0.0,0.0,0.0,0.00037030179596371043,0.029624143677096836,0.0,0.0,0.0012960562858729864,0.0,0.0022218107757822625,0.0,0.0,0.0025921125717459728,0.015182373634512128,0.0,0.012590261062766155,0.004073319755600814,0.0037030179596371044,0.13071653397518979,0.0,0.002406961673764118,0.002406961673764118,0.002777263469727828,0.02351416404369561,0.010183299389002037,0.0,0.011109053878911312,0.00018515089798185522,0.0,0.023884465839659322,0.020366598778004074,0.006295130531383078,0.002406961673764118,0.01388631734863914,"20250206_Box_3_CFC_Day_1_(Context_A,_No_Shock)_543.mp4",20250206,3,CFC,1,A,yes,543,
20250207_Box_1_CFC_Day_2_(Context_C)_526,0.0,0.0,0.0,0.0,0.0,0.0,0.0,0.0,0.0,0.0,0.0,0.0,0.0003705075954057058,0.0001852537977028529,0.007039644312708411,0.0,0.0,0.0,0.0,0.033345683586513526,0.0,0.009447943682845497,0.0024082993701370877,0.0,0.0012967765839199705,0.0,0.0035198221563542053,0.0005557613931085587,0.0001852537977028529,0.0,0.0001852537977028529,0.0,0.0014820303816228233,0.0024082993701370877,0.0001852537977028529,0.015190811411633939,0.0,0.02223045572434235,0.005557613931085587,0.0005557613931085587,0.00963319748054835,0.0001852537977028529,0.0016672841793256763,0.0192663949610967,0.04020007410151908,0.0042608373471656165,0.043719896257873286,0.0005557613931085587,0.0024082993701370877,0.01204149685068544,0.0029640607632456465,20250207_Box_1_CFC_Day_2_(Context_C)_526.mp4,20250207,1,CFC,2,C,no,526,
20250207_Box_1_CFC_Day_2_(Context_C)_541,0.0,0.0,0.0,0.0,0.0,0.0,0.0,0.0,0.0,0.0,0.0,0.0,0.0,0.0,0.0,0.0,0.0,0.0,0.0,0.0,0.0012982195845697329,0.012054896142433234,0.007047477744807121,0.0,0.0016691394658753709,0.0,0.029859050445103858,0.0,0.022626112759643918,0.0,0.0,0.0,0.00370919881305638,0.002225519287833828,0.00370919881305638,0.06212908011869436,0.0,0.03764836795252226,0.007232937685459941,0.000741839762611276,0.012054896142433234,0.0,0.007603857566765578,0.003152818991097923,0.0016691394658753709,0.001112759643916914,0.03542284866468843,0.00556379821958457,0.0035237388724035606,0.021142433234421366,0.011683976261127596,20250207_Box_1_CFC_Day_2_(Context_C)_541.mp4,20250207,1,CFC,2,C,no,541,
20250207_Box_2_CFC_Day_2_(Context_C)_527,0.0,0.0,0.0,0.0,0.0,0.0,0.0,0.0,0.0,0.0,0.0,0.0,0.0,0.0,0.0,0.0,0.0,0.0,0.0,0.0,0.0009255831173639393,0.013328396890040726,0.0,0.0,0.0033320992225101815,0.0,0.003887449092928545,0.0009255831173639393,0.0,0.00018511662347278786,0.0,0.037578674564975934,0.0,0.005923731951129212,0.008330248056275453,0.1936319881525361,0.0,0.022769344687152908,0.0005553498704183636,0.0,0.012032580525731211,0.00037023324694557573,0.00684931506849315,0.027212143650499815,0.008145131432802665,0.0,0.022584228063680118,0.02165864494631618,0.0020362828582006663,0.009070714550166606,0.018326545723805997,20250207_Box_2_CFC_Day_2_(Context_C)_527.mp4,20250207,2,CFC,2,C,no,527,
20250207_Box_2_CFC_Day_2_(Context_C)_542,0.0,0.0,0.0,0.0,0.0,0.0,0.0,0.0,0.0,0.0,0.0,0.0,0.0,0.0,0.009812997593038325,0.0,0.0,0.0,0.0,0.85928531753379,0.0,0.0,0.0,0.0,0.009442695797074616,0.0,0.0,0.0,0.0,0.0,0.0,0.0,0.0,0.0,0.0,0.0,0.0,0.0,0.0,0.0,0.0,0.0,0.0,0.0,0.0,0.0,0.00018515089798185522,0.0,0.0,0.0,0.0,20250207_Box_2_CFC_Day_2_(Context_C)_542.mp4,20250207,2,CFC,2,C,no,542,
20250207_Box_3_CFC_Day_2_(Context_C)_528,0.01298219584569733,0.0,0.0,0.0,0.0,0.0,0.0,0.0,0.0,0.0033382789317507417,0.0,0.0,0.0,0.0,0.0,0.0,0.0,0.0,0.0,0.0,0.0,0.005934718100890208,0.0,0.0,0.001483679525222552,0.008716617210682493,0.001112759643916914,0.0,0.0,0.0016691394658753709,0.03208456973293768,0.0,0.10793768545994065,0.000741839762611276,0.0033382789317507417,0.16246290801186944,0.0,0.013167655786350149,0.000927299703264095,0.000370919881305638,0.005934718100890208,0.000741839762611276,0.002225519287833828,0.000185459940652819,0.0,0.0,0.00741839762611276,0.032826409495548964,0.000556379821958457,0.0066765578635014835,0.035979228486646884,20250207_Box_3_CFC_Day_2_(Context_C)_528.mp4,20250207,3,CFC,2,C,no,528,
20250207_Box_3_CFC_Day_2_(Context_C)_543,0.0,0.0,0.0,0.0,0.0,0.0,0.0,0.0,0.0,0.007787873168922678,0.0,0.0,0.0,0.0,0.0,0.0,0.0,0.0,0.0,0.0,0.0003708511032820323,0.006119043204153532,0.0,0.0,0.019840534025588726,0.0,0.0020396810680511773,0.0,0.0,0.0005562766549230484,0.0,0.011681809753384016,0.0,0.02633042833302429,0.013536065269794178,0.12015575746337845,0.0,0.010198405340255887,0.0018542555164101613,0.0005562766549230484,0.007602447617281662,0.0009271277582050807,0.00018542555164101615,0.004450213239384387,0.0005562766549230484,0.0,0.01576117188948637,0.03263489708881884,0.0005562766549230484,0.005933617652512517,0.02725755609122937,20250207_Box_3_CFC_Day_2_(Context_C)_543.mp4,20250207,3,CFC,2,C,no,543,
20250210_Box_1_CFD_Day_3_(Context_A)_526,0.0,0.0,0.0,0.0,0.0,0.0,0.0,0.0,0.0,0.0,0.0,0.0,0.0,0.0,0.0095222980479289,0.0,0.0,0.0,0.0,0.0,0.0,0.014600857006824314,0.0,0.0,0.0,0.0,0.0012696397397238533,0.0,0.0,0.004443739089033487,0.02380574511982225,0.0,0.030312648785907,0.0012696397397238533,0.016822726551341056,0.12013966037136962,0.0,0.013331217267100461,0.0038089192191715603,0.016505316616410092,0.013966037136962386,0.0017457546421202983,0.0012696397397238533,0.0038089192191715603,0.03681955245199175,0.0,0.028884304078717664,0.0363434375495953,0.0076178384383431205,0.00571337882875734,0.02285351531502936,20250210_Box_1_CFD_Day_3_(Context_A)_526.mp4,20250210,1,CFD,3,A,no,526,
20250210_Box_1_CFD_Day_3_(Context_A)_541,0.0,0.0,0.0,0.0,0.0,0.0,0.0,0.0,0.0,0.0,0.0,0.0,0.0009522298047928901,0.0,0.010791937787652753,0.0,0.0,0.0,0.0,0.0,0.0,0.01237898746230757,0.0,0.00015870496746548166,0.0,0.0007935248373274084,0.004443739089033487,0.0,0.0025392794794477066,0.011109347722583717,0.006348198698619267,0.0007935248373274084,0.0003174099349309633,0.004126329154102523,0.009681003015394382,0.1655292810664974,0.0,0.006189493731153785,0.0011109347722583717,0.018251071258530392,0.01047452785272179,0.008252658308205046,0.00015870496746548166,0.013489922234565943,0.09919060466592604,0.0,0.018251071258530392,0.023488335184891285,0.0022218695445167433,0.003967624186637042,0.03174099349309634,20250210_Box_1_CFD_Day_3_(Context_A)_541.mp4,20250210,1,CFD,3,A,no,541,
20250210_Box_1_CFD_Day_3_(Context_B)_526,0.0,0.0,0.0,0.0,0.0003709886848451122,0.0,0.0,0.0,0.0,0.0,0.0,0.0,0.0,0.0,0.0,0.0,0.0,0.0,0.0,0.0001854943424225561,0.0,0.003153403821183454,0.0024114264514932295,0.0,0.0,0.0,0.023001298460396957,0.001854943424225561,0.0020404377666481174,0.0,0.07067334446299388,0.0,0.008718234093860137,0.030792060842144316,0.025969207939157857,0.09645705805972918,0.0,0.0024114264514932295,0.0003709886848451122,0.01632350213318494,0.0025969207939157855,0.0009274717121127806,0.0003709886848451122,0.0,0.0,0.0,0.003709886848451122,0.02912261176034131,0.0,0.0014839547393804488,0.035614913745130775,20250210_Box_1_CFD_Day_3_(Context_B)_526.mp4,20250210,1,CFD,3,B,no,526,
20250210_Box_1_CFD_Day_3_(Context_B)_541,0.0,0.0,0.0,0.0,0.0,0.0,0.0,0.0,0.0,0.0,0.0,0.009274717121127806,0.0,0.0,0.005935818957521795,0.0,0.0,0.0,0.006121313299944352,0.41402337228714525,0.0001854943424225561,0.0001854943424225561,0.0001854943424225561,0.0001854943424225561,0.03375997032090521,0.0001854943424225561,0.010202188833240587,0.0,0.0,0.0,0.0,0.0,0.0,0.0001854943424225561,0.0,0.0029679094787608976,0.0,0.0,0.0,0.0,0.0,0.0,0.0,0.0,0.0,0.0,0.0,0.0,0.0,0.0,0.0,20250210_Box_1_CFD_Day_3_(Context_B)_541.mp4,20250210,1,CFD,3,B,no,541,
20250210_Box_2_CFD_Day_3_(Context_A)_527,0.0,0.0,0.0,0.0,0.0,0.0,0.0,0.0,0.0,0.0,0.0003174099349309633,0.0,0.0,0.0,0.011268052690049199,0.0,0.0,0.0,0.0,0.00047611490239644503,0.0003174099349309633,0.005078558958895413,0.0006348198698619266,0.0003174099349309633,0.13553404221552134,0.00015870496746548166,0.011902872559911125,0.0,0.0007935248373274084,0.0,0.00047611490239644503,0.011109347722583717,0.01428344707189335,0.016664021583875574,0.0,0.007141723535946675,0.012855102364704015,0.0,0.001428344707189335,0.0015870496746548167,0.0046024440564989685,0.002380574511982225,0.00015870496746548166,0.010791937787652753,0.03824789715918108,0.004126329154102523,0.010791937787652753,0.02110776067290906,0.0012696397397238533,0.00015870496746548166,0.012537692429773052,20250210_Box_2_CFD_Day_3_(Context_A)_527.mp4,20250210,2,CFD,3,A,no,527,
20250210_Box_2_CFD_Day_3_(Context_A)_542,0.0,0.031413612565445025,0.0,0.0,0.0,0.0,0.00015865460891638903,0.0,0.0,0.0,0.00047596382674916705,0.0,0.003966365222909726,0.0,0.010471204188481676,0.0,0.0,0.0,0.0,0.0,0.0,0.0038077106139933364,0.0,0.00475963826749167,0.0,0.0,0.0,0.0,0.0,0.0007932730445819451,0.038553069966682535,0.0,0.005076947485324449,0.007456766619070284,0.0015865460891638901,0.06124067904172616,0.06346184356655561,0.0,0.00031730921783277807,0.00047596382674916705,0.0030144375694113913,0.0044423290496588925,0.0,0.0017452006980802793,0.007456766619070284,0.0009519276534983341,0.0015865460891638901,0.029668411867364748,0.0019038553069966682,0.005235602094240838,0.010471204188481676,20250210_Box_2_CFD_Day_3_(Context_A)_542.mp4,20250210,2,CFD,3,A,no,542,
20250210_Box_2_CFD_Day_3_(Context_B)_527,0.0,0.004266369875718791,0.0,0.0,0.0,0.0,0.0,0.0,0.009645705805972918,0.0,0.0,0.0,0.0001854943424225561,0.0,0.0,0.0,0.0,0.0,0.0,0.0,0.0003709886848451122,0.005564830272676683,0.0,0.014839547393804489,0.008903728436282694,0.0,0.0029679094787608976,0.0,0.0,0.005379335930254127,0.04804303468744203,0.03246150992394732,0.0426636987571879,0.02671118530884808,0.0011129660545353367,0.011500649230198478,0.0,0.005935818957521795,0.004637358560563903,0.011315154887775923,0.005379335930254127,0.0003709886848451122,0.0,0.0011129660545353367,0.0001854943424225561,0.0,0.008532739751437582,0.035058430717863104,0.001854943424225561,0.006306807642366908,0.03746985716935634,20250210_Box_2_CFD_Day_3_(Context_B)_527.mp4,20250210,2,CFD,3,B,no,527,
20250210_Box_2_CFD_Day_3_(Context_B)_542,0.0,0.0,0.0,0.0,0.0,0.0,0.0,0.0,0.0,0.0,0.004821958456973294,0.0,0.0,0.0,0.0,0.0,0.0,0.0,0.0,0.0,0.0,0.008160237388724036,0.000370919881305638,0.0,0.005749258160237389,0.0,0.028004451038575667,0.001112759643916914,0.0,0.02614985163204748,0.0322700296735905,0.0,0.005934718100890208,0.004451038575667656,0.0012982195845697329,0.04803412462908012,0.0,0.010200296735905045,0.002967359050445104,0.000741839762611276,0.007603857566765578,0.000741839762611276,0.000556379821958457,0.0,0.0,0.0,0.010200296735905045,0.022811572700296736,0.002040059347181009,0.004821958456973294,0.015764094955489614,20250210_Box_2_CFD_Day_3_(Context_B)_542.mp4,20250210,2,CFD,3,B,no,542,
20250210_Box_3_CFD_Day_3_(Context_A)_528,0.0,0.0,0.0,0.0,0.0063461843566555605,0.0,0.0,0.0,0.0,0.0,0.0,0.0,0.0,0.0,0.013644296366809456,0.0,0.0,0.0,0.0,0.00047596382674916705,0.0,0.0046009836585752814,0.0,0.0,0.0,0.0,0.0007932730445819451,0.0,0.0,0.0,0.07060130096779312,0.0,0.35935268919562113,0.0038077106139933364,0.00031730921783277807,0.018086625416468348,0.0,0.006028875138822783,0.01459622402030779,0.0020625099159130573,0.004283674440742504,0.0020625099159130573,0.006663493574488339,0.0019038553069966682,0.00047596382674916705,0.0,0.006187529747739172,0.04109154370934476,0.0007932730445819451,0.0036490560050769475,0.031096303347612247,20250210_Box_3_CFD_Day_3_(Context_A)_528.mp4,20250210,3,CFD,3,A,no,528,
20250210_Box_3_CFD_Day_3_(Context_A)_543,0.0,0.0,0.0,0.0,0.0,0.0,0.0,0.0,0.0,0.0,0.0,0.0,0.0,0.0,0.007616629641383688,0.0,0.0,0.0,0.0,0.005712472231037766,0.0,0.004601713741669311,0.004125674389082831,0.0055537924468422725,0.0414154236750238,0.0017454776261504284,0.008410028562361156,0.0,0.004284354173278325,0.0023801967629324024,0.0,0.015709298635353856,0.0,0.00031735956839098697,0.0,0.024754046334496984,0.21326562995874326,0.0,0.00015867978419549348,0.0,0.004284354173278325,0.0,0.0,0.000952078705172961,0.016185337987940335,0.03792446842272294,0.0015867978419549348,0.013329101872421454,0.0,0.0031735956839098697,0.01364646144081244,20250210_Box_3_CFD_Day_3_(Context_A)_543.mp4,20250210,3,CFD,3,A,no,543,
20250210_Box_3_CFD_Day_3_(Context_B)_528,0.0,0.0,0.0,0.0,0.0,0.0,0.0,0.0,0.0,0.0,0.0,0.006305637982195846,0.0,0.0,0.0,0.001112759643916914,0.0,0.0,0.2117952522255193,0.22885756676557864,0.0,0.0,0.0,0.0,0.0,0.003152818991097923,0.000185459940652819,0.0,0.0,0.0,0.0,0.0,0.0,0.0,0.0,0.000370919881305638,0.0,0.0,0.0,0.0,0.0,0.0,0.0,0.0,0.0,0.0,0.0,0.0,0.0,0.0,0.0,20250210_Box_3_CFD_Day_3_(Context_B)_528.mp4,20250210,3,CFD,3,B,no,528,
20250210_Box_3_CFD_Day_3_(Context_B)_543,0.0,0.0,0.0,0.0,0.0,0.0,0.0,0.0,0.0,0.0,0.000185459940652819,0.0,0.001112759643916914,0.0,0.0,0.0,0.0,0.0,0.0,0.0,0.0,0.005749258160237389,0.0,0.006491097922848665,0.0035237388724035606,0.000370919881305638,0.002040059347181009,0.0,0.000741839762611276,0.007974777448071216,0.026335311572700297,0.09755192878338279,0.0,0.028746290801186944,0.004080118694362018,0.06287091988130564,0.0,0.006305637982195846,0.00370919881305638,0.017618694362017805,0.004821958456973294,0.007974777448071216,0.000185459940652819,0.001112759643916914,0.0,0.0,0.02744807121661721,0.005749258160237389,0.005378338278931751,0.000556379821958457,0.006491097922848665,20250210_Box_3_CFD_Day_3_(Context_B)_543.mp4,20250210,3,CFD,3,B,no,543,
20250211_Box_1_CFD_Day_4_(Context_A)_526,0.0,0.0,0.0,0.0,0.0,0.0,0.0,0.0,0.0,0.0,0.0,0.0,0.008726003490401396,0.0,0.009836585752816119,0.0,0.0,0.0,0.0,0.0006346184356655561,0.0,0.017134697762970014,0.0,0.0,0.0,0.0,0.0030144375694113913,0.0,0.0009519276534983341,0.00015865460891638903,0.04791369189274949,0.0,0.020942408376963352,0.013802950975725845,0.0014278914802475012,0.03649056005076948,0.0,0.0022211645248294463,0.0026971283515786135,0.005552911312073616,0.01650007932730446,0.00015865460891638903,0.00047596382674916705,0.014120260193558623,0.21434237664604155,0.00015865460891638903,0.018403934634301126,0.016341424718388068,0.01650007932730446,0.033793431699190864,0.00967793114389973,20250211_Box_1_CFD_Day_4_(Context_A)_526.mp4,20250211,1,CFD,4,A,no,526,
20250211_Box_1_CFD_Day_4_(Context_A)_541,0.0,0.0,0.0,0.0,0.0,0.0,0.0033322754681053635,0.0,0.0017454776261504284,0.002221516978736909,0.0,0.0,0.0,0.0,0.00999682640431609,0.0,0.0,0.0,0.0,0.0,0.0,0.008410028562361156,0.0004760393525864805,0.0004760393525864805,0.013329101872421454,0.0015867978419549348,0.003490955252300857,0.0004760393525864805,0.0025388765471278957,0.0006347191367819739,0.0014281180577594415,0.0,0.007933989209774674,0.002221516978736909,0.0004760393525864805,0.05664868295779118,0.0011107584893684545,0.003490955252300857,0.0012694382735639479,0.00015867978419549348,0.0072992700729927005,0.003808314820691844,0.00015867978419549348,0.011900983814662012,0.12297683275150746,0.024436686766105997,0.011583624246271025,0.024278006981910506,0.0006347191367819739,0.003808314820691844,0.007616629641383688,20250211_Box_1_CFD_Day_4_(Context_A)_541.mp4,20250211,1,CFD,4,A,no,541,
20250211_Box_1_CFD_Day_4_(Context_B)_541,0.0,0.0,0.0,0.0,0.0,0.0,0.0,0.0,0.000556379821958457,0.0,0.0,0.0,0.0,0.0,0.0,0.0,0.0,0.0,0.0,0.0,0.0,0.00370919881305638,0.0,0.0,0.0,0.0,0.0,0.0,0.0,0.0035237388724035606,0.0025964391691394658,0.0,0.23775964391691395,0.000370919881305638,0.0051928783382789315,0.12240356083086053,0.0,0.010756676557863502,0.000741839762611276,0.0033382789317507417,0.004080118694362018,0.0,0.000741839762611276,0.000370919881305638,0.0,0.0,0.003894658753709199,0.030786350148367954,0.000185459940652819,0.001483679525222552,0.01836053412462908,20250211_Box_1_CFD_Day_4_(Context_B)_541.mp4,20250211,1,CFD,4,B,no,541,
20250211_Box_2_CFD_Day_4_(Context_A)_542,0.0,0.0,0.0,0.0,0.0,0.0,0.0,0.0,0.0,0.0,0.00015867978419549348,0.0,0.006664550936210727,0.0,0.011107584893684545,0.0,0.0,0.0,0.0,0.0,0.0,0.04776261504284354,0.0,0.0,0.0,0.0,0.0,0.0,0.0,0.0,0.0014281180577594415,0.0,0.0004760393525864805,0.0,0.0,0.0014281180577594415,0.08505236432878452,0.0,0.0,0.005236432878451286,0.044271659790542685,0.0,0.0,0.014757219930180894,0.020628371945414153,0.0,0.014598540145985401,0.017930815614090764,0.008251348778165662,0.0,0.0,20250211_Box_2_CFD_Day_4_(Context_A)_542.mp4,20250211,2,CFD,4,A,no,542,
