{
  "behavioral_states": {
    "n_states": 2,
    "states": {
      "state_0": {
        "occurrence_rate": 0.2403560830860534,
        "total_frames": 1296,
        "total_duration_sec": 43.2,
        "n_bouts": 96,
        "mean_bout_duration_sec": 0.45,
        "median_bout_duration_sec": 0.13333333333333333,
        "max_bout_duration_sec": 5.833333333333333,
        "feature_profile": {
          "speed_kp0": {
            "mean": 338.78222367981954,
            "std": 595.5947345996102,
            "median": 7.029980440230287
          },
          "speed_kp1": {
            "mean": 414.3965581923007,
            "std": 628.9845581129512,
            "median": 99.61336825370581
          },
          "speed_kp2": {
            "mean": 436.21793181469405,
            "std": 659.605075935262,
            "median": 118.37458551909315
          },
          "speed_kp3": {
            "mean": 734.0616472113231,
            "std": 1064.2774989255392,
            "median": 222.04894011942827
          },
          "speed_kp4": {
            "mean": 428.47653608637734,
            "std": 764.8144369724821,
            "median": 13.137060267698498
          },
          "speed_kp5": {
            "mean": 199.04666454077272,
            "std": 455.88192042400516,
            "median": 6.96812350762754
          },
          "speed_kp6": {
            "mean": 445.1911328211614,
            "std": 724.0729565332533,
            "median": 64.63342802230113
          },
          "speed_kp7": {
            "mean": 367.9617276525293,
            "std": 637.3631070983777,
            "median": 42.380760646314585
          },
          "dist_pair0": {
            "mean": 81.30226241969577,
            "std": 61.56225854757009,
            "median": 57.40481546732666
          },
          "dist_pair1": {
            "mean": 82.27013614379177,
            "std": 63.86335896696291,
            "median": 67.48732479055397
          },
          "dist_pair2": {
            "mean": 118.79601372504088,
            "std": 82.88953963375387,
            "median": 108.85020612687003
          },
          "dist_pair3": {
            "mean": 133.7791744290824,
            "std": 73.21724003772749,
            "median": 142.01794088012844
          },
          "dist_pair4": {
            "mean": 153.89989320482323,
            "std": 68.49203411249057,
            "median": 145.50318116630427
          },
          "dist_pair5": {
            "mean": 111.88139093093804,
            "std": 60.41513721748579,
            "median": 106.51565027551669
          },
          "dist_pair6": {
            "mean": 120.39709990096019,
            "std": 58.68741000716146,
            "median": 131.17890835084114
          },
          "dist_pair7": {
            "mean": 43.180205690585005,
            "std": 44.776290278277365,
            "median": 25.14935082776538
          },
          "dist_pair8": {
            "mean": 104.9763288759581,
            "std": 82.52633830925826,
            "median": 80.96908703727593
          },
          "dist_pair9": {
            "mean": 160.4986485308253,
            "std": 69.01070621917592,
            "median": 189.559488123653
          },
          "dist_pair10": {
            "mean": 135.5892860275309,
            "std": 67.62887663794656,
            "median": 153.15953887107014
          },
          "dist_pair11": {
            "mean": 115.15345735529937,
            "std": 58.59926356117287,
            "median": 126.8120602233232
          },
          "dist_pair12": {
            "mean": 117.17440812505048,
            "std": 61.307781552576174,
            "median": 107.41560859507123
          },
          "dist_pair13": {
            "mean": 109.89309875291134,
            "std": 77.9799900652809,
            "median": 91.80667317815822
          },
          "dist_pair14": {
            "mean": 158.8767347710628,
            "std": 64.2241452634249,
            "median": 177.59806443679233
          },
          "dist_pair15": {
            "mean": 138.61749556804847,
            "std": 71.97718931009852,
            "median": 148.23709263416293
          },
          "dist_pair16": {
            "mean": 110.48447767404771,
            "std": 56.805273350834945,
            "median": 118.83524740445151
          },
          "dist_pair17": {
            "mean": 117.73145062635565,
            "std": 67.12376444165508,
            "median": 112.97139323984833
          },
          "dist_pair18": {
            "mean": 118.02277475339801,
            "std": 88.3558035310478,
            "median": 99.14111551920249
          },
          "dist_pair19": {
            "mean": 182.64855203771492,
            "std": 92.3477160683581,
            "median": 184.4514472263098
          },
          "dist_pair20": {
            "mean": 110.71139773147551,
            "std": 73.80010261352778,
            "median": 96.1317734399303
          },
          "dist_pair21": {
            "mean": 137.96074885492317,
            "std": 72.23761143700213,
            "median": 140.9788082430676
          },
          "dist_pair22": {
            "mean": 227.27501418598357,
            "std": 61.939731549128666,
            "median": 251.76083102657392
          },
          "dist_pair23": {
            "mean": 108.46178517820421,
            "std": 59.150792702164175,
            "median": 92.111080021706
          },
          "dist_pair24": {
            "mean": 164.66408946194667,
            "std": 50.876863551177316,
            "median": 167.63895876947612
          },
          "dist_pair25": {
            "mean": 196.05049222191454,
            "std": 67.41752171507443,
            "median": 208.4061370671492
          },
          "dist_pair26": {
            "mean": 111.93350664578135,
            "std": 50.56668974097483,
            "median": 110.27308671587247
          },
          "dist_pair27": {
            "mean": 142.4257197714472,
            "std": 57.45264000303019,
            "median": 148.01560255060264
          },
          "centroid_speed": {
            "mean": 256.17012746956976,
            "std": 193.03231427127255,
            "median": 206.90784983521294
          },
          "body_orientation": {
            "mean": -0.4486231395486335,
            "std": 0.3852146267285927,
            "median": -0.3815888498965367
          },
          "elongation": {
            "mean": 2.227338146620586,
            "std": 0.8157105173023784,
            "median": 2.011732327499521
          },
          "angular_velocity": {
            "mean": -0.009599843472103594,
            "std": 9.34047051018811,
            "median": -0.07695493744632381
          },
          "movement_entropy": {
            "mean": 0.03167093515784736,
            "std": 0.008106299446232965,
            "median": 0.03115257380951543
          },
          "speed_mean_window": {
            "mean": 390.6831912755027,
            "std": 116.69660025020734,
            "median": 393.41030187159674
          },
          "speed_std_window": {
            "mean": 663.7050037591389,
            "std": 146.6058469031166,
            "median": 663.5942892995051
          },
          "speed_max_window": {
            "mean": 3285.080017781647,
            "std": 973.605894382351,
            "median": 3219.9885038620605
          },
          "speed_p90_window": {
            "mean": 1297.0074600482487,
            "std": 411.910998547991,
            "median": 1309.3153932400378
          },
          "dist_mean_window": {
            "mean": 131.99804990916334,
            "std": 12.140892718528923,
            "median": 131.437376041303
          },
          "dist_std_window": {
            "mean": 76.65764039249738,
            "std": 13.317427600364551,
            "median": 73.62219191921669
          },
          "angular_vel_mean_window": {
            "mean": 3.824804372429523,
            "std": 4.173392837688375,