state,occurrence_rate,total_duration_sec,n_bouts,mean_bout_duration_sec
state_0,0.2403560830860534,43.2,96,0.45
state_1,0.7596439169139466,136.53333333333333,96,1.422222222222222
