,State_0,State_1
State_0,0.9259259259259259,0.07407407407407407
State_1,0.0231990231990232,0.9768009768009768
