{
  "behavioral_states": {
    "n_states": 2,
    "states": {
      "state_0": {
        "occurrence_rate": 0.6089509601650531,
        "total_frames": 3837,
        "total_duration_sec": 127.9,
        "n_bouts": 181,
        "mean_bout_duration_sec": 0.7066298342541437,
        "median_bout_duration_sec": 0.06666666666666667,
        "max_bout_duration_sec": 12.366666666666667,
        "feature_profile": {
          "speed_kp0": {
            "mean": 29.780874207246704,
            "std": 56.17275940978216,
            "median": 15.427411388894209
          },
          "speed_kp1": {
            "mean": 126.46558868209458,
            "std": 170.52971136508,
            "median": 44.206057373870024
          },
          "speed_kp2": {
            "mean": 69.23732906681539,
            "std": 232.06800715504136,
            "median": 19.80563647940046
          },
          "speed_kp3": {
            "mean": 72.81794241502361,
            "std": 86.94445853199207,
            "median": 36.828078902011306
          },
          "speed_kp4": {
            "mean": 57.18577918598362,
            "std": 234.00658762508314,
            "median": 19.845608064436917
          },
          "speed_kp5": {
            "mean": 202.81495338533898,
            "std": 284.30338436673543,
            "median": 64.66422966981314
          },
          "speed_kp6": {
            "mean": 617.1222193731153,
            "std": 818.5672201670598,
            "median": 202.99463747878286
          },
          "speed_kp7": {
            "mean": 521.0193487799603,
            "std": 402.0596219410492,
            "median": 442.14090864999054
          },
          "dist_pair0": {
            "mean": 29.451126769670495,
            "std": 6.591444826880926,
            "median": 28.724904098389253
          },
          "dist_pair1": {
            "mean": 28.881191632806008,
            "std": 11.775597353624352,
            "median": 29.142284898505306
          },
          "dist_pair2": {
            "mean": 45.56565127163816,
            "std": 8.969043307210688,
            "median": 45.21572070414287
          },
          "dist_pair3": {
            "mean": 89.6547131718813,
            "std": 11.928792194668812,
            "median": 90.33721935283934
          },
          "dist_pair4": {
            "mean": 73.45973356132932,
            "std": 15.358992912659716,
            "median": 72.42938810069121
          },
          "dist_pair5": {
            "mean": 101.91393631272402,
            "std": 45.34385733184745,
            "median": 83.28617654265334
          },
          "dist_pair6": {
            "mean": 193.8555305760891,
            "std": 22.763305517417102,
            "median": 191.7364646667033
          },
          "dist_pair7": {
            "mean": 24.81472436948438,
            "std": 13.881768417569447,
            "median": 21.325262347001118
          },
          "dist_pair8": {
            "mean": 38.35824478441416,
            "std": 12.301580297610101,
            "median": 39.249211769397725
          },
          "dist_pair9": {
            "mean": 84.60956096426173,
            "std": 15.053591282929592,
            "median": 89.2904607833795
          },
          "dist_pair10": {
            "mean": 70.73656628112924,
            "std": 17.588759385874738,
            "median": 73.79155126902522
          },
          "dist_pair11": {
            "mean": 86.86080144977474,
            "std": 48.08289648802072,
            "median": 71.55489063050503
          },
          "dist_pair12": {
            "mean": 185.84494901338874,
            "std": 24.7474093685856,
            "median": 186.12537922688054
          },
          "dist_pair13": {
            "mean": 59.3004290423389,
            "std": 11.180830651013812,
            "median": 59.14675629823222
          },
          "dist_pair14": {
            "mean": 104.93951692463621,
            "std": 12.1618659996252,
            "median": 103.1678933474776
          },
          "dist_pair15": {
            "mean": 89.66030482733753,
            "std": 16.857600736799075,
            "median": 89.50999406761508
          },
          "dist_pair16": {
            "mean": 106.76020639628331,
            "std": 48.43440984136492,
            "median": 89.64496997045138
          },
          "dist_pair17": {
            "mean": 205.92191429857814,
            "std": 22.870075723061245,
            "median": 202.71365104406985
          },
          "dist_pair18": {
            "mean": 48.57623667031817,
            "std": 12.99066201668576,
            "median": 47.20023908765657
          },
          "dist_pair19": {
            "mean": 42.10107086614491,
            "std": 12.336324962999477,
            "median": 43.74632777631077
          },
          "dist_pair20": {
            "mean": 64.72836897226723,
            "std": 44.28712573580448,
            "median": 44.8059897194846
          },
          "dist_pair21": {
            "mean": 152.7264384230632,
            "std": 23.59884160756501,
            "median": 148.6834687691557
          },
          "dist_pair22": {
            "mean": 37.612856108659344,
            "std": 17.63115849457335,
            "median": 36.59498735487797
          },
          "dist_pair23": {
            "mean": 62.73534636888265,
            "std": 39.36799421949034,
            "median": 59.038165793066035
          },
          "dist_pair24": {
            "mean": 108.9375297706393,
            "std": 26.06143630635198,
            "median": 102.05274934009667
          },
          "dist_pair25": {
            "mean": 74.3601233339096,
            "std": 41.05857710105885,
            "median": 73.33858355425839
          },
          "dist_pair26": {
            "mean": 131.96376207896017,
            "std": 29.06513269339066,
            "median": 129.20542982630906
          },
          "dist_pair27": {
            "mean": 125.78788229966227,
            "std": 48.43222333531843,
            "median": 136.748207416316
          },
          "centroid_speed": {
            "mean": 137.09825661907118,
            "std": 103.53394265263576,
            "median": 110.85140117261183
          },
          "body_orientation": {
            "mean": -1.6301215945113872,
            "std": 0.3736680188928882,
            "median": -1.6846233889794129
          },
          "elongation": {
            "mean": 3.526644913065941,
            "std": 1.1944020638977957,
            "median": 3.3322544528148557
          },
          "angular_velocity": {
            "mean": 0.031128367590816625,
            "std": 5.994511416674132,
            "median": -0.011675389910656975
          },
          "movement_entropy": {
            "mean": 0.03955149578312275,
            "std": 0.015604498973817197,
            "median": 0.03384986825435658
          },
          "speed_mean_window": {
            "mean": 224.1510241047298,
            "std": 76.11073472006358,
            "median": 217.4297718265028
          },
          "speed_std_window": {
            "mean": 425.51243905304636,
            "std": 138.78063332165016,
            "median": 426.7751479670142
          },
          "speed_max_window": {
            "mean": 2626.3343484686093,
            "std": 913.4919677421365,
            "median": 2740.7610711723464
          },
          "speed_p90_window": {
            "mean": 689.9531659449646,
            "std": 252.18936613563378,
            "median": 673.0614866661779
          },
          "dist_mean_window": {
            "mean": 87.38474497663377,
            "std": 5.911215447363966,
            "median": 86.77797755064101
          },
          "dist_std_window": {
            "mean": 54.763849987377384,
            "std": 5.363277524212408,
            "median": 54.18520672915611
          },
          "angular_vel_mean_window": {
            "mean": 3.7360958680300738,
            "std": 2.912286691226091,