state,occurrence_rate,total_duration_sec,n_bouts,mean_bout_duration_sec
state_0,0.6089509601650531,127.9,181,0.7066298342541437
state_1,0.3910490398349468,82.13333333333334,181,0.4537753222836096
