,State_0,State_1
State_0,0.9528277299973938,0.0471722700026062
State_1,0.0730816077953715,0.9269183922046285
