{
  "behavioral_states": {
    "n_states": 2,
    "states": {
      "state_0": {
        "occurrence_rate": 0.4902615470228158,
        "total_frames": 2643,
        "total_duration_sec": 88.1,
        "n_bouts": 160,
        "mean_bout_duration_sec": 0.550625,
        "median_bout_duration_sec": 0.13333333333333333,
        "max_bout_duration_sec": 10.4,
        "feature_profile": {
          "speed_kp0": {
            "mean": 78.24264989534932,
            "std": 75.0105459816009,
            "median": 53.88109596663657
          },
          "speed_kp1": {
            "mean": 86.14227428649454,
            "std": 90.06561955878264,
            "median": 55.65486040675535
          },
          "speed_kp2": {
            "mean": 126.63403905631952,
            "std": 142.25222887494613,
            "median": 78.51033695085094
          },
          "speed_kp3": {
            "mean": 54.50978202225754,
            "std": 49.02589708745985,
            "median": 38.47898185679361
          },
          "speed_kp4": {
            "mean": 57.50716180789961,
            "std": 76.71911233582189,
            "median": 36.31353115451927
          },
          "speed_kp5": {
            "mean": 62.04970522978696,
            "std": 70.14718462077109,
            "median": 41.143631983605495
          },
          "speed_kp6": {
            "mean": 49.11379628778926,
            "std": 65.63502247309827,
            "median": 28.208399631305902
          },
          "speed_kp7": {
            "mean": 371.3157717656153,
            "std": 640.809202633218,
            "median": 40.249124317161574
          },
          "dist_pair0": {
            "mean": 34.753939823815834,
            "std": 5.576018165719424,
            "median": 35.20808048491328
          },
          "dist_pair1": {
            "mean": 30.468526140620856,
            "std": 10.925969481669847,
            "median": 28.81899598412372
          },
          "dist_pair2": {
            "mean": 34.39963276668139,
            "std": 4.743763850185495,
            "median": 33.7754009775837
          },
          "dist_pair3": {
            "mean": 68.49995953314773,
            "std": 9.594179554284867,
            "median": 67.54157701048732
          },
          "dist_pair4": {
            "mean": 77.99134352737723,
            "std": 7.07714103602127,
            "median": 78.59003193095027
          },
          "dist_pair5": {
            "mean": 99.35213959483514,
            "std": 10.723335132990213,
            "median": 99.74496452588721
          },
          "dist_pair6": {
            "mean": 129.04953919163756,
            "std": 34.833822814566496,
            "median": 130.5307465163928
          },
          "dist_pair7": {
            "mean": 34.246401154682644,
            "std": 10.691376500712106,
            "median": 32.6955206723446
          },
          "dist_pair8": {
            "mean": 37.19571480860106,
            "std": 4.145785146184675,
            "median": 37.227955398360834
          },
          "dist_pair9": {
            "mean": 82.63362536267972,
            "std": 6.772289943746894,
            "median": 83.2172741160888
          },
          "dist_pair10": {
            "mean": 68.12793015627979,
            "std": 10.492553698355366,
            "median": 68.49960367431761
          },
          "dist_pair11": {
            "mean": 101.50793688223078,
            "std": 11.955768540305472,
            "median": 103.89750174454015
          },
          "dist_pair12": {
            "mean": 134.5797422734276,
            "std": 38.3978940750523,
            "median": 140.20238318474858
          },
          "dist_pair13": {
            "mean": 56.83410095927823,
            "std": 11.230996152047688,
            "median": 54.629090169276274
          },
          "dist_pair14": {
            "mean": 95.76282169651206,
            "std": 11.905435817836198,
            "median": 95.56807592302744
          },
          "dist_pair15": {
            "mean": 95.91128326204431,
            "std": 12.136996050579574,
            "median": 95.61006519295717
          },
          "dist_pair16": {
            "mean": 122.7007318618957,
            "std": 12.566753937417786,
            "median": 122.6448671179458
          },
          "dist_pair17": {
            "mean": 145.7257217480707,
            "std": 40.53579310726561,
            "median": 147.6716152555
          },
          "dist_pair18": {
            "mean": 46.97506239847372,
            "std": 5.478049330444053,
            "median": 47.19580800862799
          },
          "dist_pair19": {
            "mean": 45.12950230099833,
            "std": 5.914464664689981,
            "median": 45.12049388801017
          },
          "dist_pair20": {
            "mean": 69.85778655131723,
            "std": 7.39220974940423,
            "median": 70.04660604203943
          },
          "dist_pair21": {
            "mean": 114.77764916595513,
            "std": 27.92414700225646,
            "median": 116.12627762940483
          },
          "dist_pair22": {
            "mean": 53.733919916300486,
            "std": 5.673334828852693,
            "median": 53.499257464507835
          },
          "dist_pair23": {
            "mean": 42.34669184604599,
            "std": 8.186014147827507,
            "median": 41.53608007722804
          },
          "dist_pair24": {
            "mean": 93.93817182351393,
            "std": 29.96422918915196,
            "median": 90.07805847283441
          },
          "dist_pair25": {
            "mean": 43.052254270897684,
            "std": 8.537013213771447,
            "median": 43.80555849916823
          },
          "dist_pair26": {
            "mean": 104.79030885160638,
            "std": 35.509402701277686,
            "median": 111.55732183620239
          },
          "dist_pair27": {
            "mean": 86.97291838890447,
            "std": 36.55282165735154,
            "median": 80.3444555334155
          },
          "centroid_speed": {
            "mean": 74.7534744079231,
            "std": 78.48348467276662,
            "median": 47.98649429922508
          },
          "body_orientation": {
            "mean": -1.0306702681348805,
            "std": 0.9056904266917728,
            "median": -1.191144935068993
          },
          "elongation": {
            "mean": 2.172203400262562,
            "std": 0.6976238584691412,
            "median": 2.0604930077887285
          },
          "angular_velocity": {
            "mean": 0.2179040561565139,
            "std": 12.926090983220067,
            "median": -0.03892587647694956
          },
          "movement_entropy": {
            "mean": 0.11404739568976262,
            "std": 0.1415687514964527,
            "median": 0.052342690514980035
          },
          "speed_mean_window": {
            "mean": 113.80468364849995,
            "std": 61.307010506308885,
            "median": 108.38388944256076
          },
          "speed_std_window": {
            "mean": 219.3344658049198,
            "std": 153.818822793924,
            "median": 196.9246875339246
          },
          "speed_max_window": {
            "mean": 1641.007348041307,
            "std": 1103.642459885569,
            "median": 1587.6668959055862
          },
          "speed_p90_window": {
            "mean": 207.64527472662093,
            "std": 135.21367908230604,
            "median": 187.9785345274231
          },
          "dist_mean_window": {
            "mean": 79.12894788438906,
            "std": 6.907127641672368,
            "median": 79.17890862293716
          },
          "dist_std_window": {
            "mean": 40.017087567542326,
            "std": 6.540805754476388,
            "median": 38.8793635229077
          },
          "angular_vel_mean_window": {
            "mean": 3.760356383245607,
            "std": 3.8671926284000238,
            "median": 2.4785464830558777
          },