,State_0,State_1
State_0,0.9398183194549584,0.06018168054504164
State_1,0.05822416302765648,0.9417758369723436
