{
  "behavioral_states": {
    "n_states": 2,
    "states": {
      "state_0": {
        "occurrence_rate": 0.7681320425329313,
        "total_frames": 4840,
        "total_duration_sec": 161.33333333333334,
        "n_bouts": 26,
        "mean_bout_duration_sec": 6.205128205128205,
        "median_bout_duration_sec": 0.15,
        "max_bout_duration_sec": 108.83333333333333,
        "feature_profile": {
          "speed_kp0": {
            "mean": 16.421104435071324,
            "std": 31.126016553357246,
            "median": 9.44942853090925
          },
          "speed_kp1": {
            "mean": 16.66423402363006,
            "std": 24.708883509594543,
            "median": 8.601357361948306
          },
          "speed_kp2": {
            "mean": 23.468467758586996,
            "std": 47.25212180080329,
            "median": 10.441347454495371
          },
          "speed_kp3": {
            "mean": 11.667767426727266,
            "std": 19.77204298317808,
            "median": 7.756544084782144
          },
          "speed_kp4": {
            "mean": 23.75524883100869,
            "std": 29.65081436655777,
            "median": 16.009505342761123
          },
          "speed_kp5": {
            "mean": 17.673173207194154,
            "std": 25.7759173876,
            "median": 11.908056937765842
          },
          "speed_kp6": {
            "mean": 10.007215919572614,
            "std": 12.443110313486116,
            "median": 7.25801218107505
          },
          "speed_kp7": {
            "mean": 80.61430587626852,
            "std": 322.7783498441886,
            "median": 11.012755719119998
          },
          "dist_pair0": {
            "mean": 30.650838980264407,
            "std": 2.950540494476377,
            "median": 30.610918938810705
          },
          "dist_pair1": {
            "mean": 33.69873116089899,
            "std": 7.885354502132096,
            "median": 32.1772000916577
          },
          "dist_pair2": {
            "mean": 33.11034546483387,
            "std": 3.2213229301388795,
            "median": 33.27802963343151
          },
          "dist_pair3": {
            "mean": 58.933035922164294,
            "std": 6.956902035996823,
            "median": 57.85018549400125
          },
          "dist_pair4": {
            "mean": 73.79123205865756,
            "std": 4.463823095248011,
            "median": 73.30913721688684
          },
          "dist_pair5": {
            "mean": 95.38518673760069,
            "std": 9.157104199096374,
            "median": 95.39551715868953
          },
          "dist_pair6": {
            "mean": 118.8332970958789,
            "std": 15.746133571336564,
            "median": 121.8967014756579
          },
          "dist_pair7": {
            "mean": 32.484864732102345,
            "std": 7.014609940316728,
            "median": 32.556906716387275
          },
          "dist_pair8": {
            "mean": 30.373794956422447,
            "std": 2.5942435345539416,
            "median": 30.12379942172967
          },
          "dist_pair9": {
            "mean": 70.21068885339095,
            "std": 4.12071133104024,
            "median": 70.44393919451879
          },
          "dist_pair10": {
            "mean": 55.75707027121424,
            "std": 9.651666054027304,
            "median": 57.652885439164095
          },
          "dist_pair11": {
            "mean": 88.35796625241194,
            "std": 10.769768342613538,
            "median": 91.68241852217612
          },
          "dist_pair12": {
            "mean": 112.55153199334512,
            "std": 16.227626980632362,
            "median": 115.5041334620347
          },
          "dist_pair13": {
            "mean": 56.262774567192864,
            "std": 8.267416324172482,
            "median": 55.27109511928255
          },
          "dist_pair14": {
            "mean": 89.56225362557787,
            "std": 10.748382176462902,
            "median": 87.48457853255672
          },
          "dist_pair15": {
            "mean": 86.61659675906022,
            "std": 13.001008631050787,
            "median": 85.40611560550242
          },
          "dist_pair16": {
            "mean": 116.4065982773113,
            "std": 11.698057055853717,
            "median": 114.98229983520183
          },
          "dist_pair17": {
            "mean": 139.21952966002598,
            "std": 17.89338972247593,
            "median": 141.85333961681863
          },
          "dist_pair18": {
            "mean": 41.382880056689075,
            "std": 3.671631055311732,
            "median": 42.11336409859666
          },
          "dist_pair19": {
            "mean": 43.052945892852655,
            "std": 3.184118950709078,
            "median": 42.72774389682369
          },
          "dist_pair20": {
            "mean": 64.3208156436026,
            "std": 6.710295683242222,
            "median": 65.11550675097388
          },
          "dist_pair21": {
            "mean": 89.66268953507216,
            "std": 13.356461532658702,
            "median": 91.94870290690872
          },
          "dist_pair22": {
            "mean": 64.43120678337476,
            "std": 3.572549848338715,
            "median": 65.21111819343402
          },
          "dist_pair23": {
            "mean": 56.02523963036596,
            "std": 10.216935260404508,
            "median": 55.490008962747794
          },
          "dist_pair24": {
            "mean": 77.10614146345179,
            "std": 17.693500199933066,
            "median": 76.42825043339786
          },
          "dist_pair25": {
            "mean": 42.86369690213938,
            "std": 7.212787689245275,
            "median": 43.249874315304154
          },
          "dist_pair26": {
            "mean": 66.57849038749046,
            "std": 15.85643001197386,
            "median": 65.7628627541237
          },
          "dist_pair27": {
            "mean": 29.55332420602469,
            "std": 16.03504890678912,
            "median": 28.291631444696833
          },
          "centroid_speed": {
            "mean": 16.755551542133034,
            "std": 42.340135529235226,
            "median": 5.803411634312588
          },
          "body_orientation": {
            "mean": -0.03518777702144841,
            "std": 0.31707618821577754,
            "median": 0.04508974955815059
          },
          "elongation": {
            "mean": 2.3544760222925083,
            "std": 0.36355521782565214,
            "median": 2.388481036951804
          },
          "angular_velocity": {
            "mean": 0.0003467800529812146,
            "std": 3.693832644551543,
            "median": -0.0025822699876989347
          },
          "movement_entropy": {
            "mean": 0.6436079425188449,
            "std": 0.41724413946537664,
            "median": 0.6057854430404348
          },
          "speed_mean_window": {
            "mean": 24.389697553713944,
            "std": 32.84469584505709,
            "median": 12.958278490289384
          },
          "speed_std_window": {
            "mean": 46.63235099082376,
            "std": 100.06307897019576,
            "median": 12.27340508481364
          },
          "speed_max_window": {
            "mean": 318.37880559888924,
            "std": 650.6436844933161,
            "median": 82.92887265538917
          },
          "speed_p90_window": {
            "mean": 45.26942145900432,
            "std": 90.08779074863922,
            "median": 26.165390268601683
          },
          "dist_mean_window": {
            "mean": 67.94433083118327,
            "std": 4.979202329888282,
            "median": 67.11850233667428
          },
          "dist_std_window": {
            "mean": 31.293577643706364,
            "std": 3.4193857747728607,
            "median": 30.836128613880902
          },
          "angular_vel_mean_window": {
            "mean": 0.715640656839017,
            "std": 1.6980801009230804,