state,occurrence_rate,total_duration_sec,n_bouts,mean_bout_duration_sec
state_0,0.7681320425329313,161.33333333333334,26,6.205128205128205
state_1,0.23186795746706873,48.7,27,1.8037037037037038
