,State_0,State_1
State_0,0.9946280991735538,0.005371900826446281
State_1,0.01780821917808219,0.9821917808219178
