{
  "behavioral_states": {
    "n_states": 2,
    "states": {
      "state_0": {
        "occurrence_rate": 0.3127434613244296,
        "total_frames": 1686,
        "total_duration_sec": 56.2,
        "n_bouts": 110,
        "mean_bout_duration_sec": 0.510909090909091,
        "median_bout_duration_sec": 0.13333333333333333,
        "max_bout_duration_sec": 10.166666666666666,
        "feature_profile": {
          "speed_kp0": {
            "mean": 354.65116561486656,
            "std": 474.3416379747268,
            "median": 146.15619922941073
          },
          "speed_kp1": {
            "mean": 309.53277059300063,
            "std": 474.73352634661813,
            "median": 108.06796248636272
          },
          "speed_kp2": {
            "mean": 311.1281803618622,
            "std": 481.0848675372121,
            "median": 79.6157752803282
          },
          "speed_kp3": {
            "mean": 176.19724150237425,
            "std": 320.51976781692656,
            "median": 66.0570964226504
          },
          "speed_kp4": {
            "mean": 344.62817824396615,
            "std": 526.7764863451561,
            "median": 96.49904554233999
          },
          "speed_kp5": {
            "mean": 659.5496366781085,
            "std": 820.2915316894865,
            "median": 264.2092677112938
          },
          "speed_kp6": {
            "mean": 361.2228614990902,
            "std": 658.5067110190304,
            "median": 15.631217830656277
          },
          "speed_kp7": {
            "mean": 94.3639205819042,
            "std": 336.6458343099064,
            "median": 1.543619063455967
          },
          "dist_pair0": {
            "mean": 43.17003660412597,
            "std": 33.404082582448176,
            "median": 35.5683304180133
          },
          "dist_pair1": {
            "mean": 64.87207764088119,
            "std": 48.816559119729106,
            "median": 55.178674365368096
          },
          "dist_pair2": {
            "mean": 50.108657017316375,
            "std": 32.61239090209339,
            "median": 41.96202117042381
          },
          "dist_pair3": {
            "mean": 70.40169886197332,
            "std": 38.60508628358632,
            "median": 65.30840324835725
          },
          "dist_pair4": {
            "mean": 96.98252947826334,
            "std": 48.8698969539694,
            "median": 91.59775572897821
          },
          "dist_pair5": {
            "mean": 108.29868155218527,
            "std": 44.732043512376514,
            "median": 106.61032774431163
          },
          "dist_pair6": {
            "mean": 115.73552443590884,
            "std": 55.68701627924631,
            "median": 118.14997765867545
          },
          "dist_pair7": {
            "mean": 61.37578810630464,
            "std": 49.32816770088514,
            "median": 52.02528957330931
          },
          "dist_pair8": {
            "mean": 44.38546367420062,
            "std": 38.03336406260064,
            "median": 32.55926559408047
          },
          "dist_pair9": {
            "mean": 73.35914425452978,
            "std": 43.21081235162771,
            "median": 67.30727525164028
          },
          "dist_pair10": {
            "mean": 92.80356673914154,
            "std": 49.99764361882687,
            "median": 91.24383810941217
          },
          "dist_pair11": {
            "mean": 110.86173601722665,
            "std": 40.14585177599793,
            "median": 116.57497349988869
          },
          "dist_pair12": {
            "mean": 115.32293912269542,
            "std": 45.95747788892814,
            "median": 115.55140661338226
          },
          "dist_pair13": {
            "mean": 54.42439648998685,
            "std": 29.608410752475642,
            "median": 47.48009876984722
          },
          "dist_pair14": {
            "mean": 77.78936396209502,
            "std": 34.38883879232039,
            "median": 72.12431752014992
          },
          "dist_pair15": {
            "mean": 113.81609169883603,
            "std": 54.39575009643187,
            "median": 107.97809063814856
          },
          "dist_pair16": {
            "mean": 119.10240759125863,
            "std": 43.55263648800165,
            "median": 118.82736260454507
          },
          "dist_pair17": {
            "mean": 128.35493252244228,
            "std": 49.34762789265504,
            "median": 125.78519275382351
          },
          "dist_pair18": {
            "mean": 52.29695767440274,
            "std": 35.00979282255269,
            "median": 44.38743234289896
          },
          "dist_pair19": {
            "mean": 91.86565713199006,
            "std": 51.70490527631184,
            "median": 82.89482001064525
          },
          "dist_pair20": {
            "mean": 103.88228625679302,
            "std": 42.83755226136352,
            "median": 105.4866811075718
          },
          "dist_pair21": {
            "mean": 122.92276820073282,
            "std": 30.56000733358938,
            "median": 117.00195240429022
          },
          "dist_pair22": {
            "mean": 119.3857598176845,
            "std": 65.12047142923058,
            "median": 113.5686245896969
          },
          "dist_pair23": {
            "mean": 108.4802726584761,
            "std": 54.69208589197977,
            "median": 103.37289306530208
          },
          "dist_pair24": {
            "mean": 137.908377322105,
            "std": 46.793241599804446,
            "median": 142.78417380992917
          },
          "dist_pair25": {
            "mean": 140.24426623912825,
            "std": 73.34720346100114,
            "median": 137.24431542651735
          },
          "dist_pair26": {
            "mean": 117.21567102617418,
            "std": 41.326335646571835,
            "median": 110.32237285576018
          },
          "dist_pair27": {
            "mean": 141.62046795495792,
            "std": 53.38478999938951,
            "median": 124.52798186614444
          },
          "centroid_speed": {
            "mean": 194.31650056730948,
            "std": 145.0786676267415,
            "median": 163.23965593176928
          },
          "body_orientation": {
            "mean": -0.738118923124816,
            "std": 0.7280493956299917,
            "median": -0.786288810430464
          },
          "elongation": {
            "mean": 1.7864100470916826,
            "std": 0.5672306656199747,
            "median": 1.6705915492272445
          },
          "angular_velocity": {
            "mean": -0.02821567141183671,
            "std": 15.587697711408747,
            "median": 0.05241925227251393
          },
          "movement_entropy": {
            "mean": 0.038725462364939664,
            "std": 0.009106528198415306,
            "median": 0.039131529256131004
          },
          "speed_mean_window": {
            "mean": 305.0761482661102,
            "std": 120.15739236591865,
            "median": 303.0138861222239
          },
          "speed_std_window": {
            "mean": 490.90150271622923,
            "std": 127.9328310925901,
            "median": 489.0533976301257
          },
          "speed_max_window": {
            "mean": 2582.7475912035356,
            "std": 592.5635400866082,
            "median": 2520.0000345868343
          },
          "speed_p90_window": {
            "mean": 927.3787679705621,
            "std": 356.17747934177544,
            "median": 941.0551860879654
          },
          "dist_mean_window": {
            "mean": 100.17553595154591,
            "std": 13.102962975018295,
            "median": 100.21942100926978
          },
          "dist_std_window": {
            "mean": 58.06128918374087,
            "std": 7.034721810438592,
            "median": 57.67717155946737
          },
          "angular_vel_mean_window": {
            "mean": 6.041343433266597,
            "std": 5.049192887962702,