state,occurrence_rate,total_duration_sec,n_bouts,mean_bout_duration_sec
state_0,0.3127434613244296,56.2,110,0.510909090909091
state_1,0.6872565386755703,123.5,110,1.1227272727272726
