,State_0,State_1
State_0,0.9353115727002967,0.06468842729970327
State_1,0.029689608636977057,0.970310391363023
