{
  "behavioral_states": {
    "n_states": 2,
    "states": {
      "state_0": {
        "occurrence_rate": 0.6405786350148368,
        "total_frames": 3454,
        "total_duration_sec": 115.13333333333334,
        "n_bouts": 43,
        "mean_bout_duration_sec": 2.677519379844961,
        "median_bout_duration_sec": 0.3,
        "max_bout_duration_sec": 27.666666666666668,
        "feature_profile": {
          "speed_kp0": {
            "mean": 42.80234365369558,
            "std": 51.24116647809836,
            "median": 23.13331596976562
          },
          "speed_kp1": {
            "mean": 46.959396244257135,
            "std": 61.05850333741087,
            "median": 25.931504273057854
          },
          "speed_kp2": {
            "mean": 74.2740440238464,
            "std": 107.32826435234578,
            "median": 42.292463892228234
          },
          "speed_kp3": {
            "mean": 24.850223273410286,
            "std": 29.112138022753506,
            "median": 13.97906453801836
          },
          "speed_kp4": {
            "mean": 37.76918237041161,
            "std": 82.40018331085618,
            "median": 17.322879054293004
          },
          "speed_kp5": {
            "mean": 31.60989958101363,
            "std": 66.05984751450552,
            "median": 14.60650151340963
          },
          "speed_kp6": {
            "mean": 32.33480898278499,
            "std": 93.1735245388184,
            "median": 9.875914830835082
          },
          "speed_kp7": {
            "mean": 55.03665170969257,
            "std": 257.27129910433564,
            "median": 2.9990359258549706
          },
          "dist_pair0": {
            "mean": 34.145454351276356,
            "std": 4.8572707211885495,
            "median": 33.907474016914406
          },
          "dist_pair1": {
            "mean": 32.74942294414377,
            "std": 9.612364378137851,
            "median": 30.81581559485634
          },
          "dist_pair2": {
            "mean": 31.77909325804213,
            "std": 3.6620237214644873,
            "median": 31.810607402230517
          },
          "dist_pair3": {
            "mean": 57.2149681183717,
            "std": 11.118620336093816,
            "median": 56.206125223907634
          },
          "dist_pair4": {
            "mean": 72.34418453448485,
            "std": 9.81279490361667,
            "median": 70.88084621880618
          },
          "dist_pair5": {
            "mean": 89.83537071891261,
            "std": 12.870485707026997,
            "median": 89.60414786835712
          },
          "dist_pair6": {
            "mean": 146.44118819246327,
            "std": 32.48170930066308,
            "median": 141.61112031919473
          },
          "dist_pair7": {
            "mean": 36.11434613991167,
            "std": 9.715843892387612,
            "median": 36.03937397269717
          },
          "dist_pair8": {
            "mean": 33.161669364171516,
            "std": 4.720701824734346,
            "median": 32.271410029523366
          },
          "dist_pair9": {
            "mean": 72.33855280577372,
            "std": 9.061270975644637,
            "median": 72.18963439188713
          },
          "dist_pair10": {
            "mean": 57.31811849890845,
            "std": 15.924792329690064,
            "median": 56.9733824003895
          },
          "dist_pair11": {
            "mean": 86.90038252774347,
            "std": 17.68286862516443,
            "median": 88.82953184749184
          },
          "dist_pair12": {
            "mean": 137.89016637206592,
            "std": 39.744491362177364,
            "median": 147.31132735344403
          },
          "dist_pair13": {
            "mean": 56.17884979020732,
            "std": 9.824967799972043,
            "median": 54.88713327078806
          },
          "dist_pair14": {
            "mean": 86.79142379286277,
            "std": 13.856046734874349,
            "median": 84.97103350644514
          },
          "dist_pair15": {
            "mean": 89.0504223525768,
            "std": 13.911567195028,
            "median": 89.95430299099137
          },
          "dist_pair16": {
            "mean": 112.92912236818711,
            "std": 14.274588131636078,
            "median": 112.62563490362359
          },
          "dist_pair17": {
            "mean": 154.55072868803614,
            "std": 44.03075809434158,
            "median": 158.2378451647171
          },
          "dist_pair18": {
            "mean": 41.117863991116536,
            "std": 6.045611033395628,
            "median": 41.248401280077154
          },
          "dist_pair19": {
            "mean": 42.58053205607937,
            "std": 7.477207253700636,
            "median": 41.646318411546815
          },
          "dist_pair20": {
            "mean": 61.56525454720704,
            "std": 10.558949172572085,
            "median": 61.98343114410403
          },
          "dist_pair21": {
            "mean": 129.52219791009873,
            "std": 26.24320304956699,
            "median": 131.515571912659
          },
          "dist_pair22": {
            "mean": 59.690854379316164,
            "std": 5.708622620470322,
            "median": 60.39073291534248
          },
          "dist_pair23": {
            "mean": 50.422501279266264,
            "std": 10.385451399925042,
            "median": 50.92155574713745
          },
          "dist_pair24": {
            "mean": 131.5009780209292,
            "std": 25.29842571657411,
            "median": 128.01166383393422
          },
          "dist_pair25": {
            "mean": 39.33190683198222,
            "std": 10.491272368481939,
            "median": 38.60604513323658
          },
          "dist_pair26": {
            "mean": 108.129540925709,
            "std": 35.513939447693005,
            "median": 101.38156072466595
          },
          "dist_pair27": {
            "mean": 107.19482786868225,
            "std": 24.401903240879403,
            "median": 104.26863111324019
          },
          "centroid_speed": {
            "mean": 27.017712006179426,
            "std": 38.20660684139507,
            "median": 14.624583677931078
          },
          "body_orientation": {
            "mean": -0.9754874593528251,
            "std": 0.905171058360164,
            "median": -0.9825515722283582
          },
          "elongation": {
            "mean": 2.0650060889383717,
            "std": 0.7443828735788718,
            "median": 1.9030298761506725
          },
          "angular_velocity": {
            "mean": 0.031605098781716655,
            "std": 9.279376184232664,
            "median": -0.00411437197458564
          },
          "movement_entropy": {
            "mean": 0.4016467253689889,
            "std": 0.43681267435443677,
            "median": 0.26506136200496755
          },
          "speed_mean_window": {
            "mean": 43.881855714233055,
            "std": 36.52294384551444,
            "median": 35.47558908690935
          },
          "speed_std_window": {
            "mean": 69.11267008906279,
            "std": 79.95509466575864,
            "median": 44.913594406241906
          },
          "speed_max_window": {
            "mean": 520.6539625655238,
            "std": 680.0509523263753,
            "median": 249.29158495498717
          },
          "speed_p90_window": {
            "mean": 91.84460840238123,
            "std": 73.81195931104426,
            "median": 79.62943844514231
          },
          "dist_mean_window": {
            "mean": 77.97851729862188,
            "std": 7.231290966336865,
            "median": 77.49522801805215
          },
          "dist_std_window": {
            "mean": 41.56155743362866,
            "std": 9.099417802777973,
            "median": 41.916080030833875
          },
          "angular_vel_mean_window": {
            "mean": 1.8205368839163312,
            "std": 3.318483682216164,