state,occurrence_rate,total_duration_sec,n_bouts,mean_bout_duration_sec
state_0,0.6405786350148368,115.13333333333334,43,2.677519379844961
state_1,0.3594213649851632,64.6,43,1.5023255813953489
