,State_0,State_1
State_0,0.9878366637706343,0.01216333622936577
State_1,0.02218782249742002,0.97781217750258
