{
  "behavioral_states": {
    "n_states": 2,
    "states": {
      "state_0": {
        "occurrence_rate": 0.6147282507883509,
        "total_frames": 3314,
        "total_duration_sec": 110.46666666666667,
        "n_bouts": 124,
        "mean_bout_duration_sec": 0.8908602150537634,
        "median_bout_duration_sec": 0.1,
        "max_bout_duration_sec": 11.0,
        "feature_profile": {
          "speed_kp0": {
            "mean": 227.08798538123455,
            "std": 356.20402953259367,
            "median": 103.69975341637664
          },
          "speed_kp1": {
            "mean": 447.28377219529017,
            "std": 584.7567684577823,
            "median": 163.99829143580638
          },
          "speed_kp2": {
            "mean": 283.39035070979105,
            "std": 655.9409848897478,
            "median": 25.044186699983825
          },
          "speed_kp3": {
            "mean": 253.00804117568396,
            "std": 339.7490763771878,
            "median": 97.69538051137798
          },
          "speed_kp4": {
            "mean": 847.4723997081945,
            "std": 807.9589856497058,
            "median": 640.2438193121651
          },
          "speed_kp5": {
            "mean": 941.3374466660568,
            "std": 777.1302228027823,
            "median": 804.1626042014489
          },
          "speed_kp6": {
            "mean": 1047.6197155467878,
            "std": 1108.5261496052347,
            "median": 655.2410909769395
          },
          "speed_kp7": {
            "mean": 1111.8521931193416,
            "std": 1029.5408278772675,
            "median": 853.715512409532
          },
          "dist_pair0": {
            "mean": 57.96703837992628,
            "std": 41.548796782581476,
            "median": 49.14974552829321
          },
          "dist_pair1": {
            "mean": 57.65947342294436,
            "std": 38.7464808963911,
            "median": 49.30607826451258
          },
          "dist_pair2": {
            "mean": 95.98120663930035,
            "std": 38.761388306675826,
            "median": 94.0981611868437
          },
          "dist_pair3": {
            "mean": 117.44201564605125,
            "std": 47.99344848864391,
            "median": 113.63831757651425
          },
          "dist_pair4": {
            "mean": 141.26907615275618,
            "std": 55.933531922841105,
            "median": 134.4596526869439
          },
          "dist_pair5": {
            "mean": 191.1225595041403,
            "std": 65.1551801489988,
            "median": 209.42299469760815
          },
          "dist_pair6": {
            "mean": 161.77083296725397,
            "std": 53.013832974308215,
            "median": 164.04332052638273
          },
          "dist_pair7": {
            "mean": 55.161683540618796,
            "std": 58.469711622397355,
            "median": 33.68383549711271
          },
          "dist_pair8": {
            "mean": 90.3414043978089,
            "std": 46.95854558195698,
            "median": 78.16890635468889
          },
          "dist_pair9": {
            "mean": 113.06663112971202,
            "std": 54.94341976697938,
            "median": 104.55167124253013
          },
          "dist_pair10": {
            "mean": 145.57355985537518,
            "std": 59.33819155441914,
            "median": 139.66895375467422
          },
          "dist_pair11": {
            "mean": 184.55883459592894,
            "std": 67.48282328713105,
            "median": 202.70452745252447
          },
          "dist_pair12": {
            "mean": 165.91654614554272,
            "std": 54.484335681355645,
            "median": 168.107440890142
          },
          "dist_pair13": {
            "mean": 108.21918022348794,
            "std": 46.53467847257953,
            "median": 101.3820872727336
          },
          "dist_pair14": {
            "mean": 121.51223954378654,
            "std": 60.006555132075995,
            "median": 115.50080820528375
          },
          "dist_pair15": {
            "mean": 161.92477862400884,
            "std": 57.10134293792178,
            "median": 155.82750079128667
          },
          "dist_pair16": {
            "mean": 191.72844913624007,
            "std": 71.33169801628323,
            "median": 217.86141394521007
          },
          "dist_pair17": {
            "mean": 174.57312026157675,
            "std": 53.04807654691001,
            "median": 176.95164998614052
          },
          "dist_pair18": {
            "mean": 82.90418840003353,
            "std": 52.087019656992794,
            "median": 68.77119012497793
          },
          "dist_pair19": {
            "mean": 97.29655347664941,
            "std": 49.455527455754094,
            "median": 90.96954323433587
          },
          "dist_pair20": {
            "mean": 149.45329392411827,
            "std": 56.4015199966364,
            "median": 153.63429235332714
          },
          "dist_pair21": {
            "mean": 133.5557833516569,
            "std": 51.37974556882512,
            "median": 131.458275656328
          },
          "dist_pair22": {
            "mean": 115.37047250491062,
            "std": 65.82672833332964,
            "median": 104.39028461882245
          },
          "dist_pair23": {
            "mean": 138.74224167763947,
            "std": 67.53527901148207,
            "median": 137.15784399494476
          },
          "dist_pair24": {
            "mean": 137.09829589995732,
            "std": 61.394870533612554,
            "median": 135.005424572933
          },
          "dist_pair25": {
            "mean": 145.37730961441022,
            "std": 61.31577316116103,
            "median": 146.5570782308052
          },
          "dist_pair26": {
            "mean": 117.35245915177077,
            "std": 64.56213873751288,
            "median": 111.43250996030972
          },
          "dist_pair27": {
            "mean": 142.1260532189941,
            "std": 69.79389365607344,
            "median": 136.72140319739182
          },
          "centroid_speed": {
            "mean": 325.2594514273213,
            "std": 188.09054510093364,
            "median": 295.5835530620123
          },
          "body_orientation": {
            "mean": -1.152437718038756,
            "std": 0.5796683431757412,
            "median": -1.2166185355097976
          },
          "elongation": {
            "mean": 1.9511548635958618,
            "std": 0.732489730946692,
            "median": 1.7729249070382607
          },
          "angular_velocity": {
            "mean": -0.08552465748009831,
            "std": 16.54031041066425,
            "median": 0.10868829002948777
          },
          "movement_entropy": {
            "mean": 0.027478552279435953,
            "std": 0.00516189853552699,
            "median": 0.027394920018265136
          },
          "speed_mean_window": {
            "mean": 634.8289917502708,
            "std": 110.33419905700919,
            "median": 634.4388568801066
          },
          "speed_std_window": {
            "mean": 811.3194183513236,
            "std": 121.43651155922603,
            "median": 814.2629457776328
          },
          "speed_max_window": {
            "mean": 3975.6759484830027,
            "std": 693.2921699382605,
            "median": 3914.683858600466
          },
          "speed_p90_window": {
            "mean": 1817.6531169195707,
            "std": 324.81523605040854,
            "median": 1819.6782753161124
          },
          "dist_mean_window": {
            "mean": 129.18032320700397,
            "std": 10.228983830896349,
            "median": 128.90462732026964
          },
          "dist_std_window": {
            "mean": 67.67703214651635,
            "std": 6.3523454754976605,
            "median": 67.6103672293358
          },
          "angular_vel_mean_window": {
            "mean": 9.300955830287018,
            "std": 4.746669945767166,