,State_0,State_1
State_0,0.9625829812914907,0.03741701870850935
State_1,0.05973025048169557,0.9402697495183044
