,State_0,State_1,State_2,State_3
State_0,0.9059158945117605,0.0010691375623663579,0.09230220955096223,0.0007127583749109052
State_1,0.012861736334405145,0.7331189710610932,0.13504823151125403,0.1189710610932476
State_2,0.1634980988593156,0.025982256020278833,0.79404309252218,0.016476552598225603
State_3,0.0012461059190031153,0.024299065420560748,0.014953271028037384,0.9595015576323987
