,State_0,State_1,State_2
State_0,0.9788273615635179,0.012377850162866449,0.008794788273615635
State_1,0.039159503342884434,0.9226361031518625,0.038204393505253106
State_2,0.018838304552590265,0.03453689167974882,0.9466248037676609
