,State_0,State_1,State_2,State_3
State_0,0.9965024774118333,0.0002914602156805596,0.0020402215097639173,0.0011658408627222385
State_1,0.00047551117451260106,0.992867332382311,0.0019020446980504042,0.004755111745126011
State_2,0.016,0.006,0.958,0.02
State_3,0.011194029850746268,0.041044776119402986,0.03731343283582089,0.9104477611940298
