{
  "behavioral_states": {
    "n_states": 2,
    "states": {
      "state_0": {
        "occurrence_rate": 0.8384383431201397,
        "total_frames": 5283,
        "total_duration_sec": 176.1,
        "n_bouts": 6,
        "mean_bout_duration_sec": 29.35,
        "median_bout_duration_sec": 0.3,
        "max_bout_duration_sec": 174.6,
        "feature_profile": {
          "speed_kp0": {
            "mean": 19.233342836093176,
            "std": 27.3214638478419,
            "median": 11.903090903995384
          },
          "speed_kp1": {
            "mean": 20.49370223096735,
            "std": 27.08567783284163,
            "median": 12.866383216636299
          },
          "speed_kp2": {
            "mean": 26.925633628886203,
            "std": 51.64881721931415,
            "median": 12.218549567395627
          },
          "speed_kp3": {
            "mean": 16.448016145579334,
            "std": 15.798858739838781,
            "median": 12.207729864212494
          },
          "speed_kp4": {
            "mean": 22.14282507163013,
            "std": 34.14179017530009,
            "median": 15.649471860732035
          },
          "speed_kp5": {
            "mean": 19.644651500992985,
            "std": 18.34270813981374,
            "median": 15.463994010568824
          },
          "speed_kp6": {
            "mean": 17.93912319944578,
            "std": 16.87202015480915,
            "median": 15.382466570658002
          },
          "speed_kp7": {
            "mean": 27.404680254142086,
            "std": 126.80888591693872,
            "median": 13.752540277987217
          },
          "dist_pair0": {
            "mean": 29.936132785069848,
            "std": 2.3450586297012674,
            "median": 29.723572472611462
          },
          "dist_pair1": {
            "mean": 27.352539933081797,
            "std": 6.969491636042358,
            "median": 24.599410302594855
          },
          "dist_pair2": {
            "mean": 33.251855260798244,
            "std": 2.86956948192765,
            "median": 33.65605348652818
          },
          "dist_pair3": {
            "mean": 54.50024947758916,
            "std": 6.912953096365358,
            "median": 54.11865579326058
          },
          "dist_pair4": {
            "mean": 77.07960763013844,
            "std": 4.400563532580257,
            "median": 77.98788221429723
          },
          "dist_pair5": {
            "mean": 84.2999651706126,
            "std": 9.40676396538836,
            "median": 85.14490265587087
          },
          "dist_pair6": {
            "mean": 115.42072297050159,
            "std": 16.11301664324227,
            "median": 120.45736170149239
          },
          "dist_pair7": {
            "mean": 24.913602205474838,
            "std": 7.882027549872102,
            "median": 22.14426805183604
          },
          "dist_pair8": {
            "mean": 34.518707700201084,
            "std": 2.5379796281839386,
            "median": 34.99714301533747
          },
          "dist_pair9": {
            "mean": 75.99463921104825,
            "std": 3.6075185769953872,
            "median": 76.60012984418422
          },
          "dist_pair10": {
            "mean": 70.3331571500513,
            "std": 7.619342539568421,
            "median": 70.88972677575957
          },
          "dist_pair11": {
            "mean": 96.40966802609772,
            "std": 4.195955106498607,
            "median": 96.74395890721556
          },
          "dist_pair12": {
            "mean": 134.52237059714088,
            "std": 13.686373180156755,
            "median": 138.8331688143617
          },
          "dist_pair13": {
            "mean": 51.17072798275359,
            "std": 6.575444759986802,
            "median": 48.984044515545435
          },
          "dist_pair14": {
            "mean": 80.2141156363959,
            "std": 9.164189568081957,
            "median": 78.38966470995926
          },
          "dist_pair15": {
            "mean": 91.24004203288347,
            "std": 8.451279358369831,
            "median": 89.99692047008507
          },
          "dist_pair16": {
            "mean": 107.6992178853698,
            "std": 8.42585881779461,
            "median": 106.91893944334412
          },
          "dist_pair17": {
            "mean": 139.21242068608694,
            "std": 20.67312442442402,
            "median": 143.92293805806
          },
          "dist_pair18": {
            "mean": 48.83431489651744,
            "std": 3.164463161927992,
            "median": 48.90810209620901
          },
          "dist_pair19": {
            "mean": 44.86251159643165,
            "std": 3.0128946868069715,
            "median": 44.26102311137707
          },
          "dist_pair20": {
            "mean": 63.2964922415919,
            "std": 4.1226935705090755,
            "median": 62.45359100965607
          },
          "dist_pair21": {
            "mean": 104.68343284168446,
            "std": 7.171136530151752,
            "median": 106.53610938041517
          },
          "dist_pair22": {
            "mean": 71.76933108140807,
            "std": 2.4955772000359646,
            "median": 72.52923624689004
          },
          "dist_pair23": {
            "mean": 40.519023379089845,
            "std": 6.247287192980278,
            "median": 43.106645455545774
          },
          "dist_pair24": {
            "mean": 64.26059672290852,
            "std": 8.551451430154762,
            "median": 67.5088267776668
          },
          "dist_pair25": {
            "mean": 57.13126307199892,
            "std": 6.157241574701866,
            "median": 55.22860397833588
          },
          "dist_pair26": {
            "mean": 106.97776297364949,
            "std": 7.391906234465653,
            "median": 105.55503933825155
          },
          "dist_pair27": {
            "mean": 52.20684220280186,
            "std": 7.669676998799758,
            "median": 50.727999963076556
          },
          "centroid_speed": {
            "mean": 11.568773529580751,
            "std": 20.979770790105306,
            "median": 7.466239542245552
          },
          "body_orientation": {
            "mean": 0.24261354357743045,
            "std": 0.9673883491249603,
            "median": 0.7232832962151307
          },
          "elongation": {
            "mean": 2.0016417743943404,
            "std": 0.310009840350273,
            "median": 2.0724969299644305
          },
          "angular_velocity": {
            "mean": 0.010261303207255547,
            "std": 14.822580453129397,
            "median": -0.004263968742004297
          },
          "movement_entropy": {
            "mean": 0.6733557041323363,
            "std": 0.30200048301918303,
            "median": 0.6938071879855542
          },
          "speed_mean_window": {
            "mean": 21.173553946742338,
            "std": 17.050573312600896,
            "median": 16.3260832333648
          },
          "speed_std_window": {
            "mean": 23.112952681834752,
            "std": 43.147861618817934,
            "median": 12.2138822375686
          },
          "speed_max_window": {
            "mean": 161.56887781525214,
            "std": 314.6582622817584,
            "median": 77.29630069590402
          },
          "speed_p90_window": {
            "mean": 42.62440090948517,
            "std": 42.155516886120246,
            "median": 31.881358798243483
          },
          "dist_mean_window": {
            "mean": 70.8769088505397,
            "std": 2.341234631082647,
            "median": 70.95516109965168
          },
          "dist_std_window": {
            "mean": 32.414939555088274,
            "std": 2.2620399083919875,
            "median": 32.950678319255026
          },
          "angular_vel_mean_window": {
            "mean": 2.6880826364742147,
            "std": 6.118137301312293,
            "median": 0.1833933110608281
          },