state,occurrence_rate,total_duration_sec,n_bouts,mean_bout_duration_sec
state_0,0.8384383431201397,176.1,6,29.35
state_1,0.16156165687986035,33.93333333333333,7,4.847619047619047
