,State_0,State_1
State_0,0.9988642816581488,0.001135718341851221
State_1,0.0058997050147492625,0.9941002949852508
