{
  "behavioral_states": {
    "n_states": 2,
    "states": {
      "state_0": {
        "occurrence_rate": 0.9682804674457429,
        "total_frames": 5220,
        "total_duration_sec": 174.0,
        "n_bouts": 16,
        "mean_bout_duration_sec": 10.875,
        "median_bout_duration_sec": 0.11666666666666667,
        "max_bout_duration_sec": 90.9,
        "feature_profile": {
          "speed_kp0": {
            "mean": 74.63538960140848,
            "std": 143.70755679938688,
            "median": 30.64150306701119
          },
          "speed_kp1": {
            "mean": 85.95617158033244,
            "std": 156.28120399414223,
            "median": 35.90485484634458
          },
          "speed_kp2": {
            "mean": 108.08841508427007,
            "std": 224.98488179434202,
            "median": 39.6876933441081
          },
          "speed_kp3": {
            "mean": 39.275878280634615,
            "std": 49.40724180336222,
            "median": 22.86529822067468
          },
          "speed_kp4": {
            "mean": 170.83640795091182,
            "std": 267.7364473928944,
            "median": 42.786457707150944
          },
          "speed_kp5": {
            "mean": 82.6983390650912,
            "std": 157.26348582906957,
            "median": 20.86247999627999
          },
          "speed_kp6": {
            "mean": 59.9585929606518,
            "std": 260.86609828284554,
            "median": 12.40191999780636
          },
          "speed_kp7": {
            "mean": 361.89055869101327,
            "std": 639.7569285053719,
            "median": 30.6907105925264
          },
          "dist_pair0": {
            "mean": 33.40030389317522,
            "std": 8.138273624956808,
            "median": 32.37083849816982
          },
          "dist_pair1": {
            "mean": 38.1091428762286,
            "std": 16.752983158750574,
            "median": 36.64116393516622
          },
          "dist_pair2": {
            "mean": 44.63646549150844,
            "std": 10.683670630831719,
            "median": 42.71797853388978
          },
          "dist_pair3": {
            "mean": 73.89207645584914,
            "std": 21.53248717851217,
            "median": 70.28850719968179
          },
          "dist_pair4": {
            "mean": 85.98319906724751,
            "std": 16.834899580356325,
            "median": 86.45079791993606
          },
          "dist_pair5": {
            "mean": 105.09029746396945,
            "std": 19.53198409533655,
            "median": 101.96853010796903
          },
          "dist_pair6": {
            "mean": 145.483792101872,
            "std": 47.427985123161186,
            "median": 159.58404857785163
          },
          "dist_pair7": {
            "mean": 37.95945207203197,
            "std": 18.513982165810837,
            "median": 35.4501111660932
          },
          "dist_pair8": {
            "mean": 39.74349313480537,
            "std": 9.024746866596503,
            "median": 38.91421138078759
          },
          "dist_pair9": {
            "mean": 77.66136997977428,
            "std": 18.665293199286022,
            "median": 76.62295508971332
          },
          "dist_pair10": {
            "mean": 74.17329444336018,
            "std": 17.154027785184784,
            "median": 72.4695188593014
          },
          "dist_pair11": {
            "mean": 100.22899313477963,
            "std": 19.952669792940135,
            "median": 98.43868859599525
          },
          "dist_pair12": {
            "mean": 143.35785676158454,
            "std": 42.85405416288529,
            "median": 146.58824382658938
          },
          "dist_pair13": {
            "mean": 67.80706823558444,
            "std": 12.389304373836898,
            "median": 68.38771098344137
          },
          "dist_pair14": {
            "mean": 100.65106347125516,
            "std": 22.109458390254005,
            "median": 97.57765420839874
          },
          "dist_pair15": {
            "mean": 103.77388475457334,
            "std": 19.421361436664384,
            "median": 103.5688413889165
          },
          "dist_pair16": {
            "mean": 126.79328507598711,
            "std": 24.56973126465358,
            "median": 126.35238989161917
          },
          "dist_pair17": {
            "mean": 161.35415212538274,
            "std": 49.75499999224042,
            "median": 172.5244525046344
          },
          "dist_pair18": {
            "mean": 44.56186514657456,
            "std": 13.926572625409522,
            "median": 42.150435655517676
          },
          "dist_pair19": {
            "mean": 45.34732450080492,
            "std": 9.673878915234772,
            "median": 46.09252485412362
          },
          "dist_pair20": {
            "mean": 65.75201824655986,
            "std": 13.904830517988827,
            "median": 62.63556101253177
          },
          "dist_pair21": {
            "mean": 119.91026140151254,
            "std": 36.617579278290776,
            "median": 123.59446873216515
          },
          "dist_pair22": {
            "mean": 49.678996244381715,
            "std": 21.068983416006212,
            "median": 55.08039147898949
          },
          "dist_pair23": {
            "mean": 49.495505202330676,
            "std": 17.380477772244074,
            "median": 46.54361931482994
          },
          "dist_pair24": {
            "mean": 112.27767726890322,
            "std": 41.28257175923496,
            "median": 119.5698486559956
          },
          "dist_pair25": {
            "mean": 43.293318872440985,
            "std": 21.376696936729555,
            "median": 39.93082476409835
          },
          "dist_pair26": {
            "mean": 110.31574812328978,
            "std": 40.38547465452251,
            "median": 99.79964899751312
          },
          "dist_pair27": {
            "mean": 91.09222944930539,
            "std": 39.175724576326346,
            "median": 84.01879360236208
          },
          "centroid_speed": {
            "mean": 80.52833528822285,
            "std": 88.1591384335806,
            "median": 50.053520486454644
          },
          "body_orientation": {
            "mean": -1.2219566314999843,
            "std": 0.8102190908807829,
            "median": -1.3217139362610426
          },
          "elongation": {
            "mean": 2.4053240894660832,
            "std": 0.8627191475915529,
            "median": 2.3845451875973604
          },
          "angular_velocity": {
            "mean": -0.027493127260115543,
            "std": 17.747927250671125,
            "median": 0.004796031448925375
          },
          "movement_entropy": {
            "mean": 0.10813287269749612,
            "std": 0.1794777465739967,
            "median": 0.058125306277288694
          },
          "speed_mean_window": {
            "mean": 124.4044114486545,
            "std": 88.82151488839781,
            "median": 113.9188528818824
          },
          "speed_std_window": {
            "mean": 246.45610708514027,
            "std": 179.09196211659474,
            "median": 218.00103361511623
          },
          "speed_max_window": {
            "mean": 1613.9728475641773,
            "std": 1146.8901466616346,
            "median": 1432.3650292688974
          },
          "speed_p90_window": {
            "mean": 317.1480414290202,
            "std": 275.8778092239659,
            "median": 238.38562250746935
          },
          "dist_mean_window": {
            "mean": 82.34211696254775,
            "std": 9.817286069285114,
            "median": 81.24877547796194
          },
          "dist_std_window": {
            "mean": 44.17610251927641,
            "std": 10.336589513549965,
            "median": 42.478057169104794
          },
          "angular_vel_mean_window": {
            "mean": 5.603699624625952,
            "std": 7.898497382309423,