,State_0,State_1
State_0,0.9971258861850929,0.0028741138149070704
State_1,0.08771929824561403,0.9122807017543859
