,State_0,State_1,State_2,State_3
State_0,0.9880210828941064,0.004312410158121706,0.0,0.007666506947771922
State_1,0.015978695073235686,0.9600532623169108,0.0013315579227696406,0.022636484687083888
State_2,0.0,0.0,0.9883720930232558,0.011627906976744186
State_3,0.0038484310242747188,0.006216696269982238,0.0,0.9899348727057431
