,State_0,State_1,State_2,State_3
State_0,0.9639175257731959,0.015832106038291605,0.004050073637702504,0.016200294550810016
State_1,0.018815970628728775,0.8981184029371271,0.011932078935291418,0.07113354749885269
State_2,0.035856573705179286,0.10358565737051793,0.7410358565737052,0.11952191235059761
State_3,0.0415944540727903,0.13258232235701906,0.024263431542461005,0.8015597920277296
