,State_0,State_1
State_0,0.9909579667644184,0.009042033235581623
State_1,0.029275808936825885,0.9707241910631741
