{
  "behavioral_states": {
    "n_states": 2,
    "states": {
      "state_0": {
        "occurrence_rate": 0.8901761625138866,
        "total_frames": 5609,
        "total_duration_sec": 186.96666666666667,
        "n_bouts": 23,
        "mean_bout_duration_sec": 8.128985507246377,
        "median_bout_duration_sec": 0.36666666666666664,
        "max_bout_duration_sec": 88.66666666666667,
        "feature_profile": {
          "speed_kp0": {
            "mean": 17.052046515337576,
            "std": 22.582303973040464,
            "median": 9.778876879748566
          },
          "speed_kp1": {
            "mean": 18.026539110345645,
            "std": 22.35653160260049,
            "median": 11.137197715703758
          },
          "speed_kp2": {
            "mean": 38.33174209093387,
            "std": 52.711006895448236,
            "median": 23.02954176959302
          },
          "speed_kp3": {
            "mean": 13.015919692430145,
            "std": 13.26256322297168,
            "median": 9.410424606538669
          },
          "speed_kp4": {
            "mean": 19.87028703784801,
            "std": 18.17349176373375,
            "median": 14.678463722948578
          },
          "speed_kp5": {
            "mean": 27.16295996013917,
            "std": 42.65670099411993,
            "median": 20.169422901085557
          },
          "speed_kp6": {
            "mean": 9.563323884495324,
            "std": 9.238453932466152,
            "median": 7.564450964063518
          },
          "speed_kp7": {
            "mean": 24.249345361232685,
            "std": 36.246773059266594,
            "median": 16.101912250603426
          },
          "dist_pair0": {
            "mean": 29.431131736557415,
            "std": 2.898917370090382,
            "median": 28.804441941946884
          },
          "dist_pair1": {
            "mean": 26.84098572829889,
            "std": 7.4683967577042605,
            "median": 24.60998636864377
          },
          "dist_pair2": {
            "mean": 30.72963773822429,
            "std": 2.5983678008634388,
            "median": 31.15615673361875
          },
          "dist_pair3": {
            "mean": 61.228716448647006,
            "std": 7.6352116245213315,
            "median": 59.564083228882154
          },
          "dist_pair4": {
            "mean": 72.77975254479774,
            "std": 4.681478675385458,
            "median": 73.0318174522516
          },
          "dist_pair5": {
            "mean": 94.33483155682832,
            "std": 5.8224667932295935,
            "median": 96.26692868879984
          },
          "dist_pair6": {
            "mean": 142.59985280006129,
            "std": 14.711205218515062,
            "median": 139.54374806143517
          },
          "dist_pair7": {
            "mean": 21.973084946485,
            "std": 9.763031846716789,
            "median": 19.87368361859324
          },
          "dist_pair8": {
            "mean": 30.294813692130525,
            "std": 1.7585735517729948,
            "median": 30.36145805924889
          },
          "dist_pair9": {
            "mean": 71.60931444078554,
            "std": 3.2655060692747075,
            "median": 71.29158462024819
          },
          "dist_pair10": {
            "mean": 56.87053021715501,
            "std": 8.532756462424281,
            "median": 54.721828768814206
          },
          "dist_pair11": {
            "mean": 91.55046450957245,
            "std": 9.290185230340843,
            "median": 89.20135477610982
          },
          "dist_pair12": {
            "mean": 137.48693609033464,
            "std": 19.037617757195108,
            "median": 130.75052827508517
          },
          "dist_pair13": {
            "mean": 45.09175937504651,
            "std": 8.68355858350145,
            "median": 41.50527674906386
          },
          "dist_pair14": {
            "mean": 81.46592579560172,
            "std": 8.173878432298679,
            "median": 80.87328138536955
          },
          "dist_pair15": {
            "mean": 76.81763835624645,
            "std": 12.23084143429459,
            "median": 73.92695956868337
          },
          "dist_pair16": {
            "mean": 107.32075928678103,
            "std": 9.242164553195844,
            "median": 105.56253352364537
          },
          "dist_pair17": {
            "mean": 153.20278482973364,
            "std": 18.772904458659582,
            "median": 153.25982622446597
          },
          "dist_pair18": {
            "mean": 42.989129994738384,
            "std": 4.067818999318347,
            "median": 42.78097642651959
          },
          "dist_pair19": {
            "mean": 45.01368618726059,
            "std": 2.9345551165491135,
            "median": 45.40007489479664
          },
          "dist_pair20": {
            "mean": 67.40106407720627,
            "std": 5.282123853306791,
            "median": 67.59485438645613
          },
          "dist_pair21": {
            "mean": 116.39915550055105,
            "std": 14.473895516998097,
            "median": 113.35366706018416
          },
          "dist_pair22": {
            "mean": 61.77826266095105,
            "std": 3.5152987170927106,
            "median": 61.698990642201444
          },
          "dist_pair23": {
            "mean": 46.439951668251176,
            "std": 3.0207724653159307,
            "median": 46.35112300467984
          },
          "dist_pair24": {
            "mean": 94.35913746005563,
            "std": 16.964483752403602,
            "median": 90.1281332063521
          },
          "dist_pair25": {
            "mean": 48.861478217965654,
            "std": 7.9302570182197885,
            "median": 47.146375921210726
          },
          "dist_pair26": {
            "mean": 88.39737849457285,
            "std": 16.909101857374864,
            "median": 81.46339467399147
          },
          "dist_pair27": {
            "mean": 51.35274617588548,
            "std": 15.801796677086706,
            "median": 47.97391941069162
          },
          "centroid_speed": {
            "mean": 10.315588068688823,
            "std": 11.210694916584798,
            "median": 7.145502048662223
          },
          "body_orientation": {
            "mean": -1.5046526179811743,
            "std": 0.6849054962697868,
            "median": -1.655524816024809
          },
          "elongation": {
            "mean": 2.632115980410961,
            "std": 0.33992014492579636,
            "median": 2.640965742224185
          },
          "angular_velocity": {
            "mean": -0.002241191028794681,
            "std": 1.9433658012415176,
            "median": -0.001015673267916739
          },
          "movement_entropy": {
            "mean": 0.580198767390187,
            "std": 0.2791551505724106,
            "median": 0.6076075048419104
          },
          "speed_mean_window": {
            "mean": 21.632090770633024,
            "std": 13.275509462721226,
            "median": 17.370994625116136
          },
          "speed_std_window": {
            "mean": 24.14440954363613,
            "std": 28.569415721980867,
            "median": 16.13665727650494
          },
          "speed_max_window": {
            "mean": 167.27181211127902,
            "std": 254.06897147491557,
            "median": 91.60068768111908
          },
          "speed_p90_window": {
            "mean": 46.438678074807186,
            "std": 29.461026270884503,
            "median": 37.95271313084966
          },
          "dist_mean_window": {
            "mean": 71.40994261510976,
            "std": 4.3473589614829775,
            "median": 70.07417648935838
          },
          "dist_std_window": {
            "mean": 36.39632041039681,
            "std": 4.99402312917699,
            "median": 34.6296960666972
          },
          "angular_vel_mean_window": {
            "mean": 0.2552356805203651,