state,occurrence_rate,total_duration_sec,n_bouts,mean_bout_duration_sec
state_0,0.8901761625138866,186.96666666666667,23,8.128985507246377
state_1,0.10982383748611331,23.066666666666666,23,1.0028985507246377
