,State_0,State_1
State_0,0.996077032810271,0.0039229671897289585
State_1,0.033236994219653176,0.9667630057803468
