{
  "behavioral_states": {
    "n_states": 2,
    "states": {
      "state_0": {
        "occurrence_rate": 0.48256676557863504,
        "total_frames": 2602,
        "total_duration_sec": 86.73333333333333,
        "n_bouts": 174,
        "mean_bout_duration_sec": 0.4984674329501916,
        "median_bout_duration_sec": 0.06666666666666667,
        "max_bout_duration_sec": 14.633333333333333,
        "feature_profile": {
          "speed_kp0": {
            "mean": 359.7563916069762,
            "std": 741.5952872529141,
            "median": 38.80232419178104
          },
          "speed_kp1": {
            "mean": 678.5250551292363,
            "std": 930.0073929775914,
            "median": 198.81143118212069
          },
          "speed_kp2": {
            "mean": 749.8815929774806,
            "std": 1112.2456017590105,
            "median": 62.98879063674519
          },
          "speed_kp3": {
            "mean": 42.243638971031295,
            "std": 41.97021204891844,
            "median": 30.377213904347368
          },
          "speed_kp4": {
            "mean": 100.45745976446631,
            "std": 210.61916372316884,
            "median": 34.81231235116735
          },
          "speed_kp5": {
            "mean": 321.8009910182373,
            "std": 473.1373841649311,
            "median": 152.9958032595823
          },
          "speed_kp6": {
            "mean": 312.77094779838905,
            "std": 358.4273781152393,
            "median": 218.68200175483122
          },
          "speed_kp7": {
            "mean": 28.42324483979833,
            "std": 132.81004095657227,
            "median": 11.167729432181144
          },
          "dist_pair0": {
            "mean": 216.05336298456123,
            "std": 64.54245386372905,
            "median": 245.45843875266158
          },
          "dist_pair1": {
            "mean": 111.96545887267078,
            "std": 107.4295212322963,
            "median": 59.062777502247435
          },
          "dist_pair2": {
            "mean": 222.40658266718896,
            "std": 33.26988058036559,
            "median": 232.57670286134766
          },
          "dist_pair3": {
            "mean": 223.3188501175635,
            "std": 32.90683271290559,
            "median": 233.6421738379063
          },
          "dist_pair4": {
            "mean": 263.9501763882393,
            "std": 43.04667710940204,
            "median": 277.2119600468644
          },
          "dist_pair5": {
            "mean": 33.296580741785725,
            "std": 37.91817576222908,
            "median": 20.510345728774887
          },
          "dist_pair6": {
            "mean": 166.13384671372256,
            "std": 21.707425402508633,
            "median": 169.71120603602796
          },
          "dist_pair7": {
            "mean": 139.69132804707436,
            "std": 95.16977091739105,
            "median": 134.60309409663932
          },
          "dist_pair8": {
            "mean": 67.42712441444067,
            "std": 59.85012574353945,
            "median": 44.64764377208607
          },
          "dist_pair9": {
            "mean": 64.94894835726438,
            "std": 56.43797810225878,
            "median": 40.932490349241064
          },
          "dist_pair10": {
            "mean": 94.18899849290527,
            "std": 63.0588704714979,
            "median": 76.5296153190377
          },
          "dist_pair11": {
            "mean": 226.39018033243119,
            "std": 64.59496150432466,
            "median": 261.2680678853923
          },
          "dist_pair12": {
            "mean": 158.6692868353446,
            "std": 30.92601187079673,
            "median": 159.80748918321564
          },
          "dist_pair13": {
            "mean": 155.12732036522047,
            "std": 90.38014915271218,
            "median": 181.72794536363534
          },
          "dist_pair14": {
            "mean": 157.37879356723462,
            "std": 87.62974438306695,
            "median": 176.77371005959924
          },
          "dist_pair15": {
            "mean": 191.64164882699046,
            "std": 99.12592580230015,
            "median": 217.8739326959206
          },
          "dist_pair16": {
            "mean": 122.08484608242074,
            "std": 114.0003347537449,
            "median": 67.0506335071531
          },
          "dist_pair17": {
            "mean": 163.71994124917086,
            "std": 31.81923332906536,
            "median": 175.23816964535013
          },
          "dist_pair18": {
            "mean": 26.023238299013716,
            "std": 11.238247121986621,
            "median": 25.745606488201297
          },
          "dist_pair19": {
            "mean": 81.68402427071548,
            "std": 29.84010462104099,
            "median": 84.69587450136197
          },
          "dist_pair20": {
            "mean": 235.04278000079591,
            "std": 14.174714459344795,
            "median": 237.79006885441964
          },
          "dist_pair21": {
            "mean": 126.97045673419622,
            "std": 8.353897169481671,
            "median": 127.32383307039214
          },
          "dist_pair22": {
            "mean": 63.98872435524383,
            "std": 30.836180827371322,
            "median": 65.22175673889087
          },
          "dist_pair23": {
            "mean": 234.10931882133409,
            "std": 16.1986400480171,
            "median": 237.2589353033046
          },
          "dist_pair24": {
            "mean": 144.2486546967388,
            "std": 14.265500785816629,
            "median": 145.11725516508335
          },
          "dist_pair25": {
            "mean": 272.3669842308174,
            "std": 29.930025204360092,
            "median": 278.9034875642474
          },
          "dist_pair26": {
            "mean": 201.05088139366114,
            "std": 29.99707597483265,
            "median": 206.72701629859384
          },
          "dist_pair27": {
            "mean": 183.9226954205418,
            "std": 18.479257631924266,
            "median": 180.72577207555776
          },
          "centroid_speed": {
            "mean": 222.81864799928834,
            "std": 166.54268245302688,
            "median": 184.83812291506734
          },
          "body_orientation": {
            "mean": -0.7754964177225112,
            "std": 0.09869434767276332,
            "median": -0.7685128470829125
          },
          "elongation": {
            "mean": 2.5387892821345757,
            "std": 0.3758707756968119,
            "median": 2.556070097425424
          },
          "angular_velocity": {
            "mean": -0.021177878403328625,
            "std": 2.162850788521845,
            "median": -0.010838675197202274
          },
          "movement_entropy": {
            "mean": 0.028832266434341447,
            "std": 0.010855149196345866,
            "median": 0.026048319607668374
          },
          "speed_mean_window": {
            "mean": 341.092613494815,
            "std": 118.5943209567938,
            "median": 330.83713602090535
          },
          "speed_std_window": {
            "mean": 668.6431183351023,
            "std": 161.82432041308132,
            "median": 694.0763984629532
          },
          "speed_max_window": {
            "mean": 3600.3978180257254,
            "std": 673.1531599276459,
            "median": 3768.05577069785
          },
          "speed_p90_window": {
            "mean": 1088.2860963469407,
            "std": 453.9129081297487,
            "median": 1055.4534893000127
          },
          "dist_mean_window": {
            "mean": 151.60815237715718,
            "std": 12.98713711337984,
            "median": 155.0117374482544
          },
          "dist_std_window": {
            "mean": 87.30194910314647,
            "std": 5.129218308083803,
            "median": 88.32228399035674
          },
          "angular_vel_mean_window": {
            "mean": 1.71343033575748,