state,occurrence_rate,total_duration_sec,n_bouts,mean_bout_duration_sec
state_0,0.48256676557863504,86.73333333333333,174,0.4984674329501916
state_1,0.517433234421365,93.0,174,0.5344827586206897
