,State_0,State_1
State_0,0.9334871203383314,0.06651287966166859
State_1,0.06236559139784946,0.9376344086021505
