{
  "behavioral_states": {
    "n_states": 2,
    "states": {
      "state_0": {
        "occurrence_rate": 0.707475421999629,
        "total_frames": 3814,
        "total_duration_sec": 127.13333333333334,
        "n_bouts": 126,
        "mean_bout_duration_sec": 1.0089947089947089,
        "median_bout_duration_sec": 0.2,
        "max_bout_duration_sec": 13.3,
        "feature_profile": {
          "speed_kp0": {
            "mean": 63.59754259762312,
            "std": 93.62070009330229,
            "median": 36.98598804265656
          },
          "speed_kp1": {
            "mean": 75.6544952092448,
            "std": 121.23210728326819,
            "median": 41.96592646531347
          },
          "speed_kp2": {
            "mean": 105.14623731319374,
            "std": 179.34659094714206,
            "median": 54.53464470489147
          },
          "speed_kp3": {
            "mean": 36.08851380017121,
            "std": 28.166912222758736,
            "median": 29.35278165996419
          },
          "speed_kp4": {
            "mean": 110.28483350210428,
            "std": 188.01139342876715,
            "median": 40.136379950081746
          },
          "speed_kp5": {
            "mean": 101.52707527994401,
            "std": 174.50247669266824,
            "median": 41.814400301270496
          },
          "speed_kp6": {
            "mean": 122.73044781723989,
            "std": 284.58152968079514,
            "median": 27.57830749520287
          },
          "speed_kp7": {
            "mean": 465.91575925532663,
            "std": 678.2518142769476,
            "median": 96.37319008832365
          },
          "dist_pair0": {
            "mean": 30.73850645943657,
            "std": 5.624872482424058,
            "median": 30.176552002990846
          },
          "dist_pair1": {
            "mean": 33.74485125561157,
            "std": 9.743119894275846,
            "median": 32.338020582285075
          },
          "dist_pair2": {
            "mean": 33.80157597495217,
            "std": 7.806199541174492,
            "median": 32.70959308484785
          },
          "dist_pair3": {
            "mean": 56.607597880784134,
            "std": 12.08165505057795,
            "median": 56.440031493865646
          },
          "dist_pair4": {
            "mean": 69.13390305047682,
            "std": 10.87571431223832,
            "median": 70.94029920502385
          },
          "dist_pair5": {
            "mean": 78.24080363812048,
            "std": 19.35197406923249,
            "median": 82.51459249673678
          },
          "dist_pair6": {
            "mean": 106.84699122266971,
            "std": 29.628064396761232,
            "median": 105.25483010544232
          },
          "dist_pair7": {
            "mean": 34.43915910315725,
            "std": 9.963386287518906,
            "median": 34.03435762544591
          },
          "dist_pair8": {
            "mean": 33.55240156256452,
            "std": 6.518055968733042,
            "median": 34.39421402209314
          },
          "dist_pair9": {
            "mean": 67.25526496476331,
            "std": 11.0511386227806,
            "median": 68.73858359397451
          },
          "dist_pair10": {
            "mean": 58.060818611572415,
            "std": 12.727899027491654,
            "median": 59.296333754849115
          },
          "dist_pair11": {
            "mean": 77.37073765934045,
            "std": 22.478327636121502,
            "median": 84.62205427065446
          },
          "dist_pair12": {
            "mean": 111.32507879608943,
            "std": 31.784837358074007,
            "median": 117.27810064397664
          },
          "dist_pair13": {
            "mean": 58.16185347744542,
            "std": 9.904264366655363,
            "median": 57.80817802111098
          },
          "dist_pair14": {
            "mean": 85.55610893181999,
            "std": 13.325283171692009,
            "median": 84.99525544884854
          },
          "dist_pair15": {
            "mean": 87.22704711356234,
            "std": 13.77223405259243,
            "median": 89.56570765308588
          },
          "dist_pair16": {
            "mean": 98.88961856209156,
            "std": 29.508336379475907,
            "median": 108.13541270444215
          },
          "dist_pair17": {
            "mean": 114.61668560118014,
            "std": 38.32901025009578,
            "median": 109.64165301048065
          },
          "dist_pair18": {
            "mean": 38.1702858490588,
            "std": 7.474807538411313,
            "median": 38.54687056799108
          },
          "dist_pair19": {
            "mean": 38.47771287404242,
            "std": 7.270996666808532,
            "median": 38.81198861588865
          },
          "dist_pair20": {
            "mean": 54.83924907980725,
            "std": 11.084560585127251,
            "median": 56.09521558473084
          },
          "dist_pair21": {
            "mean": 107.95977889648454,
            "std": 30.778216888711622,
            "median": 110.5621728888269
          },
          "dist_pair22": {
            "mean": 51.321080319707875,
            "std": 15.03254892839703,
            "median": 55.16856100720847
          },
          "dist_pair23": {
            "mean": 47.613366201062604,
            "std": 16.998959627476964,
            "median": 44.77904979869913
          },
          "dist_pair24": {
            "mean": 105.51764113214107,
            "std": 40.58913738572363,
            "median": 98.70233076805135
          },
          "dist_pair25": {
            "mean": 42.338850651593404,
            "std": 16.640066850834394,
            "median": 40.366459675797365
          },
          "dist_pair26": {
            "mean": 111.58875953454566,
            "std": 45.231577018212235,
            "median": 104.85888744983292
          },
          "dist_pair27": {
            "mean": 97.69637517759571,
            "std": 47.221987677908,
            "median": 91.43523340977289
          },
          "centroid_speed": {
            "mean": 88.12062831468394,
            "std": 88.53427407037957,
            "median": 56.82373597829439
          },
          "body_orientation": {
            "mean": -1.2677816050618558,
            "std": 0.9734807413444135,
            "median": -1.6713216035115899
          },
          "elongation": {
            "mean": 2.1604928018960567,
            "std": 0.832925041772772,
            "median": 2.040887038831929
          },
          "angular_velocity": {
            "mean": -0.3993100364808726,
            "std": 19.329514556974996,
            "median": -0.0028472748441312097
          },
          "movement_entropy": {
            "mean": 0.10520021898046392,
            "std": 0.16329809245429125,
            "median": 0.051227129886413515
          },
          "speed_mean_window": {
            "mean": 131.2929135884988,
            "std": 76.31834692643852,
            "median": 116.05716399308872
          },
          "speed_std_window": {
            "mean": 255.4089161099322,
            "std": 161.5348809160882,
            "median": 228.29680957494298
          },
          "speed_max_window": {
            "mean": 1721.0565886985519,
            "std": 1050.1562007764944,
            "median": 1581.4454823777985
          },
          "speed_p90_window": {
            "mean": 326.3783041713239,
            "std": 256.44348780466584,
            "median": 228.8175710789717
          },
          "dist_mean_window": {
            "mean": 70.84585138214912,
            "std": 6.05228911668734,
            "median": 70.66271148507153
          },
          "dist_std_window": {
            "mean": 36.90106113034665,
            "std": 5.93663724977579,
            "median": 35.93241932101816
          },
          "angular_vel_mean_window": {
            "mean": 7.156711243235439,
            "std": 6.840663195991692,