state,occurrence_rate,total_duration_sec,n_bouts,mean_bout_duration_sec
state_0,0.707475421999629,127.13333333333334,126,1.0089947089947089
state_1,0.292524578000371,52.56666666666667,126,0.4171957671957672
