,State_0,State_1
State_0,0.9672174141096249,0.032782585890375034
State_1,0.07989854153455929,0.9201014584654407
