{
  "behavioral_states": {
    "n_states": 2,
    "states": {
      "state_0": {
        "occurrence_rate": 0.7035861631228182,
        "total_frames": 4434,
        "total_duration_sec": 147.8,
        "n_bouts": 79,
        "mean_bout_duration_sec": 1.870886075949367,
        "median_bout_duration_sec": 0.13333333333333333,
        "max_bout_duration_sec": 48.233333333333334,
        "feature_profile": {
          "speed_kp0": {
            "mean": 52.67441050586484,
            "std": 101.11374230002201,
            "median": 24.332319356010604
          },
          "speed_kp1": {
            "mean": 60.27798169339815,
            "std": 110.02964151986389,
            "median": 27.622949143722984
          },
          "speed_kp2": {
            "mean": 101.94879159857787,
            "std": 197.23268546914994,
            "median": 47.88285097608666
          },
          "speed_kp3": {
            "mean": 35.4535613511216,
            "std": 88.7274980713853,
            "median": 16.39612235181709
          },
          "speed_kp4": {
            "mean": 55.16740821129932,
            "std": 125.35178541296435,
            "median": 17.93930026199292
          },
          "speed_kp5": {
            "mean": 82.16609476952067,
            "std": 160.7309398904451,
            "median": 25.92414630108155
          },
          "speed_kp6": {
            "mean": 84.02872362478075,
            "std": 242.51631594333594,
            "median": 16.129216013733632
          },
          "speed_kp7": {
            "mean": 428.0243779856847,
            "std": 774.8688622694231,
            "median": 27.93082894558025
          },
          "dist_pair0": {
            "mean": 25.7302691317001,
            "std": 8.947107494492025,
            "median": 28.469253313449983
          },
          "dist_pair1": {
            "mean": 28.107084528076165,
            "std": 13.315986615596053,
            "median": 27.647085424348077
          },
          "dist_pair2": {
            "mean": 36.79013802505839,
            "std": 6.127074563575431,
            "median": 36.818401170921035
          },
          "dist_pair3": {
            "mean": 60.66016503808006,
            "std": 11.121763176667725,
            "median": 60.641831158605854
          },
          "dist_pair4": {
            "mean": 65.48144900109838,
            "std": 11.646044539436238,
            "median": 65.23639833912436
          },
          "dist_pair5": {
            "mean": 83.40172536483519,
            "std": 18.42260755834626,
            "median": 81.93201957767462
          },
          "dist_pair6": {
            "mean": 152.5076825412044,
            "std": 52.55798511644427,
            "median": 165.3651029046005
          },
          "dist_pair7": {
            "mean": 25.806034322106,
            "std": 12.97014793235085,
            "median": 25.548073164437447
          },
          "dist_pair8": {
            "mean": 35.00760141373697,
            "std": 5.655145678670277,
            "median": 34.16124761400725
          },
          "dist_pair9": {
            "mean": 64.75678149727301,
            "std": 10.92344754578442,
            "median": 63.205221815256394
          },
          "dist_pair10": {
            "mean": 58.43375877431393,
            "std": 11.372893366742005,
            "median": 57.8330375127707
          },
          "dist_pair11": {
            "mean": 79.17907661341424,
            "std": 20.085800258930618,
            "median": 80.10644502707828
          },
          "dist_pair12": {
            "mean": 154.30734096122652,
            "std": 52.34329656856552,
            "median": 170.36151372561054
          },
          "dist_pair13": {
            "mean": 51.71282170180142,
            "std": 12.117042029619475,
            "median": 50.07124091589395
          },
          "dist_pair14": {
            "mean": 78.52920300821224,
            "std": 15.790116100642871,
            "median": 78.4774213468872
          },
          "dist_pair15": {
            "mean": 76.78953403151002,
            "std": 15.391584476281455,
            "median": 77.45140689047605
          },
          "dist_pair16": {
            "mean": 96.60394048303334,
            "std": 22.452933995382665,
            "median": 97.55944293130682
          },
          "dist_pair17": {
            "mean": 161.4461831150427,
            "std": 59.57203754598833,
            "median": 178.2568877826929
          },
          "dist_pair18": {
            "mean": 32.68205451282707,
            "std": 7.0813248696525,
            "median": 32.90622074563409
          },
          "dist_pair19": {
            "mean": 33.22033399384366,
            "std": 6.705332013946818,
            "median": 32.61120859145379
          },
          "dist_pair20": {
            "mean": 51.30655531876252,
            "std": 12.603748527742681,
            "median": 49.939380724084806
          },
          "dist_pair21": {
            "mean": 141.8515515868373,
            "std": 39.83103670757156,
            "median": 151.02312006339554
          },
          "dist_pair22": {
            "mean": 37.758311789620464,
            "std": 13.320787200680005,
            "median": 42.60355836030374
          },
          "dist_pair23": {
            "mean": 39.24920832413777,
            "std": 12.926724668281231,
            "median": 39.82407486354253
          },
          "dist_pair24": {
            "mean": 136.68154037011882,
            "std": 35.88354280773497,
            "median": 141.37600657135417
          },
          "dist_pair25": {
            "mean": 35.64808370071687,
            "std": 16.05950371091591,
            "median": 36.30024367237506
          },
          "dist_pair26": {
            "mean": 139.14590348879534,
            "std": 43.225930846239244,
            "median": 136.2781761659654
          },
          "dist_pair27": {
            "mean": 125.83244503216734,
            "std": 48.35666599316516,
            "median": 115.07074765468839
          },
          "centroid_speed": {
            "mean": 82.03153505901061,
            "std": 119.24907376270104,
            "median": 36.76602828486217
          },
          "body_orientation": {
            "mean": -0.5610356267033969,
            "std": 0.8986795429615765,
            "median": -0.3862240193034684
          },
          "elongation": {
            "mean": 3.05215948417924,
            "std": 1.0651963765972392,
            "median": 2.9755384960427627
          },
          "angular_velocity": {
            "mean": 0.12119109467437189,
            "std": 13.292595231706265,
            "median": 0.006253325824602425
          },
          "movement_entropy": {
            "mean": 0.11474168163511668,
            "std": 0.14773169401109415,
            "median": 0.06241980036531859
          },
          "speed_mean_window": {
            "mean": 109.79755968029865,
            "std": 106.0115445756269,
            "median": 81.71925609644123
          },
          "speed_std_window": {
            "mean": 231.29665354849357,
            "std": 185.95746282848128,
            "median": 162.52630571754008
          },
          "speed_max_window": {
            "mean": 1601.9097092877712,
            "std": 1204.8892554821011,
            "median": 1246.031336115148
          },
          "speed_p90_window": {
            "mean": 239.54705873007697,
            "std": 246.0747377808771,
            "median": 163.5756396264827
          },
          "dist_mean_window": {
            "mean": 76.8540528110183,
            "std": 9.720061672646471,
            "median": 76.9361975855426
          },
          "dist_std_window": {
            "mean": 52.736103143186135,
            "std": 11.610913395130476,
            "median": 52.486667909574564
          },
          "angular_vel_mean_window": {
            "mean": 4.16727284050036,
            "std": 5.447787484065882,