state,occurrence_rate,total_duration_sec,n_bouts,mean_bout_duration_sec
state_0,0.7035861631228182,147.8,79,1.870886075949367
state_1,0.29641383687718187,62.266666666666666,80,0.7783333333333334
