,State_0,State_1
State_0,0.9821831303563374,0.01781686964366261
State_1,0.04231387252276379,0.9576861274772362
