{
  "behavioral_states": {
    "n_states": 2,
    "states": {
      "state_0": {
        "occurrence_rate": 0.4056008902077151,
        "total_frames": 2187,
        "total_duration_sec": 72.9,
        "n_bouts": 295,
        "mean_bout_duration_sec": 0.24711864406779663,
        "median_bout_duration_sec": 0.1,
        "max_bout_duration_sec": 11.6,
        "feature_profile": {
          "speed_kp0": {
            "mean": 161.17828856761952,
            "std": 204.7663747419283,
            "median": 101.44051618511668
          },
          "speed_kp1": {
            "mean": 220.9337186078856,
            "std": 275.0786796888299,
            "median": 121.66100885311985
          },
          "speed_kp2": {
            "mean": 263.99034883320377,
            "std": 402.48651935195903,
            "median": 149.71678568988597
          },
          "speed_kp3": {
            "mean": 84.03774882095722,
            "std": 75.4111412750969,
            "median": 64.17629429646992
          },
          "speed_kp4": {
            "mean": 124.40114016557068,
            "std": 180.88669932361915,
            "median": 65.1759616306496
          },
          "speed_kp5": {
            "mean": 98.92139743626919,
            "std": 146.4781276793361,
            "median": 56.33284070525903
          },
          "speed_kp6": {
            "mean": 166.83293924891424,
            "std": 268.54472020381473,
            "median": 73.65349845029004
          },
          "speed_kp7": {
            "mean": 760.16173200471,
            "std": 852.2665232180882,
            "median": 393.83371389599887
          },
          "dist_pair0": {
            "mean": 35.30330367794613,
            "std": 13.93673295481257,
            "median": 33.82148041102898
          },
          "dist_pair1": {
            "mean": 38.75707254776427,
            "std": 19.642022656066356,
            "median": 34.87647499617046
          },
          "dist_pair2": {
            "mean": 31.690570016712687,
            "std": 8.032582374899569,
            "median": 31.10209115297764
          },
          "dist_pair3": {
            "mean": 54.068702467338305,
            "std": 15.664550214668834,
            "median": 53.52282104809085
          },
          "dist_pair4": {
            "mean": 66.63405413082637,
            "std": 13.196670298001223,
            "median": 67.22981402662354
          },
          "dist_pair5": {
            "mean": 81.70493341093349,
            "std": 19.68842347603901,
            "median": 82.96962420896985
          },
          "dist_pair6": {
            "mean": 134.64889010501577,
            "std": 42.6387896879601,
            "median": 134.420049964539
          },
          "dist_pair7": {
            "mean": 43.13582445033864,
            "std": 22.536491196637726,
            "median": 39.25382388270064
          },
          "dist_pair8": {
            "mean": 32.425332582397495,
            "std": 10.119365555700304,
            "median": 31.885643372881947
          },
          "dist_pair9": {
            "mean": 64.38944169988588,
            "std": 16.095543902280202,
            "median": 66.33473864609819
          },
          "dist_pair10": {
            "mean": 54.0652139248578,
            "std": 15.016980065935465,
            "median": 53.617174489329685
          },
          "dist_pair11": {
            "mean": 79.91996827899109,
            "std": 21.40433637370268,
            "median": 81.77979450536426
          },
          "dist_pair12": {
            "mean": 128.61732708605518,
            "std": 44.79649365187938,
            "median": 129.07420680461468
          },
          "dist_pair13": {
            "mean": 57.04336679771486,
            "std": 14.659617496417384,
            "median": 57.334077626182925
          },
          "dist_pair14": {
            "mean": 84.05630204591077,
            "std": 21.013323666511997,
            "median": 85.3738157804932
          },
          "dist_pair15": {
            "mean": 85.13959364965956,
            "std": 20.260022696299718,
            "median": 87.50560694497088
          },
          "dist_pair16": {
            "mean": 105.28472042902611,
            "std": 26.715111975119058,
            "median": 110.65026957877824
          },
          "dist_pair17": {
            "mean": 147.13011056852116,
            "std": 49.153705086682734,
            "median": 144.92921305747035
          },
          "dist_pair18": {
            "mean": 38.433470157450465,
            "std": 8.09189555563032,
            "median": 38.532732351969585
          },
          "dist_pair19": {
            "mean": 39.086887806719304,
            "std": 7.639148358705633,
            "median": 38.350822018974526
          },
          "dist_pair20": {
            "mean": 57.32966587362477,
            "std": 13.297277420068443,
            "median": 57.91673561563858
          },
          "dist_pair21": {
            "mean": 119.89700894237029,
            "std": 39.31321191329515,
            "median": 120.38499368559171
          },
          "dist_pair22": {
            "mean": 52.02772165552635,
            "std": 10.70968615215946,
            "median": 53.987884033794884
          },
          "dist_pair23": {
            "mean": 44.0090054141597,
            "std": 13.278119626237778,
            "median": 43.1699166758025
          },
          "dist_pair24": {
            "mean": 114.79385496151983,
            "std": 40.570713182100086,
            "median": 112.61908639668064
          },
          "dist_pair25": {
            "mean": 43.054295604196255,
            "std": 12.986649191620002,
            "median": 43.20367957274907
          },
          "dist_pair26": {
            "mean": 104.35591142183314,
            "std": 40.840692403762326,
            "median": 102.94567973337942
          },
          "dist_pair27": {
            "mean": 96.88498162408037,
            "std": 38.66781072432064,
            "median": 93.6856675562047
          },
          "centroid_speed": {
            "mean": 143.07293379925198,
            "std": 115.78562746254889,
            "median": 114.08587521156693
          },
          "body_orientation": {
            "mean": -0.7563892499437547,
            "std": 0.8099214229527747,
            "median": -0.7415787367997672
          },
          "elongation": {
            "mean": 2.3063129221021623,
            "std": 0.9284045710862149,
            "median": 2.0440882147689448
          },
          "angular_velocity": {
            "mean": 0.1441255094108574,
            "std": 19.04350695381807,
            "median": -0.033612605704334414
          },
          "movement_entropy": {
            "mean": 0.05581308916652652,
            "std": 0.06700720400556477,
            "median": 0.037412454472712985
          },
          "speed_mean_window": {
            "mean": 213.78719158127524,
            "std": 101.33962968218653,
            "median": 205.43834828884312
          },
          "speed_std_window": {
            "mean": 344.47134127242464,
            "std": 156.10363608383557,
            "median": 350.14944643558033
          },
          "speed_max_window": {
            "mean": 2324.667592068132,
            "std": 952.9813675800294,
            "median": 2463.3731002493596
          },
          "speed_p90_window": {
            "mean": 498.0490289638791,
            "std": 321.9672707337215,
            "median": 418.0220936614355
          },
          "dist_mean_window": {
            "mean": 78.39998673467007,
            "std": 10.79385675851501,
            "median": 80.20635784877697
          },
          "dist_std_window": {
            "mean": 46.26293496116313,
            "std": 11.67226351210294,
            "median": 46.784436672019
          },
          "angular_vel_mean_window": {
            "mean": 7.239660677896796,
            "std": 5.520073543313508,