state,occurrence_rate,total_duration_sec,n_bouts,mean_bout_duration_sec
state_0,0.4056008902077151,72.9,295,0.24711864406779663
state_1,0.5943991097922848,106.83333333333333,295,0.36214689265536726
