,State_0,State_1
State_0,0.8655077767612077,0.1344922232387923
State_1,0.09204368174726989,0.9079563182527302
