,State_0,State_1,State_2
State_0,0.91844997108155,0.006940427993059572,0.0746096009253904
State_1,0.018270401948842874,0.902557856272838,0.07917174177831912
State_2,0.044366197183098595,0.023943661971830985,0.9316901408450704
