{
  "behavioral_states": {
    "n_states": 2,
    "states": {
      "state_0": {
        "occurrence_rate": 0.5061201780415431,
        "total_frames": 2729,
        "total_duration_sec": 90.96666666666667,
        "n_bouts": 128,
        "mean_bout_duration_sec": 0.7106770833333333,
        "median_bout_duration_sec": 0.4166666666666667,
        "max_bout_duration_sec": 5.2,
        "feature_profile": {
          "speed_kp0": {
            "mean": 177.490876778883,
            "std": 104.79884405917564,
            "median": 164.8859983704141
          },
          "speed_kp1": {
            "mean": 176.47764107037128,
            "std": 105.80139596048713,
            "median": 164.2659457568956
          },
          "speed_kp2": {
            "mean": 224.9181402818034,
            "std": 133.50921133346327,
            "median": 208.51880010548834
          },
          "speed_kp3": {
            "mean": 153.4279065772593,
            "std": 93.17120458067248,
            "median": 139.52710362832156
          },
          "speed_kp4": {
            "mean": 138.84756273622676,
            "std": 107.61379314476092,
            "median": 113.19147875896671
          },
          "speed_kp5": {
            "mean": 146.60647626799846,
            "std": 116.43717879820387,
            "median": 117.05278850430894
          },
          "speed_kp6": {
            "mean": 150.03628787110026,
            "std": 132.73530110155835,
            "median": 123.78076878886527
          },
          "speed_kp7": {
            "mean": 876.6645330689689,
            "std": 1048.100545082763,
            "median": 449.00859152176025
          },
          "dist_pair0": {
            "mean": 33.374700112630556,
            "std": 5.117999351027298,
            "median": 32.43597450079361
          },
          "dist_pair1": {
            "mean": 35.43771152187277,
            "std": 10.740459328962078,
            "median": 32.71713016669319
          },
          "dist_pair2": {
            "mean": 35.49927192027895,
            "std": 4.798559387049548,
            "median": 34.99719089443444
          },
          "dist_pair3": {
            "mean": 72.87375558553381,
            "std": 11.324060875472611,
            "median": 72.08270471583087
          },
          "dist_pair4": {
            "mean": 82.27122428709288,
            "std": 9.247120424577833,
            "median": 81.85052922015784
          },
          "dist_pair5": {
            "mean": 103.15525934912976,
            "std": 12.49399754281824,
            "median": 103.42960926241702
          },
          "dist_pair6": {
            "mean": 182.6553255005831,
            "std": 70.81771159533939,
            "median": 172.4515397054129
          },
          "dist_pair7": {
            "mean": 36.40509384044097,
            "std": 10.632308003915547,
            "median": 33.909426036486316
          },
          "dist_pair8": {
            "mean": 36.51010623301931,
            "std": 4.16475955186987,
            "median": 36.54031327989576
          },
          "dist_pair9": {
            "mean": 83.88934955378579,
            "std": 9.358008520538165,
            "median": 82.62038881622152
          },
          "dist_pair10": {
            "mean": 73.77213265920744,
            "std": 11.997962324392926,
            "median": 72.8227504147831
          },
          "dist_pair11": {
            "mean": 103.87970011763052,
            "std": 12.072701529758959,
            "median": 104.1623049582978
          },
          "dist_pair12": {
            "mean": 184.21221915770337,
            "std": 72.53605672401575,
            "median": 174.50409441175347
          },
          "dist_pair13": {
            "mean": 63.12165513416207,
            "std": 10.366212880179562,
            "median": 61.19432674886549
          },
          "dist_pair14": {
            "mean": 105.94825113323162,
            "std": 12.812564441864673,
            "median": 105.94050791703052
          },
          "dist_pair15": {
            "mean": 106.41733244803841,
            "std": 13.211607081099014,
            "median": 106.78574419992827
          },
          "dist_pair16": {
            "mean": 132.2790532872531,
            "std": 13.067381619350035,
            "median": 133.3126567937429
          },
          "dist_pair17": {
            "mean": 201.68451369311077,
            "std": 77.44938777405683,
            "median": 195.600142102734
          },
          "dist_pair18": {
            "mean": 48.42618073198001,
            "std": 8.188598597740143,
            "median": 47.25493926269245
          },
          "dist_pair19": {
            "mean": 47.9166159043167,
            "std": 8.42291960529612,
            "median": 47.224218556243365
          },
          "dist_pair20": {
            "mean": 72.1428657200164,
            "std": 9.869899992408216,
            "median": 72.08453170238425
          },
          "dist_pair21": {
            "mean": 166.51601515129286,
            "std": 68.0232900269211,
            "median": 151.78484845229588
          },
          "dist_pair22": {
            "mean": 46.97817224973461,
            "std": 6.460298050451036,
            "median": 47.045191429962266
          },
          "dist_pair23": {
            "mean": 40.404771602539235,
            "std": 7.7678928819618855,
            "median": 40.18444350580925
          },
          "dist_pair24": {
            "mean": 146.93284346936414,
            "std": 68.87598855780783,
            "median": 129.37578959819348
          },
          "dist_pair25": {
            "mean": 39.66551573312785,
            "std": 8.134717611717836,
            "median": 40.30439496859076
          },
          "dist_pair26": {
            "mean": 150.32948907545946,
            "std": 71.37750817243135,
            "median": 131.2093329227367
          },
          "dist_pair27": {
            "mean": 131.45486683163534,
            "std": 72.57903346456168,
            "median": 107.9788366300308
          },
          "centroid_speed": {
            "mean": 178.91719675693247,
            "std": 129.0866711362634,
            "median": 152.34907872441792
          },
          "body_orientation": {
            "mean": -0.7148839052940614,
            "std": 0.6580456757537695,
            "median": -0.7698067371942471
          },
          "elongation": {
            "mean": 2.936266695324175,
            "std": 1.223512375808371,
            "median": 2.761627362956982
          },
          "angular_velocity": {
            "mean": 0.09859625705010075,
            "std": 15.357031400056263,
            "median": 0.020687724038731536
          },
          "movement_entropy": {
            "mean": 0.038275706414568,
            "std": 0.025002073886020746,
            "median": 0.03155266735491328
          },
          "speed_mean_window": {
            "mean": 245.15029775080754,
            "std": 74.19338510421403,
            "median": 242.37718797150904
          },
          "speed_std_window": {
            "mean": 395.5838112993157,
            "std": 182.23163583426503,
            "median": 380.12016158770933
          },
          "speed_max_window": {
            "mean": 3006.4619050663914,
            "std": 1226.0583949617517,
            "median": 2971.7456753779425
          },
          "speed_p90_window": {
            "mean": 385.6780619588719,
            "std": 137.62628307667097,
            "median": 369.4969531062745
          },
          "dist_mean_window": {
            "mean": 87.93540462973962,
            "std": 12.35416084531214,
            "median": 85.84065681126306
          },
          "dist_std_window": {
            "mean": 57.44030896311804,
            "std": 17.083817973719444,
            "median": 53.387716384812975
          },
          "angular_vel_mean_window": {
            "mean": 5.67131195481156,
            "std": 4.647198518526691,