state,occurrence_rate,total_duration_sec,n_bouts,mean_bout_duration_sec
state_0,0.5061201780415431,90.96666666666667,128,0.7106770833333333
state_1,0.493879821958457,88.76666666666667,128,0.6934895833333333
