,State_0,State_1
State_0,0.9530963722975448,0.04690362770245511
State_1,0.04770848985725019,0.9522915101427498
