,State_0,State_1,State_2
State_0,0.9515151515151515,0.010101010101010102,0.03838383838383838
State_1,0.0027184466019417475,0.9603883495145631,0.036893203883495145
State_2,0.005261528938409161,0.030021665119158155,0.9647168059424327
