{
  "behavioral_states": {
    "n_states": 2,
    "states": {
      "state_0": {
        "occurrence_rate": 0.500317359568391,
        "total_frames": 3153,
        "total_duration_sec": 105.1,
        "n_bouts": 121,
        "mean_bout_duration_sec": 0.868595041322314,
        "median_bout_duration_sec": 0.2,
        "max_bout_duration_sec": 8.166666666666666,
        "feature_profile": {
          "speed_kp0": {
            "mean": 109.89264601094584,
            "std": 148.7477190995497,
            "median": 76.7597208634032
          },
          "speed_kp1": {
            "mean": 109.0452564244005,
            "std": 152.6286403688739,
            "median": 78.61936693881844
          },
          "speed_kp2": {
            "mean": 333.1590667760426,
            "std": 752.2613898871169,
            "median": 116.73720971647856
          },
          "speed_kp3": {
            "mean": 81.95806813132903,
            "std": 116.6023103821443,
            "median": 54.26597140850027
          },
          "speed_kp4": {
            "mean": 108.68558090735777,
            "std": 173.8837158150501,
            "median": 47.09205051130595
          },
          "speed_kp5": {
            "mean": 123.54312222568085,
            "std": 200.76713574809406,
            "median": 51.66042280947024
          },
          "speed_kp6": {
            "mean": 90.3141037251655,
            "std": 152.2823293965378,
            "median": 47.30723042400103
          },
          "speed_kp7": {
            "mean": 239.17009043871633,
            "std": 499.7303805147267,
            "median": 22.130437194627806
          },
          "dist_pair0": {
            "mean": 28.246668411296557,
            "std": 9.63143792690152,
            "median": 29.000429810912518
          },
          "dist_pair1": {
            "mean": 41.90328155246711,
            "std": 52.708551870239916,
            "median": 29.518139466870668
          },
          "dist_pair2": {
            "mean": 49.934190995903585,
            "std": 10.13570908053676,
            "median": 48.431088803614834
          },
          "dist_pair3": {
            "mean": 87.04487584522886,
            "std": 15.639307000349117,
            "median": 86.83885828641628
          },
          "dist_pair4": {
            "mean": 88.5175552527722,
            "std": 14.769685275064704,
            "median": 88.09226361824437
          },
          "dist_pair5": {
            "mean": 120.45277428159329,
            "std": 16.447014169493617,
            "median": 119.85870726995873
          },
          "dist_pair6": {
            "mean": 196.72604982970108,
            "std": 37.41095496172074,
            "median": 197.98569591193166
          },
          "dist_pair7": {
            "mean": 39.746973973745014,
            "std": 53.11428635580665,
            "median": 26.233772949803058
          },
          "dist_pair8": {
            "mean": 49.85889755511492,
            "std": 10.016297175527225,
            "median": 48.525169629853174
          },
          "dist_pair9": {
            "mean": 92.52828796163118,
            "std": 13.564954185257676,
            "median": 92.92343843683537
          },
          "dist_pair10": {
            "mean": 83.0872475861145,
            "std": 16.12108868411087,
            "median": 82.01619208101054
          },
          "dist_pair11": {
            "mean": 121.18025685716243,
            "std": 15.419300220773358,
            "median": 121.20773403548124
          },
          "dist_pair12": {
            "mean": 196.4307962062512,
            "std": 39.41532414682804,
            "median": 199.44890109224121
          },
          "dist_pair13": {
            "mean": 76.99878826383463,
            "std": 39.686979451996855,
            "median": 69.34028715225158
          },
          "dist_pair14": {
            "mean": 113.11397246363899,
            "std": 31.5882221287314,
            "median": 109.55818000284735
          },
          "dist_pair15": {
            "mean": 108.64490120057664,
            "std": 33.41422110984688,
            "median": 104.7192094253638
          },
          "dist_pair16": {
            "mean": 141.28804769355642,
            "std": 27.35652451397876,
            "median": 140.63775444674022
          },
          "dist_pair17": {
            "mean": 208.28393714030213,
            "std": 45.67015833160136,
            "median": 211.51260041653194
          },
          "dist_pair18": {
            "mean": 46.32905511281227,
            "std": 10.028446069095518,
            "median": 45.2874804271279
          },
          "dist_pair19": {
            "mean": 43.69344629243894,
            "std": 8.613805175841156,
            "median": 43.03953976520689
          },
          "dist_pair20": {
            "mean": 74.06140660521851,
            "std": 11.97213351230909,
            "median": 73.02950831911527
          },
          "dist_pair21": {
            "mean": 162.0686640219551,
            "std": 34.97599126431166,
            "median": 160.2716673768703
          },
          "dist_pair22": {
            "mean": 49.45090746740941,
            "std": 13.912794019768038,
            "median": 52.18107867168554
          },
          "dist_pair23": {
            "mean": 43.84521499647349,
            "std": 11.564598766585538,
            "median": 42.87414942724289
          },
          "dist_pair24": {
            "mean": 138.80463722217908,
            "std": 39.027585400503455,
            "median": 135.09624073443942
          },
          "dist_pair25": {
            "mean": 50.47198790794263,
            "std": 13.954044915276485,
            "median": 49.61556851599256
          },
          "dist_pair26": {
            "mean": 141.02199648714188,
            "std": 41.59677791206274,
            "median": 144.11910569814466
          },
          "dist_pair27": {
            "mean": 114.06411457359498,
            "std": 42.06245268421977,
            "median": 111.44796188970183
          },
          "centroid_speed": {
            "mean": 102.96752202159014,
            "std": 126.08910607901065,
            "median": 64.17439221390543
          },
          "body_orientation": {
            "mean": -0.7617612018439577,
            "std": 0.8826334507422072,
            "median": -0.7797567924744858
          },
          "elongation": {
            "mean": 3.093051925158921,
            "std": 1.3193309490521008,
            "median": 2.899589816556421
          },
          "angular_velocity": {
            "mean": -0.0397221851434033,
            "std": 12.773135247424463,
            "median": 0.044024935316794855
          },
          "movement_entropy": {
            "mean": 0.06872476958853946,
            "std": 0.05968702497914224,
            "median": 0.04888020185838861
          },
          "speed_mean_window": {
            "mean": 147.92927078367373,
            "std": 99.07914661987756,
            "median": 134.19577416171072
          },
          "speed_std_window": {
            "mean": 277.0675872765604,
            "std": 194.14965199008978,
            "median": 224.38313802503308
          },
          "speed_max_window": {
            "mean": 2186.0095090301475,
            "std": 1570.2323832240988,
            "median": 1782.4234986053746
          },
          "speed_p90_window": {
            "mean": 276.0709541360085,
            "std": 209.7076947171991,
            "median": 229.878644715543
          },
          "dist_mean_window": {
            "mean": 94.93381165656677,
            "std": 9.737295318381967,
            "median": 94.69086331079501
          },
          "dist_std_window": {
            "mean": 56.04270163166658,
            "std": 10.994363359171642,
            "median": 54.47231015544418
          },
          "angular_vel_mean_window": {
            "mean": 3.5007969832677035,
            "std": 3.9080756643864305,