state,occurrence_rate,total_duration_sec,n_bouts,mean_bout_duration_sec
state_0,0.500317359568391,105.1,121,0.868595041322314
state_1,0.49968264043160904,104.96666666666667,121,0.8674931129476584
