,State_0,State_1
State_0,0.9616238503013004,0.03837614969869965
State_1,0.03811944091486658,0.9618805590851334
