{
  "behavioral_states": {
    "n_states": 2,
    "states": {
      "state_0": {
        "occurrence_rate": 0.30235577814876646,
        "total_frames": 1630,
        "total_duration_sec": 54.333333333333336,
        "n_bouts": 122,
        "mean_bout_duration_sec": 0.44535519125683065,
        "median_bout_duration_sec": 0.1,
        "max_bout_duration_sec": 7.166666666666667,
        "feature_profile": {
          "speed_kp0": {
            "mean": 99.07401883243867,
            "std": 164.8856419642579,
            "median": 60.788617506570645
          },
          "speed_kp1": {
            "mean": 92.41406107168456,
            "std": 131.25564189478095,
            "median": 60.08006547740482
          },
          "speed_kp2": {
            "mean": 102.08431764691314,
            "std": 107.60305454565724,
            "median": 76.90265502608304
          },
          "speed_kp3": {
            "mean": 74.12377947269712,
            "std": 92.73854717827541,
            "median": 43.44342768928853
          },
          "speed_kp4": {
            "mean": 102.49854573763173,
            "std": 197.0258553848844,
            "median": 33.68380810569531
          },
          "speed_kp5": {
            "mean": 104.94202095717606,
            "std": 181.5932717064074,
            "median": 37.61635076279612
          },
          "speed_kp6": {
            "mean": 154.23447179809295,
            "std": 466.12562132791487,
            "median": 24.025555310304963
          },
          "speed_kp7": {
            "mean": 251.54053312089957,
            "std": 506.09484428862856,
            "median": 23.3574451935527
          },
          "dist_pair0": {
            "mean": 33.70811455274661,
            "std": 11.482732050182477,
            "median": 32.32478766843251
          },
          "dist_pair1": {
            "mean": 32.71982735502707,
            "std": 13.555021536594419,
            "median": 31.12391507850453
          },
          "dist_pair2": {
            "mean": 44.29468047470544,
            "std": 14.960984092195725,
            "median": 39.80634249611245
          },
          "dist_pair3": {
            "mean": 82.95003059083247,
            "std": 21.494646345326167,
            "median": 79.96129947021626
          },
          "dist_pair4": {
            "mean": 93.36190112230021,
            "std": 17.924233212316025,
            "median": 92.50168668628515
          },
          "dist_pair5": {
            "mean": 129.58536085362752,
            "std": 35.42379835001219,
            "median": 121.8606333326673
          },
          "dist_pair6": {
            "mean": 173.75203342586073,
            "std": 39.210419227503934,
            "median": 172.27234768314753
          },
          "dist_pair7": {
            "mean": 35.913778414252164,
            "std": 12.994814059187048,
            "median": 35.58644194299721
          },
          "dist_pair8": {
            "mean": 44.53302004829081,
            "std": 13.696622842229097,
            "median": 40.03411377048903
          },
          "dist_pair9": {
            "mean": 92.13554634907196,
            "std": 17.030367054533354,
            "median": 90.6372388304154
          },
          "dist_pair10": {
            "mean": 83.3009962200881,
            "std": 19.67105288253232,
            "median": 82.59537752588784
          },
          "dist_pair11": {
            "mean": 130.41774403204118,
            "std": 34.78909521416103,
            "median": 126.69997318561882
          },
          "dist_pair12": {
            "mean": 181.0360121795448,
            "std": 38.06850318882299,
            "median": 179.31485028827532
          },
          "dist_pair13": {
            "mean": 69.00898846074841,
            "std": 18.010368626871912,
            "median": 65.11708930147242
          },
          "dist_pair14": {
            "mean": 111.87216384249133,
            "std": 22.070085347023838,
            "median": 111.84980798044947
          },
          "dist_pair15": {
            "mean": 113.78619658845285,
            "std": 21.556977521446857,
            "median": 113.49440550522472
          },
          "dist_pair16": {
            "mean": 155.8482147559174,
            "std": 34.56736337879142,
            "median": 152.65816642745597
          },
          "dist_pair17": {
            "mean": 199.73147552556654,
            "std": 40.69322881466566,
            "median": 198.55535015684472
          },
          "dist_pair18": {
            "mean": 52.06502158069374,
            "std": 12.423129258954297,
            "median": 50.53854374057241
          },
          "dist_pair19": {
            "mean": 52.860323607383314,
            "std": 11.684956881962798,
            "median": 51.91586772962941
          },
          "dist_pair20": {
            "mean": 91.00724624135455,
            "std": 32.74385164010419,
            "median": 79.22001549861538
          },
          "dist_pair21": {
            "mean": 144.52509702898232,
            "std": 36.12801993904261,
            "median": 141.64420350185333
          },
          "dist_pair22": {
            "mean": 56.32267031281822,
            "std": 18.627039834349677,
            "median": 61.65178016051762
          },
          "dist_pair23": {
            "mean": 60.47613319559166,
            "std": 33.26834344333834,
            "median": 52.82140326612921
          },
          "dist_pair24": {
            "mean": 109.46841958921883,
            "std": 37.15981260550739,
            "median": 111.86060612564381
          },
          "dist_pair25": {
            "mean": 63.49932850063745,
            "std": 38.89334672616493,
            "median": 50.097729127593865
          },
          "dist_pair26": {
            "mean": 126.7696480169207,
            "std": 44.60472737920154,
            "median": 125.50253351808519
          },
          "dist_pair27": {
            "mean": 87.66574554112005,
            "std": 54.41435977780892,
            "median": 76.0468252485848
          },
          "centroid_speed": {
            "mean": 79.53684616052217,
            "std": 83.80566191609537,
            "median": 52.42209394628288
          },
          "body_orientation": {
            "mean": -0.31986166871688454,
            "std": 0.7603757378521007,
            "median": -0.1308076265962954
          },
          "elongation": {
            "mean": 2.9927077495730257,
            "std": 1.031487604140861,
            "median": 2.9261299751820875
          },
          "angular_velocity": {
            "mean": -0.02155102618004298,
            "std": 5.360082946794245,
            "median": -0.04038395815646384
          },
          "movement_entropy": {
            "mean": 0.08699851139958792,
            "std": 0.08525814572143091,
            "median": 0.05491668100947775
          },
          "speed_mean_window": {
            "mean": 128.86076229294895,
            "std": 77.03996758309503,
            "median": 119.39154897632554
          },
          "speed_std_window": {
            "mean": 235.74053670535437,
            "std": 160.93678189700583,
            "median": 196.9620976608689
          },
          "speed_max_window": {
            "mean": 1654.1206693055974,
            "std": 1084.0320476427494,
            "median": 1460.0163115186717
          },
          "speed_p90_window": {
            "mean": 293.16827967906454,
            "std": 238.08706513544396,
            "median": 215.8320467333208
          },
          "dist_mean_window": {
            "mean": 90.66760823782082,
            "std": 10.155721562549974,
            "median": 90.81928997932167
          },
          "dist_std_window": {
            "mean": 49.96620101846853,
            "std": 9.13532642853739,
            "median": 47.865435667383316
          },
          "angular_vel_mean_window": {
            "mean": 1.9099472268644748,
            "std": 2.6036186918215285,