,State_0,State_1
State_0,0.9251533742331288,0.07484662576687116
State_1,0.032180851063829785,0.9678191489361702
