{
  "behavioral_states": {
    "n_states": 2,
    "states": {
      "state_0": {
        "occurrence_rate": 0.6396813634679511,
        "total_frames": 3453,
        "total_duration_sec": 115.1,
        "n_bouts": 375,
        "mean_bout_duration_sec": 0.30693333333333334,
        "median_bout_duration_sec": 0.13333333333333333,
        "max_bout_duration_sec": 2.9,
        "feature_profile": {
          "speed_kp0": {
            "mean": 1100.436557421617,
            "std": 905.3872580340787,
            "median": 938.6376599129184
          },
          "speed_kp1": {
            "mean": 1163.3440154337823,
            "std": 1001.1289418651116,
            "median": 980.8519021238037
          },
          "speed_kp2": {
            "mean": 782.2064342885568,
            "std": 1118.6082253043407,
            "median": 80.97693702087557
          },
          "speed_kp3": {
            "mean": 310.92228378016137,
            "std": 355.33306747822735,
            "median": 162.66733894192384
          },
          "speed_kp4": {
            "mean": 813.9887615064259,
            "std": 711.8024364962171,
            "median": 644.3712393968001
          },
          "speed_kp5": {
            "mean": 983.5616013702524,
            "std": 653.0231715933246,
            "median": 895.5098108176436
          },
          "speed_kp6": {
            "mean": 1072.3636030994408,
            "std": 943.9621865403778,
            "median": 996.2913774044526
          },
          "speed_kp7": {
            "mean": 1107.556887750161,
            "std": 1026.29371037464,
            "median": 894.3087057160384
          },
          "dist_pair0": {
            "mean": 85.23057721837,
            "std": 61.68631328474946,
            "median": 73.37599072669511
          },
          "dist_pair1": {
            "mean": 167.99904416176796,
            "std": 87.69426940911858,
            "median": 170.7019665356173
          },
          "dist_pair2": {
            "mean": 81.14052247173716,
            "std": 44.42188787561766,
            "median": 69.729717543392
          },
          "dist_pair3": {
            "mean": 102.27707421040104,
            "std": 50.440833032676416,
            "median": 96.38028402838817
          },
          "dist_pair4": {
            "mean": 104.2839835958879,
            "std": 49.293065828520454,
            "median": 100.91183256338927
          },
          "dist_pair5": {
            "mean": 160.7365665154019,
            "std": 62.41362566410402,
            "median": 162.72702386675357
          },
          "dist_pair6": {
            "mean": 147.18495636451738,
            "std": 58.9391636260497,
            "median": 148.60485493353045
          },
          "dist_pair7": {
            "mean": 161.11680472585405,
            "std": 75.95115345638546,
            "median": 150.93835199204338
          },
          "dist_pair8": {
            "mean": 86.59297027322171,
            "std": 48.067240859254234,
            "median": 75.87779045491541
          },
          "dist_pair9": {
            "mean": 107.25538330700839,
            "std": 51.49127931906774,
            "median": 102.60165499721273
          },
          "dist_pair10": {
            "mean": 110.02874052940865,
            "std": 50.26439445431502,
            "median": 107.15726677757887
          },
          "dist_pair11": {
            "mean": 163.23801713168575,
            "std": 63.53701184027563,
            "median": 167.5302868278587
          },
          "dist_pair12": {
            "mean": 155.76617023350028,
            "std": 65.13811650160582,
            "median": 152.43595360073763
          },
          "dist_pair13": {
            "mean": 139.17222753610744,
            "std": 67.50727221318063,
            "median": 124.27761022105518
          },
          "dist_pair14": {
            "mean": 149.67917149172504,
            "std": 64.4584408071435,
            "median": 144.14038502842607
          },
          "dist_pair15": {
            "mean": 153.5200027926,
            "std": 61.81120234407519,
            "median": 156.14458532972472
          },
          "dist_pair16": {
            "mean": 187.22062992252302,
            "std": 62.496645327733134,
            "median": 177.2967227437163
          },
          "dist_pair17": {
            "mean": 188.84503615297115,
            "std": 67.62785786822684,
            "median": 190.53046782401753
          },
          "dist_pair18": {
            "mean": 70.0491602335353,
            "std": 42.639193343572074,
            "median": 57.01847224742924
          },
          "dist_pair19": {
            "mean": 80.16218342539365,
            "std": 40.16966091986251,
            "median": 74.14077055501372
          },
          "dist_pair20": {
            "mean": 147.0837603728736,
            "std": 47.31022606766586,
            "median": 152.4924903321119
          },
          "dist_pair21": {
            "mean": 143.1351861718383,
            "std": 46.55007195399227,
            "median": 144.26522587318863
          },
          "dist_pair22": {
            "mean": 85.38567118251176,
            "std": 44.133323832820764,
            "median": 80.04478145788673
          },
          "dist_pair23": {
            "mean": 127.59496288986566,
            "std": 54.29441809309517,
            "median": 126.77899431781721
          },
          "dist_pair24": {
            "mean": 133.55201528849338,
            "std": 53.6370800993244,
            "median": 132.66025077470653
          },
          "dist_pair25": {
            "mean": 139.0509162276461,
            "std": 54.690434684902165,
            "median": 139.50980251256672
          },
          "dist_pair26": {
            "mean": 113.6281437393808,
            "std": 53.07922638936692,
            "median": 110.18634169859584
          },
          "dist_pair27": {
            "mean": 167.95533212692737,
            "std": 66.21224900347335,
            "median": 170.1410822866202
          },
          "centroid_speed": {
            "mean": 417.36955580874513,
            "std": 239.7666210237657,
            "median": 378.38609562396465
          },
          "body_orientation": {
            "mean": -1.1373848950551075,
            "std": 0.6796980861701911,
            "median": -1.209822340949168
          },
          "elongation": {
            "mean": 1.7426511078449287,
            "std": 0.5586845087845663,
            "median": 1.6053922776084524
          },
          "angular_velocity": {
            "mean": -0.04522068566182141,
            "std": 21.950674058809696,
            "median": -0.05783852260730305
          },
          "movement_entropy": {
            "mean": 0.02825639237280496,
            "std": 0.004720132135692761,
            "median": 0.02783328102380327
          },
          "speed_mean_window": {
            "mean": 869.5758308834951,
            "std": 141.0911652998196,
            "median": 868.9774726383371
          },
          "speed_std_window": {
            "mean": 872.9063205378787,
            "std": 102.75823046944855,
            "median": 872.6159925925675
          },
          "speed_max_window": {
            "mean": 4033.077786736463,
            "std": 647.2502387549076,
            "median": 4015.609143743386
          },
          "speed_p90_window": {
            "mean": 2118.946555029042,
            "std": 277.4015630368335,
            "median": 2111.59489600906
          },
          "dist_mean_window": {
            "mean": 133.35584654387415,
            "std": 9.97894666693193,
            "median": 134.5050824269429
          },
          "dist_std_window": {
            "mean": 68.20491133979557,
            "std": 5.047288764650347,
            "median": 68.0957820058003
          },
          "angular_vel_mean_window": {
            "mean": 12.855717110685651,
            "std": 5.985998336150953,