state,occurrence_rate,total_duration_sec,n_bouts,mean_bout_duration_sec
state_0,0.6396813634679511,115.1,375,0.30693333333333334
state_1,0.36031863653204893,64.83333333333333,375,0.1728888888888889
