,State_0,State_1
State_0,0.891398783666377,0.10860121633362294
State_1,0.19238683127572018,0.8076131687242798
