{
  "behavioral_states": {
    "n_states": 2,
    "states": {
      "state_0": {
        "occurrence_rate": 0.8043397626112759,
        "total_frames": 4337,
        "total_duration_sec": 144.56666666666666,
        "n_bouts": 32,
        "mean_bout_duration_sec": 4.517708333333333,
        "median_bout_duration_sec": 0.13333333333333333,
        "max_bout_duration_sec": 52.2,
        "feature_profile": {
          "speed_kp0": {
            "mean": 17.589815951535755,
            "std": 23.445805638344893,
            "median": 8.56404138621851
          },
          "speed_kp1": {
            "mean": 22.88109353504775,
            "std": 33.20221570171103,
            "median": 10.844895840822632
          },
          "speed_kp2": {
            "mean": 47.114285072299666,
            "std": 102.26408401140844,
            "median": 17.294496476374732
          },
          "speed_kp3": {
            "mean": 12.74088265586829,
            "std": 15.298582151250507,
            "median": 7.366070564058622
          },
          "speed_kp4": {
            "mean": 22.876612312959434,
            "std": 45.266892615956635,
            "median": 11.448547067490844
          },
          "speed_kp5": {
            "mean": 12.652967033484153,
            "std": 18.856117229377293,
            "median": 7.441071161575261
          },
          "speed_kp6": {
            "mean": 10.785299448918982,
            "std": 62.93258928954498,
            "median": 4.275764782119741
          },
          "speed_kp7": {
            "mean": 71.03137679656263,
            "std": 272.9492986712553,
            "median": 1.0369512400761418
          },
          "dist_pair0": {
            "mean": 31.232607094602802,
            "std": 3.076422811941562,
            "median": 31.463437235727778
          },
          "dist_pair1": {
            "mean": 29.000495961865205,
            "std": 9.0338821567349,
            "median": 27.502016579097823
          },
          "dist_pair2": {
            "mean": 33.45861451729631,
            "std": 4.57870345100974,
            "median": 33.48637011814959
          },
          "dist_pair3": {
            "mean": 58.887797894763054,
            "std": 6.274045015662423,
            "median": 59.51773873435611
          },
          "dist_pair4": {
            "mean": 78.20021961061866,
            "std": 6.566376455178177,
            "median": 78.87281226559763
          },
          "dist_pair5": {
            "mean": 88.79677446066708,
            "std": 7.642643898501756,
            "median": 89.04594119107695
          },
          "dist_pair6": {
            "mean": 199.46635984634682,
            "std": 25.06096927470216,
            "median": 203.1499548468789
          },
          "dist_pair7": {
            "mean": 24.540214976994548,
            "std": 9.04876167372202,
            "median": 23.521013131414602
          },
          "dist_pair8": {
            "mean": 32.540145977181226,
            "std": 4.497033219759126,
            "median": 31.0121598855045
          },
          "dist_pair9": {
            "mean": 74.33062946191949,
            "std": 4.993325481443382,
            "median": 73.27426899427094
          },
          "dist_pair10": {
            "mean": 67.84042939438325,
            "std": 8.93409720795383,
            "median": 67.00946436701898
          },
          "dist_pair11": {
            "mean": 93.10403157526767,
            "std": 6.744281080388878,
            "median": 92.54794659934794
          },
          "dist_pair12": {
            "mean": 211.69768716962406,
            "std": 27.558763800410787,
            "median": 209.6649318565536
          },
          "dist_pair13": {
            "mean": 49.20181464082981,
            "std": 8.313797480758351,
            "median": 47.72539115525462
          },
          "dist_pair14": {
            "mean": 83.9950148996422,
            "std": 9.174445238568524,
            "median": 81.77609084118394
          },
          "dist_pair15": {
            "mean": 89.0105965288821,
            "std": 9.06233023481706,
            "median": 87.76781695523971
          },
          "dist_pair16": {
            "mean": 108.94176302637096,
            "std": 8.63213961281027,
            "median": 108.72924756676828
          },
          "dist_pair17": {
            "mean": 222.50908309421462,
            "std": 23.982173176385825,
            "median": 226.4523973430748
          },
          "dist_pair18": {
            "mean": 43.921483387057535,
            "std": 2.8791897122674945,
            "median": 44.27797443135622
          },
          "dist_pair19": {
            "mean": 45.081689832489495,
            "std": 3.7609164271215607,
            "median": 44.98417856239884
          },
          "dist_pair20": {
            "mean": 61.59355232620868,
            "std": 5.539946423413722,
            "median": 62.43253077113265
          },
          "dist_pair21": {
            "mean": 181.02887790082454,
            "std": 28.80143018798383,
            "median": 182.27216085244132
          },
          "dist_pair22": {
            "mean": 58.80871808849452,
            "std": 5.352912118527992,
            "median": 57.784618498693185
          },
          "dist_pair23": {
            "mean": 38.68116545126936,
            "std": 7.997850166619838,
            "median": 37.40172810273874
          },
          "dist_pair24": {
            "mean": 144.42659709330283,
            "std": 27.2489717061392,
            "median": 151.62764262996237
          },
          "dist_pair25": {
            "mean": 43.34996757799484,
            "std": 5.830043370715451,
            "median": 42.41511627961778
          },
          "dist_pair26": {
            "mean": 164.4297973444336,
            "std": 34.81445610035748,
            "median": 152.42122742667542
          },
          "dist_pair27": {
            "mean": 125.41888455741018,
            "std": 32.93789059506301,
            "median": 116.87638877469834
          },
          "centroid_speed": {
            "mean": 19.29899268970188,
            "std": 37.39800985892775,
            "median": 6.516479571857721
          },
          "body_orientation": {
            "mean": 0.1343633103535181,
            "std": 0.24846360018832087,
            "median": 0.07370343532210684
          },
          "elongation": {
            "mean": 3.257307426895586,
            "std": 0.4719564842958634,
            "median": 3.1701353170869755
          },
          "angular_velocity": {
            "mean": 0.04767470211623783,
            "std": 1.9258467066327782,
            "median": 0.0011634906279173183
          },
          "movement_entropy": {
            "mean": 0.4572893809413881,
            "std": 0.3939921783570816,
            "median": 0.33790998530858213
          },
          "speed_mean_window": {
            "mean": 27.940455260620404,
            "std": 28.7605547743604,
            "median": 15.179177076702475
          },
          "speed_std_window": {
            "mean": 63.926550406924235,
            "std": 89.63856787041179,
            "median": 22.11498327990444
          },
          "speed_max_window": {
            "mean": 463.3719196506506,
            "std": 622.1466866481763,
            "median": 159.75812981759069
          },
          "speed_p90_window": {
            "mean": 51.24473495759022,
            "std": 55.9615004126185,
            "median": 31.36398703930392
          },
          "dist_mean_window": {
            "mean": 88.23321945466749,
            "std": 6.153420333898969,
            "median": 88.90935505870293
          },
          "dist_std_window": {
            "mean": 58.711715862264505,
            "std": 9.651698416243743,
            "median": 58.77953104942219
          },
          "angular_vel_mean_window": {
            "mean": 0.4757733591969257,
            "std": 0.9052251653815558,