state,occurrence_rate,total_duration_sec,n_bouts,mean_bout_duration_sec
state_0,0.8043397626112759,144.56666666666666,32,4.517708333333333
state_1,0.19566023738872404,35.166666666666664,32,1.0989583333333333
