,State_0,State_1
State_0,0.9926216278533548,0.007378372146645147
State_1,0.029411764705882353,0.9705882352941176
