{
  "behavioral_states": {
    "n_states": 2,
    "states": {
      "state_0": {
        "occurrence_rate": 0.4364681877202745,
        "total_frames": 2353,
        "total_duration_sec": 78.43333333333334,
        "n_bouts": 163,
        "mean_bout_duration_sec": 0.48118609406952967,
        "median_bout_duration_sec": 0.1,
        "max_bout_duration_sec": 16.733333333333334,
        "feature_profile": {
          "speed_kp0": {
            "mean": 925.179531069186,
            "std": 1375.4154468913691,
            "median": 220.3036445130696
          },
          "speed_kp1": {
            "mean": 173.82838446222277,
            "std": 463.0100933987691,
            "median": 6.194871463186417
          },
          "speed_kp2": {
            "mean": 467.31834234791563,
            "std": 802.6729360569682,
            "median": 45.88205337508559
          },
          "speed_kp3": {
            "mean": 578.285155648804,
            "std": 793.6573186374287,
            "median": 209.3230310592031
          },
          "speed_kp4": {
            "mean": 509.1714708515104,
            "std": 801.418234883668,
            "median": 78.02980784313982
          },
          "speed_kp5": {
            "mean": 530.7096328997212,
            "std": 835.5592808974294,
            "median": 22.527290223333015
          },
          "speed_kp6": {
            "mean": 284.5878168340391,
            "std": 653.3141324842785,
            "median": 4.073698234548351
          },
          "speed_kp7": {
            "mean": 302.8656116461467,
            "std": 590.4597419995172,
            "median": 10.884670155438888
          },
          "dist_pair0": {
            "mean": 103.92239823247374,
            "std": 73.87405273726017,
            "median": 110.84099217436375
          },
          "dist_pair1": {
            "mean": 103.41734111148432,
            "std": 88.27198176960579,
            "median": 81.91369362950913
          },
          "dist_pair2": {
            "mean": 114.88595012814076,
            "std": 84.22414704857479,
            "median": 90.12416381459272
          },
          "dist_pair3": {
            "mean": 122.31235594535343,
            "std": 73.42073836139592,
            "median": 129.23342837378055
          },
          "dist_pair4": {
            "mean": 199.42531995064232,
            "std": 106.13792363334716,
            "median": 196.81555837606015
          },
          "dist_pair5": {
            "mean": 132.8849051849699,
            "std": 92.31902257730893,
            "median": 121.62581402365048
          },
          "dist_pair6": {
            "mean": 176.48583188334615,
            "std": 62.43724981452063,
            "median": 182.6884842794558
          },
          "dist_pair7": {
            "mean": 73.09599739437019,
            "std": 78.13572851156968,
            "median": 33.532897517431685
          },
          "dist_pair8": {
            "mean": 93.98658526232519,
            "std": 63.84516199168787,
            "median": 73.7509013429509
          },
          "dist_pair9": {
            "mean": 73.48661853726757,
            "std": 59.58480552829567,
            "median": 49.35820941401825
          },
          "dist_pair10": {
            "mean": 153.92391080147598,
            "std": 67.6555347319646,
            "median": 185.187624349506
          },
          "dist_pair11": {
            "mean": 144.29851885307335,
            "std": 50.11557746622841,
            "median": 147.08984274305544
          },
          "dist_pair12": {
            "mean": 156.2332691727043,
            "std": 58.43016612350755,
            "median": 182.1400835639756
          },
          "dist_pair13": {
            "mean": 111.07771976861709,
            "std": 80.96832243547252,
            "median": 83.89315049262204
          },
          "dist_pair14": {
            "mean": 99.51394030587394,
            "std": 75.72797985452242,
            "median": 86.64022891257963
          },
          "dist_pair15": {
            "mean": 194.79795293361073,
            "std": 95.71130359410965,
            "median": 193.29947873735023
          },
          "dist_pair16": {
            "mean": 124.80177616142983,
            "std": 74.74808355258179,
            "median": 144.44767566480064
          },
          "dist_pair17": {
            "mean": 162.344050125894,
            "std": 56.87399642866075,
            "median": 178.42065200301636
          },
          "dist_pair18": {
            "mean": 109.61864134940495,
            "std": 67.22126821288859,
            "median": 106.40550625929369
          },
          "dist_pair19": {
            "mean": 162.9565253781046,
            "std": 97.20969429110608,
            "median": 167.20864125892302
          },
          "dist_pair20": {
            "mean": 164.2073471240364,
            "std": 81.5914210659859,
            "median": 152.8159326063539
          },
          "dist_pair21": {
            "mean": 160.92712562337542,
            "std": 54.39126068788197,
            "median": 164.73719362604368
          },
          "dist_pair22": {
            "mean": 165.9995724941512,
            "std": 95.73536896098825,
            "median": 172.99941946625444
          },
          "dist_pair23": {
            "mean": 141.3497146645821,
            "std": 62.9358551404849,
            "median": 153.05455016329194
          },
          "dist_pair24": {
            "mean": 168.92982325224733,
            "std": 56.95995394962162,
            "median": 171.77719856834366
          },
          "dist_pair25": {
            "mean": 263.9639188881642,
            "std": 83.343483949195,
            "median": 288.81606941538706
          },
          "dist_pair26": {
            "mean": 189.08621216181635,
            "std": 75.48959985978237,
            "median": 175.66337349822882
          },
          "dist_pair27": {
            "mean": 188.91703156307747,
            "std": 46.32024974053495,
            "median": 193.40849265893192
          },
          "centroid_speed": {
            "mean": 280.90747658033405,
            "std": 215.14685887513215,
            "median": 236.95650256103855
          },
          "body_orientation": {
            "mean": -0.5340028985938332,
            "std": 0.419541204788155,
            "median": -0.47294627700833153
          },
          "elongation": {
            "mean": 2.048383809451392,
            "std": 1.003749675214686,
            "median": 1.7505210276636791
          },
          "angular_velocity": {
            "mean": -0.11052993917724448,
            "std": 9.694085768745916,
            "median": -0.05747272538166648
          },
          "movement_entropy": {
            "mean": 0.027585350236871628,
            "std": 0.007670914444529501,
            "median": 0.02645687921829958
          },
          "speed_mean_window": {
            "mean": 426.93915756323213,
            "std": 161.98305719677694,
            "median": 421.6115235639743
          },
          "speed_std_window": {
            "mean": 747.8263085585697,
            "std": 177.804079797043,
            "median": 755.9459656867855
          },
          "speed_max_window": {
            "mean": 3888.8418482590787,
            "std": 992.0535895528319,
            "median": 3889.4538406957245
          },
          "speed_p90_window": {
            "mean": 1421.288066458781,
            "std": 520.1703589722413,
            "median": 1454.3044267295375
          },
          "dist_mean_window": {
            "mean": 145.63912894202394,
            "std": 20.282079185617956,
            "median": 146.91766697189445
          },
          "dist_std_window": {
            "mean": 84.0124114392013,
            "std": 8.394913859436096,
            "median": 83.46475501420068
          },
          "angular_vel_mean_window": {
            "mean": 4.031597372536856,
            "std": 4.003809879036292,