,State_0,State_1
State_0,0.9311224489795918,0.06887755102040816
State_1,0.05332455562870309,0.9466754443712969
