{
  "behavioral_states": {
    "n_states": 2,
    "states": {
      "state_0": {
        "occurrence_rate": 0.6367243294715125,
        "total_frames": 4012,
        "total_duration_sec": 133.73333333333332,
        "n_bouts": 93,
        "mean_bout_duration_sec": 1.4379928315412187,
        "median_bout_duration_sec": 0.5,
        "max_bout_duration_sec": 21.133333333333333,
        "feature_profile": {
          "speed_kp0": {
            "mean": 88.47374917584729,
            "std": 115.42277221130509,
            "median": 63.36242553964311
          },
          "speed_kp1": {
            "mean": 94.75511935667447,
            "std": 124.8158495407378,
            "median": 66.99428783617336
          },
          "speed_kp2": {
            "mean": 129.54918779577883,
            "std": 171.85252353119415,
            "median": 92.52815669718038
          },
          "speed_kp3": {
            "mean": 70.33760074794496,
            "std": 108.58424267023676,
            "median": 44.628043174554065
          },
          "speed_kp4": {
            "mean": 73.34520779280496,
            "std": 136.5039412944456,
            "median": 32.43968089519659
          },
          "speed_kp5": {
            "mean": 74.98311768938088,
            "std": 130.4506625919991,
            "median": 37.625295781773836
          },
          "speed_kp6": {
            "mean": 62.687327774360895,
            "std": 118.62478265215005,
            "median": 27.18508104701616
          },
          "speed_kp7": {
            "mean": 109.95370518629109,
            "std": 279.78207538693357,
            "median": 16.174977257997977
          },
          "dist_pair0": {
            "mean": 31.74719878745173,
            "std": 4.724401033823268,
            "median": 30.952315701219455
          },
          "dist_pair1": {
            "mean": 33.221815315996224,
            "std": 13.51973240102921,
            "median": 29.847316140748568
          },
          "dist_pair2": {
            "mean": 37.88208891304644,
            "std": 4.736437727303302,
            "median": 37.70421464319958
          },
          "dist_pair3": {
            "mean": 73.59849076050892,
            "std": 13.79190032914507,
            "median": 74.23222903110496
          },
          "dist_pair4": {
            "mean": 84.38194280919889,
            "std": 9.301880043175133,
            "median": 84.01023890157037
          },
          "dist_pair5": {
            "mean": 108.63800339971984,
            "std": 11.745981449275154,
            "median": 108.76247432451882
          },
          "dist_pair6": {
            "mean": 190.0207905994987,
            "std": 37.48708239568713,
            "median": 192.60496570004085
          },
          "dist_pair7": {
            "mean": 28.629648703527838,
            "std": 17.975079276955952,
            "median": 27.458540281168922
          },
          "dist_pair8": {
            "mean": 38.810430085793236,
            "std": 5.555708889398767,
            "median": 38.63679594414796
          },
          "dist_pair9": {
            "mean": 86.13161710827062,
            "std": 9.673706049288713,
            "median": 85.42002209571658
          },
          "dist_pair10": {
            "mean": 74.01106896358155,
            "std": 12.761222544610812,
            "median": 72.77042540336507
          },
          "dist_pair11": {
            "mean": 109.98118290488927,
            "std": 12.057344066277938,
            "median": 110.46570127467785
          },
          "dist_pair12": {
            "mean": 195.96042050876002,
            "std": 37.211107744245716,
            "median": 196.68000557833483
          },
          "dist_pair13": {
            "mean": 59.286416259164724,
            "std": 15.073771603926764,
            "median": 55.57291089565081
          },
          "dist_pair14": {
            "mean": 101.42678713588674,
            "std": 17.684789724458003,
            "median": 98.92779120197889
          },
          "dist_pair15": {
            "mean": 99.5373700602786,
            "std": 19.071431316796836,
            "median": 97.99754034873084
          },
          "dist_pair16": {
            "mean": 131.40872842331132,
            "std": 16.282609055677426,
            "median": 128.6090306800736
          },
          "dist_pair17": {
            "mean": 211.99859833661233,
            "std": 41.460038024736555,
            "median": 218.49807501957366
          },
          "dist_pair18": {
            "mean": 49.53711362068872,
            "std": 7.283400827829953,
            "median": 48.90310909347898
          },
          "dist_pair19": {
            "mean": 48.09059922670637,
            "std": 7.080421601856158,
            "median": 47.19024082579759
          },
          "dist_pair20": {
            "mean": 74.6700572391101,
            "std": 7.792005320521961,
            "median": 74.28106615969142
          },
          "dist_pair21": {
            "mean": 164.75131765042107,
            "std": 32.83134544180016,
            "median": 166.19459289539765
          },
          "dist_pair22": {
            "mean": 59.98451577792387,
            "std": 9.12557049366751,
            "median": 61.35518344052108
          },
          "dist_pair23": {
            "mean": 47.735081690786615,
            "std": 6.830160321117743,
            "median": 47.92898961895541
          },
          "dist_pair24": {
            "mean": 130.686076024024,
            "std": 35.51521900430812,
            "median": 132.00191045456626
          },
          "dist_pair25": {
            "mean": 48.78109654210448,
            "std": 8.534492337816266,
            "median": 48.438045962943306
          },
          "dist_pair26": {
            "mean": 144.99051509233928,
            "std": 36.292466310346406,
            "median": 149.43060902177206
          },
          "dist_pair27": {
            "mean": 105.63364207671093,
            "std": 31.05926144884849,
            "median": 115.84076335796884
          },
          "centroid_speed": {
            "mean": 63.00605616953623,
            "std": 97.75911674108167,
            "median": 41.04456871612179
          },
          "body_orientation": {
            "mean": -0.9081998156256987,
            "std": 0.7480438030707752,
            "median": -1.0066774924693438
          },
          "elongation": {
            "mean": 2.9775289894911494,
            "std": 0.8850471815152762,
            "median": 2.9439131831142156
          },
          "angular_velocity": {
            "mean": 0.012486379830842933,
            "std": 5.8528696640666675,
            "median": -0.027815503000069297
          },
          "movement_entropy": {
            "mean": 0.19969887555219845,
            "std": 0.15133172120126073,
            "median": 0.16756656639231515
          },
          "speed_mean_window": {
            "mean": 88.9878705369364,
            "std": 88.9678249596254,
            "median": 75.97825121405475
          },
          "speed_std_window": {
            "mean": 96.81329604690472,
            "std": 88.95143192869108,
            "median": 74.44815709732237
          },
          "speed_max_window": {
            "mean": 666.9804697226439,
            "std": 616.4479221192485,
            "median": 473.24287517105984
          },
          "speed_p90_window": {
            "mean": 176.1456716957525,
            "std": 170.61834557439607,
            "median": 155.5521669751334
          },
          "dist_mean_window": {
            "mean": 90.13950533302993,
            "std": 8.716449700506068,
            "median": 91.427035603509
          },
          "dist_std_window": {
            "mean": 52.88833969878864,
            "std": 11.085077025205342,
            "median": 51.96475144457851
          },
          "angular_vel_mean_window": {
            "mean": 1.3905547099788018,
            "std": 2.1729601447562015,