state,occurrence_rate,total_duration_sec,n_bouts,mean_bout_duration_sec
state_0,0.6367243294715125,133.73333333333332,93,1.4379928315412187
state_1,0.3632756705284875,76.3,93,0.8204301075268817
