,State_0,State_1
State_0,0.9768195413758723,0.02318045862412762
State_1,0.04020979020979021,0.9597902097902098
