{
  "behavioral_states": {
    "n_states": 2,
    "states": {
      "state_0": {
        "occurrence_rate": 0.6414854784954769,
        "total_frames": 4042,
        "total_duration_sec": 134.73333333333332,
        "n_bouts": 67,
        "mean_bout_duration_sec": 2.0109452736318407,
        "median_bout_duration_sec": 0.3,
        "max_bout_duration_sec": 21.7,
        "feature_profile": {
          "speed_kp0": {
            "mean": 96.12496647720859,
            "std": 141.65881694968212,
            "median": 60.46892249431198
          },
          "speed_kp1": {
            "mean": 101.0202688027208,
            "std": 150.62843692560315,
            "median": 63.472500785264344
          },
          "speed_kp2": {
            "mean": 126.72580038137754,
            "std": 153.75857252190772,
            "median": 91.47383830800032
          },
          "speed_kp3": {
            "mean": 71.31910299468606,
            "std": 116.56615538774845,
            "median": 42.40855080462156
          },
          "speed_kp4": {
            "mean": 68.64273109337228,
            "std": 122.94989074412898,
            "median": 33.51039043346938
          },
          "speed_kp5": {
            "mean": 60.16989154553246,
            "std": 118.21826529167107,
            "median": 29.49919555766453
          },
          "speed_kp6": {
            "mean": 65.24851322928497,
            "std": 120.69354671518549,
            "median": 29.34700380786893
          },
          "speed_kp7": {
            "mean": 105.25352072795617,
            "std": 269.7400144972716,
            "median": 18.895358150902638
          },
          "dist_pair0": {
            "mean": 31.005483237940396,
            "std": 7.016716669408077,
            "median": 30.324176316958933
          },
          "dist_pair1": {
            "mean": 34.77308627078906,
            "std": 13.38302145846606,
            "median": 31.57533168933479
          },
          "dist_pair2": {
            "mean": 33.69505543881125,
            "std": 4.731259309609876,
            "median": 33.66557305409869
          },
          "dist_pair3": {
            "mean": 63.95304476977719,
            "std": 11.615184344928256,
            "median": 63.66509421000664
          },
          "dist_pair4": {
            "mean": 74.83837266654231,
            "std": 9.169039421350206,
            "median": 74.62876490232637
          },
          "dist_pair5": {
            "mean": 97.47051835453617,
            "std": 11.937860930072855,
            "median": 98.36831994559091
          },
          "dist_pair6": {
            "mean": 196.82434925864587,
            "std": 37.5436304900061,
            "median": 203.31776782815334
          },
          "dist_pair7": {
            "mean": 31.849846278620983,
            "std": 15.223536139227132,
            "median": 29.34678180229909
          },
          "dist_pair8": {
            "mean": 34.87994690789237,
            "std": 5.823334050436948,
            "median": 34.513586702074235
          },
          "dist_pair9": {
            "mean": 75.63398925699916,
            "std": 9.178775425667158,
            "median": 75.01253566353378
          },
          "dist_pair10": {
            "mean": 63.726694825792556,
            "std": 11.950265024738963,
            "median": 63.277015202642836
          },
          "dist_pair11": {
            "mean": 97.94153515512397,
            "std": 11.695336741505773,
            "median": 98.3720184547449
          },
          "dist_pair12": {
            "mean": 193.82379779018476,
            "std": 40.318764449687905,
            "median": 201.63678053941263
          },
          "dist_pair13": {
            "mean": 58.480472271067796,
            "std": 14.353225665690195,
            "median": 56.77414783877448
          },
          "dist_pair14": {
            "mean": 94.75308768591208,
            "std": 14.782529922294671,
            "median": 93.56827514148223
          },
          "dist_pair15": {
            "mean": 92.98269686102972,
            "std": 16.554707262925117,
            "median": 92.21609343084194
          },
          "dist_pair16": {
            "mean": 123.21092138777178,
            "std": 13.931288894426382,
            "median": 122.19873421802589
          },
          "dist_pair17": {
            "mean": 217.39720895446553,
            "std": 42.67425813558026,
            "median": 227.98507273832553
          },
          "dist_pair18": {
            "mean": 42.07039480173078,
            "std": 6.271430418641059,
            "median": 41.65794568543714
          },
          "dist_pair19": {
            "mean": 42.635123072090806,
            "std": 6.663017507152991,
            "median": 42.48822401962317
          },
          "dist_pair20": {
            "mean": 67.15938921573544,
            "std": 8.0134048404244,
            "median": 67.65254052707611
          },
          "dist_pair21": {
            "mean": 170.4528309508085,
            "std": 33.982378360193294,
            "median": 179.20957431506156
          },
          "dist_pair22": {
            "mean": 53.2945223996736,
            "std": 4.836449801359221,
            "median": 53.31639820906828
          },
          "dist_pair23": {
            "mean": 43.51769793158568,
            "std": 6.8496980416899795,
            "median": 44.038420869554784
          },
          "dist_pair24": {
            "mean": 149.7085746821972,
            "std": 31.60197160822882,
            "median": 155.42933255201558
          },
          "dist_pair25": {
            "mean": 44.4104488746375,
            "std": 6.183950010468552,
            "median": 44.296493182737265
          },
          "dist_pair26": {
            "mean": 141.9331654259385,
            "std": 35.36630621796633,
            "median": 150.635524338256
          },
          "dist_pair27": {
            "mean": 115.39150823507423,
            "std": 27.706197929902913,
            "median": 125.28966800525463
          },
          "centroid_speed": {
            "mean": 62.920882445038224,
            "std": 103.50768336475876,
            "median": 38.04823950074513
          },
          "body_orientation": {
            "mean": -0.664994031921756,
            "std": 0.9221138644388763,
            "median": -0.5456623921163707
          },
          "elongation": {
            "mean": 3.385051514969491,
            "std": 1.123317632660317,
            "median": 3.4782433921120033
          },
          "angular_velocity": {
            "mean": -0.06263377175591996,
            "std": 7.785086906142868,
            "median": 0.025295413515743492
          },
          "movement_entropy": {
            "mean": 0.21086211554234496,
            "std": 0.15237266760060678,
            "median": 0.19113328052084894
          },
          "speed_mean_window": {
            "mean": 85.43268332642893,
            "std": 88.62568217009931,
            "median": 67.94564268057553
          },
          "speed_std_window": {
            "mean": 91.75214219643041,
            "std": 84.46643172505003,
            "median": 70.08838396780497
          },
          "speed_max_window": {
            "mean": 637.0066445832674,
            "std": 636.3373405709934,
            "median": 389.10369630941113
          },
          "speed_p90_window": {
            "mean": 171.62378788188812,
            "std": 165.43136578138677,
            "median": 149.6792464809772
          },
          "dist_mean_window": {
            "mean": 87.767911011068,
            "std": 9.286064980307442,
            "median": 89.9450996196068
          },
          "dist_std_window": {
            "mean": 55.49312911921467,
            "std": 11.612532569182447,
            "median": 58.592448646751905
          },
          "angular_vel_mean_window": {
            "mean": 1.6240857218786444,
            "std": 2.6364900683331274,