state,occurrence_rate,total_duration_sec,n_bouts,mean_bout_duration_sec
state_0,0.6414854784954769,134.73333333333332,67,2.0109452736318407
state_1,0.35851452150452306,75.3,67,1.1238805970149253
