,State_0,State_1
State_0,0.983424047501237,0.016575952498762987
State_1,0.029229406554472984,0.970770593445527
