{
  "behavioral_states": {
    "n_states": 2,
    "states": {
      "state_0": {
        "occurrence_rate": 0.5081602373887241,
        "total_frames": 2740,
        "total_duration_sec": 91.33333333333333,
        "n_bouts": 131,
        "mean_bout_duration_sec": 0.6972010178117048,
        "median_bout_duration_sec": 0.4,
        "max_bout_duration_sec": 4.6,
        "feature_profile": {
          "speed_kp0": {
            "mean": 136.43128413532006,
            "std": 80.14266753597191,
            "median": 130.06613671805349
          },
          "speed_kp1": {
            "mean": 131.03620980200975,
            "std": 77.63913174592005,
            "median": 125.56084930653515
          },
          "speed_kp2": {
            "mean": 171.17410647386876,
            "std": 109.65840649087197,
            "median": 158.44713905408668
          },
          "speed_kp3": {
            "mean": 112.81614485793878,
            "std": 70.47090396349591,
            "median": 103.54024790442949
          },
          "speed_kp4": {
            "mean": 106.33113955794765,
            "std": 107.86440674075112,
            "median": 72.54264256611475
          },
          "speed_kp5": {
            "mean": 79.3612134319527,
            "std": 76.14762995109191,
            "median": 55.85062780480383
          },
          "speed_kp6": {
            "mean": 102.6447828779232,
            "std": 86.35592369454052,
            "median": 82.46669815380895
          },
          "speed_kp7": {
            "mean": 493.26913138015055,
            "std": 717.1391342954172,
            "median": 152.31045836850643
          },
          "dist_pair0": {
            "mean": 32.75541740697148,
            "std": 4.176900220924435,
            "median": 32.30843627796416
          },
          "dist_pair1": {
            "mean": 36.625729503850486,
            "std": 9.139696626009451,
            "median": 34.655161724524504
          },
          "dist_pair2": {
            "mean": 42.177926180646104,
            "std": 4.87271013938254,
            "median": 41.812563915160126
          },
          "dist_pair3": {
            "mean": 92.6419673552365,
            "std": 13.283157872401649,
            "median": 92.03118234022097
          },
          "dist_pair4": {
            "mean": 99.49104201908042,
            "std": 9.90526092238057,
            "median": 98.5507202920304
          },
          "dist_pair5": {
            "mean": 127.1751414951045,
            "std": 10.691165727022055,
            "median": 127.42204118468726
          },
          "dist_pair6": {
            "mean": 180.04203416364524,
            "std": 57.48898222699166,
            "median": 185.44145329417503
          },
          "dist_pair7": {
            "mean": 36.17058682239065,
            "std": 9.429180368054519,
            "median": 34.47824547996741
          },
          "dist_pair8": {
            "mean": 42.95947809361987,
            "std": 4.442957268502513,
            "median": 42.5719000079296
          },
          "dist_pair9": {
            "mean": 99.95919888542619,
            "std": 10.135417293450518,
            "median": 98.64441556825457
          },
          "dist_pair10": {
            "mean": 88.99538121275889,
            "std": 13.916609212885229,
            "median": 88.25094978005322
          },
          "dist_pair11": {
            "mean": 125.37428381696056,
            "std": 10.669184639576352,
            "median": 125.10037875683756
          },
          "dist_pair12": {
            "mean": 176.95896328975707,
            "std": 53.25906235374478,
            "median": 182.79170358109315
          },
          "dist_pair13": {
            "mean": 71.25099890258304,
            "std": 9.738488845873956,
            "median": 70.4643493171136
          },
          "dist_pair14": {
            "mean": 125.72877562626994,
            "std": 13.041653593342625,
            "median": 125.84711128967669
          },
          "dist_pair15": {
            "mean": 122.91277747581519,
            "std": 14.316426430593857,
            "median": 123.48623065214109
          },
          "dist_pair16": {
            "mean": 155.9565434386911,
            "std": 11.242757932819051,
            "median": 156.39994635921306
          },
          "dist_pair17": {
            "mean": 196.94391042703532,
            "std": 63.20698669432133,
            "median": 203.34098082437413
          },
          "dist_pair18": {
            "mean": 58.17686660979147,
            "std": 9.343357544612386,
            "median": 56.59128612730636
          },
          "dist_pair19": {
            "mean": 59.068193276465806,
            "std": 9.434957496032403,
            "median": 58.40241839070972
          },
          "dist_pair20": {
            "mean": 87.91509148563046,
            "std": 8.749985024298146,
            "median": 87.3703448251837
          },
          "dist_pair21": {
            "mean": 158.4771822383946,
            "std": 50.15113149995055,
            "median": 157.70658661666883
          },
          "dist_pair22": {
            "mean": 54.19251066132444,
            "std": 4.9289194768401545,
            "median": 54.61977684999816
          },
          "dist_pair23": {
            "mean": 45.74301053992767,
            "std": 8.16415250857566,
            "median": 46.254139754451984
          },
          "dist_pair24": {
            "mean": 141.0334852505017,
            "std": 59.22079892609524,
            "median": 131.83789610165434
          },
          "dist_pair25": {
            "mean": 45.97740739380729,
            "std": 6.154826071413754,
            "median": 46.112899338020966
          },
          "dist_pair26": {
            "mean": 136.62138559397215,
            "std": 52.75018233681633,
            "median": 130.65956447955745
          },
          "dist_pair27": {
            "mean": 123.72881947987153,
            "std": 66.4583464009444,
            "median": 101.22193927579957
          },
          "centroid_speed": {
            "mean": 117.01138134543898,
            "std": 86.92946381987981,
            "median": 97.81766588894163
          },
          "body_orientation": {
            "mean": -0.784954962638029,
            "std": 0.6425711730832251,
            "median": -0.9104633451691388
          },
          "elongation": {
            "mean": 2.8421540761150332,
            "std": 1.048499684594883,
            "median": 2.6723657274617585
          },
          "angular_velocity": {
            "mean": 0.14237115226947192,
            "std": 10.717998233967625,
            "median": 0.13486102225732433
          },
          "movement_entropy": {
            "mean": 0.054789124318606115,
            "std": 0.04164402168285873,
            "median": 0.039005781247421586
          },
          "speed_mean_window": {
            "mean": 171.24749542885834,
            "std": 50.38625865488627,
            "median": 170.20363286946778
          },
          "speed_std_window": {
            "mean": 269.86575356892786,
            "std": 115.70498334528548,
            "median": 275.48179704754637
          },
          "speed_max_window": {
            "mean": 2116.944975084912,
            "std": 875.2826536663019,
            "median": 2269.593675762682
          },
          "speed_p90_window": {
            "mean": 293.37069094328814,
            "std": 105.898696598492,
            "median": 271.45407529025493
          },
          "dist_mean_window": {
            "mean": 95.96925762828035,
            "std": 9.685153047613872,
            "median": 95.78204515342497
          },
          "dist_std_window": {
            "mean": 54.716570329827675,
            "std": 11.411871254878191,
            "median": 52.65038031410698
          },
          "angular_vel_mean_window": {
            "mean": 3.926387840748786,
            "std": 4.526267885202617,