state,occurrence_rate,total_duration_sec,n_bouts,mean_bout_duration_sec
state_0,0.5081602373887241,91.33333333333333,131,0.6972010178117048
state_1,0.491839762611276,88.4,131,0.6748091603053435
