,State_0,State_1
State_0,0.9521897810218978,0.04781021897810219
State_1,0.04903809883062995,0.9509619011693701
