{
  "behavioral_states": {
    "n_states": 2,
    "states": {
      "state_0": {
        "occurrence_rate": 0.13870814156483097,
        "total_frames": 874,
        "total_duration_sec": 29.133333333333333,
        "n_bouts": 13,
        "mean_bout_duration_sec": 2.241025641025641,
        "median_bout_duration_sec": 0.1,
        "max_bout_duration_sec": 27.0,
        "feature_profile": {
          "speed_kp0": {
            "mean": 33.50640656456231,
            "std": 46.15586996186578,
            "median": 20.386796341418716
          },
          "speed_kp1": {
            "mean": 32.19467737850867,
            "std": 37.658121096029994,
            "median": 20.766903293428904
          },
          "speed_kp2": {
            "mean": 51.610780276789924,
            "std": 68.33358973725504,
            "median": 29.87346923643652
          },
          "speed_kp3": {
            "mean": 26.99278057423253,
            "std": 31.472571613698246,
            "median": 18.738854242968465
          },
          "speed_kp4": {
            "mean": 187.12983095414955,
            "std": 218.20679979354506,
            "median": 78.02370052213371
          },
          "speed_kp5": {
            "mean": 51.26113127799845,
            "std": 97.87664714166179,
            "median": 31.95174219154061
          },
          "speed_kp6": {
            "mean": 120.86034525628881,
            "std": 216.27234681910986,
            "median": 28.1559971619168
          },
          "speed_kp7": {
            "mean": 1522.5869944139456,
            "std": 1118.0546862437639,
            "median": 1397.0374727155609
          },
          "dist_pair0": {
            "mean": 33.97684495905549,
            "std": 2.4202839152220452,
            "median": 33.57220989304835
          },
          "dist_pair1": {
            "mean": 36.095135493230046,
            "std": 6.439737364935499,
            "median": 36.35690267762055
          },
          "dist_pair2": {
            "mean": 34.71353426066468,
            "std": 5.003704827393661,
            "median": 33.4318693564752
          },
          "dist_pair3": {
            "mean": 65.69270418914329,
            "std": 15.39479453966825,
            "median": 60.923896013698084
          },
          "dist_pair4": {
            "mean": 74.59136064465137,
            "std": 7.366319893493709,
            "median": 74.84177951429945
          },
          "dist_pair5": {
            "mean": 84.39131582063254,
            "std": 11.421915768742528,
            "median": 82.20374639346959
          },
          "dist_pair6": {
            "mean": 135.3990495821177,
            "std": 65.12170538029388,
            "median": 119.64031910494995
          },
          "dist_pair7": {
            "mean": 38.62657299754318,
            "std": 6.769308577554078,
            "median": 39.3600997492044
          },
          "dist_pair8": {
            "mean": 37.12162408403275,
            "std": 2.857796572448761,
            "median": 36.84638711199642
          },
          "dist_pair9": {
            "mean": 70.61274424118699,
            "std": 10.195481011975271,
            "median": 69.38861462502405
          },
          "dist_pair10": {
            "mean": 55.01951558426538,
            "std": 12.097282559359726,
            "median": 55.39479220733803
          },
          "dist_pair11": {
            "mean": 72.30122529747877,
            "std": 15.87697944151941,
            "median": 70.87015774391185
          },
          "dist_pair12": {
            "mean": 123.08667324638783,
            "std": 72.90285421576868,
            "median": 96.43473219249361
          },
          "dist_pair13": {
            "mean": 64.04534385519969,
            "std": 6.281708814744484,
            "median": 64.48394420488228
          },
          "dist_pair14": {
            "mean": 96.68702546432117,
            "std": 12.77086223421667,
            "median": 93.4059827771779
          },
          "dist_pair15": {
            "mean": 91.74335296508534,
            "std": 12.139791959678037,
            "median": 92.80402682062406
          },
          "dist_pair16": {
            "mean": 106.35713779089185,
            "std": 12.48894433289408,
            "median": 103.57869865761916
          },
          "dist_pair17": {
            "mean": 122.89952841591982,
            "std": 59.254837457489394,
            "median": 114.8424645560888
          },
          "dist_pair18": {
            "mean": 38.31184396123105,
            "std": 9.507750251181985,
            "median": 35.51564585523887
          },
          "dist_pair19": {
            "mean": 45.94185020393663,
            "std": 4.128527978023723,
            "median": 45.59416734803266
          },
          "dist_pair20": {
            "mean": 53.51714109604671,
            "std": 8.714240305771646,
            "median": 52.919237578975746
          },
          "dist_pair21": {
            "mean": 142.33026993927103,
            "std": 77.09334493718086,
            "median": 116.23478341609047
          },
          "dist_pair22": {
            "mean": 52.50932281308207,
            "std": 15.286587822692024,
            "median": 60.33810370643591
          },
          "dist_pair23": {
            "mean": 42.437610018690336,
            "std": 18.038957048878434,
            "median": 40.42463603885611
          },
          "dist_pair24": {
            "mean": 158.68879193109467,
            "std": 81.93564301346159,
            "median": 137.3917502758295
          },
          "dist_pair25": {
            "mean": 27.14465138471014,
            "std": 14.444022038522268,
            "median": 21.357896201113213
          },
          "dist_pair26": {
            "mean": 142.54406435759424,
            "std": 95.21481643639433,
            "median": 120.1411169018675
          },
          "dist_pair27": {
            "mean": 151.15343761434022,
            "std": 98.19590630800299,
            "median": 131.83405529475388
          },
          "centroid_speed": {
            "mean": 200.23584480204818,
            "std": 136.68252826586337,
            "median": 176.51887543699667
          },
          "body_orientation": {
            "mean": -1.1785412392710068,
            "std": 0.5961213198949702,
            "median": -1.072635460536455
          },
          "elongation": {
            "mean": 2.5862333319876933,
            "std": 1.3917234943711547,
            "median": 2.066320629109931
          },
          "angular_velocity": {
            "mean": -0.12941202225814546,
            "std": 19.564048517134594,
            "median": -0.0620552379672934
          },
          "movement_entropy": {
            "mean": 0.026486819290289076,
            "std": 0.010624636700309612,
            "median": 0.024139618682122964
          },
          "speed_mean_window": {
            "mean": 251.6078327929124,
            "std": 58.50493247253964,
            "median": 262.6774997369793
          },
          "speed_std_window": {
            "mean": 610.1004677411175,
            "std": 158.93539432636646,
            "median": 641.6533566473438
          },
          "speed_max_window": {
            "mean": 3736.1761868216063,
            "std": 775.1619458487528,
            "median": 3977.3818978932195
          },
          "speed_p90_window": {
            "mean": 716.3463534460448,
            "std": 271.59829076611584,
            "median": 679.9647052587027
          },
          "dist_mean_window": {
            "mean": 79.3265876257366,
            "std": 12.377711715456,
            "median": 76.66169399608343
          },
          "dist_std_window": {
            "mean": 54.19061886915114,
            "std": 17.837110575361617,
            "median": 50.48623670270218
          },
          "angular_vel_mean_window": {
            "mean": 11.152978100146502,
            "std": 4.671047491382199,