state,occurrence_rate,total_duration_sec,n_bouts,mean_bout_duration_sec
state_0,0.13870814156483097,29.133333333333333,13,2.241025641025641
state_1,0.861291858435169,180.9,13,13.915384615384616
