,State_0,State_1
State_0,0.9862542955326461,0.013745704467353952
State_1,0.0023954302561267735,0.9976045697438732
