{
  "behavioral_states": {
    "n_states": 2,
    "states": {
      "state_0": {
        "occurrence_rate": 0.49925788497217066,
        "total_frames": 2691,
        "total_duration_sec": 89.7,
        "n_bouts": 116,
        "mean_bout_duration_sec": 0.7732758620689655,
        "median_bout_duration_sec": 0.2,
        "max_bout_duration_sec": 9.733333333333333,
        "feature_profile": {
          "speed_kp0": {
            "mean": 78.51730739807284,
            "std": 79.30155512858848,
            "median": 52.5480641286646
          },
          "speed_kp1": {
            "mean": 80.13517632871664,
            "std": 81.34338476852591,
            "median": 56.5648922714657
          },
          "speed_kp2": {
            "mean": 112.02921946338657,
            "std": 121.27779681098971,
            "median": 72.70379930407684
          },
          "speed_kp3": {
            "mean": 50.09207028710968,
            "std": 47.649725919666,
            "median": 34.2564656197947
          },
          "speed_kp4": {
            "mean": 48.564497165047406,
            "std": 58.805771670825735,
            "median": 31.503898325607228
          },
          "speed_kp5": {
            "mean": 48.48091590370863,
            "std": 54.81606065810107,
            "median": 30.153716426627806
          },
          "speed_kp6": {
            "mean": 48.74854897054644,
            "std": 63.51450321360837,
            "median": 23.173591149170573
          },
          "speed_kp7": {
            "mean": 618.8878854532085,
            "std": 860.5479845303327,
            "median": 256.8574795937857
          },
          "dist_pair0": {
            "mean": 32.14334710940363,
            "std": 4.204855044391784,
            "median": 31.847742295028674
          },
          "dist_pair1": {
            "mean": 31.25848964511064,
            "std": 10.35686779789823,
            "median": 28.485722404022027
          },
          "dist_pair2": {
            "mean": 36.48891143670121,
            "std": 5.119034144003928,
            "median": 36.41559999763882
          },
          "dist_pair3": {
            "mean": 63.33330993053233,
            "std": 12.233438343192617,
            "median": 63.39114655433095
          },
          "dist_pair4": {
            "mean": 79.97584519265082,
            "std": 7.61913413238037,
            "median": 80.714424866027
          },
          "dist_pair5": {
            "mean": 101.62624958788814,
            "std": 12.788779264809456,
            "median": 102.60616440967749
          },
          "dist_pair6": {
            "mean": 166.24981647859644,
            "std": 44.63859591970729,
            "median": 173.31177170889146
          },
          "dist_pair7": {
            "mean": 30.80537774133321,
            "std": 11.395789625325554,
            "median": 27.541712078021373
          },
          "dist_pair8": {
            "mean": 35.523553970773015,
            "std": 3.5780076756508743,
            "median": 35.05479348503978
          },
          "dist_pair9": {
            "mean": 76.12131892467039,
            "std": 7.312744817746869,
            "median": 76.73596932486048
          },
          "dist_pair10": {
            "mean": 65.18810548214746,
            "std": 11.510489284821174,
            "median": 66.44338090277164
          },
          "dist_pair11": {
            "mean": 102.04462431063673,
            "std": 10.951798897655522,
            "median": 103.51594660261838
          },
          "dist_pair12": {
            "mean": 169.58069172732948,
            "std": 43.182776462312546,
            "median": 172.45330669349863
          },
          "dist_pair13": {
            "mean": 57.93761377684527,
            "std": 10.533441967874548,
            "median": 55.7971249458081
          },
          "dist_pair14": {
            "mean": 91.72750064794292,
            "std": 13.548319576965236,
            "median": 91.82544418526433
          },
          "dist_pair15": {
            "mean": 93.813909691356,
            "std": 13.575690339606037,
            "median": 92.85803555047114
          },
          "dist_pair16": {
            "mean": 124.9274675571351,
            "std": 12.079808749079735,
            "median": 123.63345778343333
          },
          "dist_pair17": {
            "mean": 182.4911512720691,
            "std": 50.371422655789885,
            "median": 186.9718646076202
          },
          "dist_pair18": {
            "mean": 43.1718854649661,
            "std": 5.719782015751858,
            "median": 44.02740095855663
          },
          "dist_pair19": {
            "mean": 45.899720314069455,
            "std": 5.836261166851653,
            "median": 45.162634752356695
          },
          "dist_pair20": {
            "mean": 70.30133883743389,
            "std": 8.978321948266117,
            "median": 71.2607392496308
          },
          "dist_pair21": {
            "mean": 149.6227911754659,
            "std": 37.413650883106854,
            "median": 151.66587162613948
          },
          "dist_pair22": {
            "mean": 63.48933362991537,
            "std": 5.8845276062761815,
            "median": 64.11684140057405
          },
          "dist_pair23": {
            "mean": 48.93248891266862,
            "std": 8.330011165656293,
            "median": 48.93401923104505
          },
          "dist_pair24": {
            "mean": 130.65803422347025,
            "std": 38.67226147755643,
            "median": 130.57203604322635
          },
          "dist_pair25": {
            "mean": 53.0698919390534,
            "std": 8.555637426059892,
            "median": 54.3205006675423
          },
          "dist_pair26": {
            "mean": 139.6192198568791,
            "std": 41.28329921340506,
            "median": 141.62158402598484
          },
          "dist_pair27": {
            "mean": 112.78072603872303,
            "std": 42.73224816959223,
            "median": 109.54499956088152
          },
          "centroid_speed": {
            "mean": 97.26705959686875,
            "std": 105.6817619289152,
            "median": 61.245331825733096
          },
          "body_orientation": {
            "mean": -0.6535918450050121,
            "std": 0.8649303577706381,
            "median": -0.8043051101788853
          },
          "elongation": {
            "mean": 2.4816845323673786,
            "std": 0.7876946694687058,
            "median": 2.361151867320511
          },
          "angular_velocity": {
            "mean": 0.14809924228461913,
            "std": 15.570810630061214,
            "median": 0.006429391881184188
          },
          "movement_entropy": {
            "mean": 0.11276856897385427,
            "std": 0.17303199376215248,
            "median": 0.04644062328533802
          },
          "speed_mean_window": {
            "mean": 139.47991023329624,
            "std": 80.61424734642416,
            "median": 130.0743263499831
          },
          "speed_std_window": {
            "mean": 287.03229436127594,
            "std": 211.80015246774698,
            "median": 221.41970288540668
          },
          "speed_max_window": {
            "mean": 2003.0068745994806,
            "std": 1413.8891691587253,
            "median": 1872.3098520269111
          },
          "speed_p90_window": {
            "mean": 262.4642523519259,
            "std": 171.6611957990301,
            "median": 237.80536723718333
          },
          "dist_mean_window": {
            "mean": 88.55866240727619,
            "std": 9.437873243083066,
            "median": 89.06170756894502
          },
          "dist_std_window": {
            "mean": 51.472021831670965,
            "std": 8.821899878430699,
            "median": 52.50877411739033
          },
          "angular_vel_mean_window": {
            "mean": 5.888146955183794,
            "std": 7.233985514312489,