state,occurrence_rate,total_duration_sec,n_bouts,mean_bout_duration_sec
state_0,0.49925788497217066,89.7,116,0.7732758620689655
state_1,0.5007421150278293,89.96666666666667,116,0.7755747126436782
