,State_0,State_1
State_0,0.9572490706319703,0.04275092936802974
State_1,0.04297888106706187,0.9570211189329382
