{
  "behavioral_states": {
    "n_states": 2,
    "states": {
      "state_0": {
        "occurrence_rate": 0.7351140790205899,
        "total_frames": 3963,
        "total_duration_sec": 132.1,
        "n_bouts": 164,
        "mean_bout_duration_sec": 0.8054878048780487,
        "median_bout_duration_sec": 0.13333333333333333,
        "max_bout_duration_sec": 10.933333333333334,
        "feature_profile": {
          "speed_kp0": {
            "mean": 374.61839136493217,
            "std": 532.5482522207894,
            "median": 144.51282141068765
          },
          "speed_kp1": {
            "mean": 291.9054631642958,
            "std": 424.9386727164268,
            "median": 136.38012924058103
          },
          "speed_kp2": {
            "mean": 730.2267737028551,
            "std": 877.0322960638534,
            "median": 352.8638413769488
          },
          "speed_kp3": {
            "mean": 186.15435822995752,
            "std": 263.8699748580249,
            "median": 89.08181554124921
          },
          "speed_kp4": {
            "mean": 709.9630802694476,
            "std": 711.5481401503033,
            "median": 503.64593692949694
          },
          "speed_kp5": {
            "mean": 834.6515086275499,
            "std": 805.3111207159329,
            "median": 612.9497837712361
          },
          "speed_kp6": {
            "mean": 308.68759770107374,
            "std": 566.8965283330353,
            "median": 97.307676465608
          },
          "speed_kp7": {
            "mean": 1359.4121445507117,
            "std": 1219.620523040767,
            "median": 1037.620571692874
          },
          "dist_pair0": {
            "mean": 60.51206155260978,
            "std": 48.34762483689464,
            "median": 38.837976895587715
          },
          "dist_pair1": {
            "mean": 83.23421966185512,
            "std": 58.78038470480273,
            "median": 62.10521075390417
          },
          "dist_pair2": {
            "mean": 68.85634338897283,
            "std": 40.37521522807518,
            "median": 54.72324804223788
          },
          "dist_pair3": {
            "mean": 104.07738073834479,
            "std": 52.20795795135283,
            "median": 95.08558328316111
          },
          "dist_pair4": {
            "mean": 108.25384972557832,
            "std": 54.15931385281943,
            "median": 99.62250742999719
          },
          "dist_pair5": {
            "mean": 208.83751486679267,
            "std": 43.5278714170153,
            "median": 221.3160910844662
          },
          "dist_pair6": {
            "mean": 150.12403581013166,
            "std": 63.05502105429298,
            "median": 146.10988573446525
          },
          "dist_pair7": {
            "mean": 104.96842748855116,
            "std": 72.57948707220676,
            "median": 87.9109080899885
          },
          "dist_pair8": {
            "mean": 54.66836435263969,
            "std": 23.108183113582708,
            "median": 50.603748370122034
          },
          "dist_pair9": {
            "mean": 103.55644938136946,
            "std": 48.32524712460395,
            "median": 94.80632222669269
          },
          "dist_pair10": {
            "mean": 101.31200392551172,
            "std": 49.02711658806319,
            "median": 91.45268284738549
          },
          "dist_pair11": {
            "mean": 207.6469641112559,
            "std": 46.418464907324655,
            "median": 216.14296256103114
          },
          "dist_pair12": {
            "mean": 144.4382713370933,
            "std": 65.49542680148076,
            "median": 137.95530431046404
          },
          "dist_pair13": {
            "mean": 106.10015199312296,
            "std": 57.39650290282935,
            "median": 91.24971952306194
          },
          "dist_pair14": {
            "mean": 123.44505351677624,
            "std": 66.19142881858345,
            "median": 108.7313595128172
          },
          "dist_pair15": {
            "mean": 130.60842172199193,
            "std": 60.95119139771445,
            "median": 122.51709218537215
          },
          "dist_pair16": {
            "mean": 207.2900192919877,
            "std": 44.469149238776254,
            "median": 221.3754846931693
          },
          "dist_pair17": {
            "mean": 164.20831373786174,
            "std": 67.60090347522248,
            "median": 160.48193215688124
          },
          "dist_pair18": {
            "mean": 74.1681323331341,
            "std": 44.57282665698517,
            "median": 61.406692471915285
          },
          "dist_pair19": {
            "mean": 77.07757210342892,
            "std": 46.210212672256134,
            "median": 63.8144691625215
          },
          "dist_pair20": {
            "mean": 194.4218635046727,
            "std": 42.08685711898499,
            "median": 206.46374652906462
          },
          "dist_pair21": {
            "mean": 129.53045268424785,
            "std": 64.10086023438063,
            "median": 120.55142771137723
          },
          "dist_pair22": {
            "mean": 87.7218680208514,
            "std": 51.4421476992578,
            "median": 81.45189373011335
          },
          "dist_pair23": {
            "mean": 187.80711223096506,
            "std": 52.73855913874892,
            "median": 202.5019819944194
          },
          "dist_pair24": {
            "mean": 127.97208114914321,
            "std": 70.96515121083175,
            "median": 117.25425264694888
          },
          "dist_pair25": {
            "mean": 192.62627607932797,
            "std": 57.43593539693457,
            "median": 205.63640994130404
          },
          "dist_pair26": {
            "mean": 128.04303650338485,
            "std": 68.57548576055497,
            "median": 120.89403888900867
          },
          "dist_pair27": {
            "mean": 163.03043652789867,
            "std": 69.10477197299846,
            "median": 161.0947205938723
          },
          "centroid_speed": {
            "mean": 303.21691636813256,
            "std": 186.94727896674902,
            "median": 269.3192113433724
          },
          "body_orientation": {
            "mean": -0.9347943523180052,
            "std": 1.0092606418251018,
            "median": -1.1134073936588007
          },
          "elongation": {
            "mean": 1.6884782469128623,
            "std": 0.7228332989716808,
            "median": 1.4690632926979699
          },
          "angular_velocity": {
            "mean": -0.022033618377035782,
            "std": 31.82606145772216,
            "median": -0.0027917407191990757
          },
          "movement_entropy": {
            "mean": 0.02712822602512034,
            "std": 0.006530378109281478,
            "median": 0.026179408075863813
          },
          "speed_mean_window": {
            "mean": 600.7769935638348,
            "std": 128.21037242156936,
            "median": 598.5866597788834
          },
          "speed_std_window": {
            "mean": 788.7067854792112,
            "std": 148.77363766359898,
            "median": 798.3640430322909
          },
          "speed_max_window": {
            "mean": 4080.93855963003,
            "std": 897.5974802512465,
            "median": 4062.0797632734566
          },
          "speed_p90_window": {
            "mean": 1715.856449960747,
            "std": 369.95969657921944,
            "median": 1725.4521138334298
          },
          "dist_mean_window": {
            "mean": 129.46620535593237,
            "std": 12.61019030977447,
            "median": 129.46682396293625
          },
          "dist_std_window": {
            "mean": 71.82469878120948,
            "std": 6.602843581745491,
            "median": 72.09119480190269
          },
          "angular_vel_mean_window": {
            "mean": 17.826796098441317,
            "std": 9.078361545699932,