state,occurrence_rate,total_duration_sec,n_bouts,mean_bout_duration_sec
state_0,0.7351140790205899,132.1,164,0.8054878048780487
state_1,0.2648859209794101,47.6,163,0.2920245398773006
