,State_0,State_1
State_0,0.958859162039374,0.041140837960625946
State_1,0.11414565826330532,0.8858543417366946
