{
  "behavioral_states": {
    "n_states": 2,
    "states": {
      "state_0": {
        "occurrence_rate": 0.8357403586732265,
        "total_frames": 5266,
        "total_duration_sec": 175.53333333333333,
        "n_bouts": 33,
        "mean_bout_duration_sec": 5.319191919191919,
        "median_bout_duration_sec": 0.4,
        "max_bout_duration_sec": 41.266666666666666,
        "feature_profile": {
          "speed_kp0": {
            "mean": 25.035846023235447,
            "std": 51.11763964409054,
            "median": 6.899856160797227
          },
          "speed_kp1": {
            "mean": 28.695051926984824,
            "std": 49.55147440911592,
            "median": 9.284682303127543
          },
          "speed_kp2": {
            "mean": 62.57110091168383,
            "std": 125.63072755948255,
            "median": 10.589151842329448
          },
          "speed_kp3": {
            "mean": 15.479998022987688,
            "std": 24.089677223564212,
            "median": 6.092733793532876
          },
          "speed_kp4": {
            "mean": 14.574384261566895,
            "std": 44.916528458719256,
            "median": 5.07457963417154
          },
          "speed_kp5": {
            "mean": 18.941571507539983,
            "std": 47.578577031259066,
            "median": 6.810790692406497
          },
          "speed_kp6": {
            "mean": 16.84476535733782,
            "std": 102.43411473688178,
            "median": 3.344860753059021
          },
          "speed_kp7": {
            "mean": 95.87325896993543,
            "std": 313.34879151563393,
            "median": 4.158032634454143
          },
          "dist_pair0": {
            "mean": 30.866127099664546,
            "std": 4.869285427038142,
            "median": 30.432133172231225
          },
          "dist_pair1": {
            "mean": 28.046011168195868,
            "std": 12.151754708987715,
            "median": 30.38868911178068
          },
          "dist_pair2": {
            "mean": 36.44179096565628,
            "std": 4.015885530927236,
            "median": 35.62220434808195
          },
          "dist_pair3": {
            "mean": 63.91516480562622,
            "std": 7.765521678356312,
            "median": 63.53900473416489
          },
          "dist_pair4": {
            "mean": 72.08115146918828,
            "std": 5.405394837992799,
            "median": 71.61384485591778
          },
          "dist_pair5": {
            "mean": 92.05140285850415,
            "std": 9.46125892941911,
            "median": 90.94081235547557
          },
          "dist_pair6": {
            "mean": 112.5013150170265,
            "std": 24.04937618444227,
            "median": 106.34572779648406
          },
          "dist_pair7": {
            "mean": 31.381920208045276,
            "std": 10.207358743915012,
            "median": 30.8090698060781
          },
          "dist_pair8": {
            "mean": 37.461436616701164,
            "std": 3.2378640383441457,
            "median": 37.22111429234576
          },
          "dist_pair9": {
            "mean": 70.93958511652313,
            "std": 4.987116902530413,
            "median": 71.07751562734873
          },
          "dist_pair10": {
            "mean": 56.97141092008758,
            "std": 7.875979271644942,
            "median": 56.277862002860616
          },
          "dist_pair11": {
            "mean": 89.36421322756884,
            "std": 8.970169050595786,
            "median": 89.49035801029652
          },
          "dist_pair12": {
            "mean": 130.2429889607204,
            "std": 17.168843987201072,
            "median": 130.51834142967257
          },
          "dist_pair13": {
            "mean": 56.408781795364774,
            "std": 9.292630929921158,
            "median": 54.50444113225562
          },
          "dist_pair14": {
            "mean": 87.62860894693448,
            "std": 10.003216890044504,
            "median": 87.38379292670514
          },
          "dist_pair15": {
            "mean": 85.02112784518214,
            "std": 9.983567095886215,
            "median": 83.23127408475344
          },
          "dist_pair16": {
            "mean": 112.50790240065278,
            "std": 11.032217856605067,
            "median": 111.56992572517346
          },
          "dist_pair17": {
            "mean": 132.46879813335227,
            "std": 28.598529765867166,
            "median": 130.35217184095347
          },
          "dist_pair18": {
            "mean": 35.40651216686154,
            "std": 3.4197107208335997,
            "median": 34.962420872993164
          },
          "dist_pair19": {
            "mean": 40.06449283139118,
            "std": 4.457013988106779,
            "median": 40.472557025090204
          },
          "dist_pair20": {
            "mean": 58.39881398216457,
            "std": 7.1474444959454075,
            "median": 57.33534178255521
          },
          "dist_pair21": {
            "mean": 104.09729052756884,
            "std": 12.25430494608792,
            "median": 104.18694862998777
          },
          "dist_pair22": {
            "mean": 49.72982476099816,
            "std": 4.0890227994951935,
            "median": 49.80774234464562
          },
          "dist_pair23": {
            "mean": 35.71295653027382,
            "std": 7.283058295958453,
            "median": 34.39862326271605
          },
          "dist_pair24": {
            "mean": 86.66170708024974,
            "std": 13.918269003603207,
            "median": 88.3084254012137
          },
          "dist_pair25": {
            "mean": 43.63774440260161,
            "std": 7.6653624866035734,
            "median": 42.7350745626201
          },
          "dist_pair26": {
            "mean": 121.62974645198278,
            "std": 21.489460450229306,
            "median": 133.7081357111506
          },
          "dist_pair27": {
            "mean": 99.96015069054708,
            "std": 31.716889834875726,
            "median": 118.86291964395276
          },
          "centroid_speed": {
            "mean": 24.772527575091665,
            "std": 44.90355949627421,
            "median": 6.883274684460686
          },
          "body_orientation": {
            "mean": -0.5043122754361198,
            "std": 0.8709623211069507,
            "median": -0.26290605564697067
          },
          "elongation": {
            "mean": 1.828191084357349,
            "std": 0.8939905427335468,
            "median": 1.2991983146961954
          },
          "angular_velocity": {
            "mean": 0.004483545627244617,
            "std": 11.581832138273818,
            "median": 0.0034782808842478974
          },
          "movement_entropy": {
            "mean": 0.3761535337922029,
            "std": 0.45775764676302255,
            "median": 0.17306414441578477
          },
          "speed_mean_window": {
            "mean": 34.439116029811785,
            "std": 37.12966779493792,
            "median": 22.46062067044592
          },
          "speed_std_window": {
            "mean": 83.6208443917294,
            "std": 96.12147607027998,
            "median": 42.64367498856327
          },
          "speed_max_window": {
            "mean": 634.6871291322367,
            "std": 713.2182028437696,
            "median": 361.04585452238064
          },
          "speed_p90_window": {
            "mean": 62.300697918523475,
            "std": 76.00053886813923,
            "median": 38.863865394800065
          },
          "dist_mean_window": {
            "mean": 71.77484908259831,
            "std": 3.6226636213189005,
            "median": 71.9521305275031
          },
          "dist_std_window": {
            "mean": 34.929214489041286,
            "std": 3.5490491403120132,
            "median": 34.240151794603236
          },
          "angular_vel_mean_window": {
            "mean": 2.7048978176835385,
            "std": 3.812640402190159,