,State_0,State_1
State_0,0.9939221272554606,0.006077872744539411
State_1,0.030917874396135265,0.9690821256038648
