{
  "behavioral_states": {
    "n_states": 2,
    "states": {
      "state_0": {
        "occurrence_rate": 0.4648488221109256,
        "total_frames": 2506,
        "total_duration_sec": 83.53333333333333,
        "n_bouts": 125,
        "mean_bout_duration_sec": 0.6682666666666666,
        "median_bout_duration_sec": 0.2,
        "max_bout_duration_sec": 10.3,
        "feature_profile": {
          "speed_kp0": {
            "mean": 89.43731267672806,
            "std": 82.40931064222401,
            "median": 68.52771532551192
          },
          "speed_kp1": {
            "mean": 91.10763921523198,
            "std": 93.89752362203566,
            "median": 69.34586589760306
          },
          "speed_kp2": {
            "mean": 145.73576567674672,
            "std": 179.63173267893268,
            "median": 105.28606045730439
          },
          "speed_kp3": {
            "mean": 58.751334110078105,
            "std": 49.89375934457129,
            "median": 44.97107765828633
          },
          "speed_kp4": {
            "mean": 54.5447784717708,
            "std": 61.58376885479075,
            "median": 35.90166135375812
          },
          "speed_kp5": {
            "mean": 58.71518061038386,
            "std": 69.37301197251838,
            "median": 37.02020258563908
          },
          "speed_kp6": {
            "mean": 54.126156887229264,
            "std": 64.87778074755188,
            "median": 31.67206770716233
          },
          "speed_kp7": {
            "mean": 680.3165090099126,
            "std": 766.2632645562038,
            "median": 398.65645272492895
          },
          "dist_pair0": {
            "mean": 33.10485450790541,
            "std": 4.624687771266205,
            "median": 32.89786440185395
          },
          "dist_pair1": {
            "mean": 37.32155608342957,
            "std": 11.833212615408192,
            "median": 36.585226006862904
          },
          "dist_pair2": {
            "mean": 30.676237029533645,
            "std": 4.202551695982782,
            "median": 30.146878707046174
          },
          "dist_pair3": {
            "mean": 55.05999566775933,
            "std": 10.042873379175127,
            "median": 54.00665090330312
          },
          "dist_pair4": {
            "mean": 67.85536484731983,
            "std": 7.090035934810301,
            "median": 67.69499600035478
          },
          "dist_pair5": {
            "mean": 87.14381215173718,
            "std": 11.867272709720432,
            "median": 87.15317591695262
          },
          "dist_pair6": {
            "mean": 134.10684988394624,
            "std": 41.40626617892841,
            "median": 137.15082984977903
          },
          "dist_pair7": {
            "mean": 36.44685410725234,
            "std": 12.186192880332975,
            "median": 35.637144796415384
          },
          "dist_pair8": {
            "mean": 31.769647057379164,
            "std": 3.471369947555858,
            "median": 31.57349868737314
          },
          "dist_pair9": {
            "mean": 68.83676077150588,
            "std": 7.52310357174872,
            "median": 70.11603904600227
          },
          "dist_pair10": {
            "mean": 54.94265177014118,
            "std": 11.008425559844403,
            "median": 54.91193028370818
          },
          "dist_pair11": {
            "mean": 86.49070672140641,
            "std": 13.092363696744803,
            "median": 88.12103847128853
          },
          "dist_pair12": {
            "mean": 126.68325309357056,
            "std": 39.73520208415587,
            "median": 127.53188074088904
          },
          "dist_pair13": {
            "mean": 58.062689319003,
            "std": 11.349314123703804,
            "median": 57.53194860663587
          },
          "dist_pair14": {
            "mean": 88.93635490678604,
            "std": 12.92459323021668,
            "median": 89.42216044083662
          },
          "dist_pair15": {
            "mean": 87.93193921301763,
            "std": 13.33898171300364,
            "median": 87.26597361412456
          },
          "dist_pair16": {
            "mean": 114.49262037552354,
            "std": 12.964743015474111,
            "median": 114.90956673311413
          },
          "dist_pair17": {
            "mean": 143.67244418318188,
            "std": 48.218001831402624,
            "median": 145.4757224543362
          },
          "dist_pair18": {
            "mean": 38.3055996668411,
            "std": 5.805381702210982,
            "median": 39.074243009720504
          },
          "dist_pair19": {
            "mean": 38.556308362194585,
            "std": 5.41281830398946,
            "median": 38.272588249767054
          },
          "dist_pair20": {
            "mean": 60.609936609846464,
            "std": 8.803319886144331,
            "median": 61.07854401823623
          },
          "dist_pair21": {
            "mean": 121.41579081440527,
            "std": 34.03508335611322,
            "median": 122.05974955556746
          },
          "dist_pair22": {
            "mean": 51.689658584774705,
            "std": 5.301448051002731,
            "median": 51.8769489588079
          },
          "dist_pair23": {
            "mean": 43.098879387507544,
            "std": 8.696086518790311,
            "median": 44.171177166665416
          },
          "dist_pair24": {
            "mean": 122.88428992046174,
            "std": 38.48034717274221,
            "median": 126.31611974962394
          },
          "dist_pair25": {
            "mean": 40.61498438612629,
            "std": 9.020141005904183,
            "median": 42.07402194412222
          },
          "dist_pair26": {
            "mean": 109.0881030442247,
            "std": 35.19373466668799,
            "median": 108.26329542715395
          },
          "dist_pair27": {
            "mean": 108.86696348647142,
            "std": 37.08503762470035,
            "median": 104.83280406577623
          },
          "centroid_speed": {
            "mean": 111.21945139642382,
            "std": 92.18742085222439,
            "median": 85.57787326328406
          },
          "body_orientation": {
            "mean": -0.6868023339303078,
            "std": 0.7635523950771769,
            "median": -0.7001164429034664
          },
          "elongation": {
            "mean": 2.0753216826968814,
            "std": 0.7539367431060082,
            "median": 1.8739321971190979
          },
          "angular_velocity": {
            "mean": -0.11247249926724347,
            "std": 15.930328299491842,
            "median": 0.00928539836796416
          },
          "movement_entropy": {
            "mean": 0.05431508268426359,
            "std": 0.04553478178371473,
            "median": 0.04116462769991953
          },
          "speed_mean_window": {
            "mean": 159.27469842002608,
            "std": 58.33535014427569,
            "median": 156.5796596441133
          },
          "speed_std_window": {
            "mean": 307.38111156573905,
            "std": 145.3993394852713,
            "median": 295.165895465738
          },
          "speed_max_window": {
            "mean": 2075.617757705546,
            "std": 835.8629740117125,
            "median": 2154.588207290934
          },
          "speed_p90_window": {
            "mean": 294.9594445037934,
            "std": 168.61385670590863,
            "median": 258.9914674413131
          },
          "dist_mean_window": {
            "mean": 76.8705994152926,
            "std": 7.823545639170358,
            "median": 75.64492291627033
          },
          "dist_std_window": {
            "mean": 42.65514377469152,
            "std": 7.765403793990603,
            "median": 40.926006596710536
          },
          "angular_vel_mean_window": {
            "mean": 7.363844973477826,
            "std": 5.996255831775738,