,State_0,State_1
State_0,0.950499001996008,0.04950099800399202
State_1,0.043327556325823226,0.9566724436741768
