{
  "behavioral_states": {
    "n_states": 2,
    "states": {
      "state_0": {
        "occurrence_rate": 0.15404554712090354,
        "total_frames": 832,
        "total_duration_sec": 27.733333333333334,
        "n_bouts": 94,
        "mean_bout_duration_sec": 0.29503546099290784,
        "median_bout_duration_sec": 0.08333333333333333,
        "max_bout_duration_sec": 3.8666666666666667,
        "feature_profile": {
          "speed_kp0": {
            "mean": 85.60332706729069,
            "std": 77.58273628079984,
            "median": 64.1014093087262
          },
          "speed_kp1": {
            "mean": 87.9287940802048,
            "std": 71.11580387401963,
            "median": 69.37830558977967
          },
          "speed_kp2": {
            "mean": 331.1791506990891,
            "std": 733.4194718575947,
            "median": 105.73913245957229
          },
          "speed_kp3": {
            "mean": 68.7875362413476,
            "std": 71.68280781240435,
            "median": 47.37040196491429
          },
          "speed_kp4": {
            "mean": 101.27017460959586,
            "std": 136.41680670742235,
            "median": 45.79137815836944
          },
          "speed_kp5": {
            "mean": 114.4231461483385,
            "std": 175.76091796363303,
            "median": 43.915497358463746
          },
          "speed_kp6": {
            "mean": 108.8266876116438,
            "std": 190.64359107103843,
            "median": 41.04848628510028
          },
          "speed_kp7": {
            "mean": 361.7486066572276,
            "std": 589.1667871026339,
            "median": 34.2303903013334
          },
          "dist_pair0": {
            "mean": 24.432380041061222,
            "std": 5.657492137833318,
            "median": 24.650600712642525
          },
          "dist_pair1": {
            "mean": 39.91367861504034,
            "std": 36.18461113689944,
            "median": 31.487669662108118
          },
          "dist_pair2": {
            "mean": 45.882101676168446,
            "std": 8.375436952882914,
            "median": 44.223926586687426
          },
          "dist_pair3": {
            "mean": 75.57490667207657,
            "std": 13.409427794628872,
            "median": 74.25792140762763
          },
          "dist_pair4": {
            "mean": 83.29881963400236,
            "std": 12.940846523848752,
            "median": 83.16201433195313
          },
          "dist_pair5": {
            "mean": 103.31025816940253,
            "std": 14.51658210890242,
            "median": 103.32946063368664
          },
          "dist_pair6": {
            "mean": 155.69868740588302,
            "std": 36.1519372256689,
            "median": 156.8708436244271
          },
          "dist_pair7": {
            "mean": 38.17027037027776,
            "std": 37.728787881797636,
            "median": 28.692414539226103
          },
          "dist_pair8": {
            "mean": 44.757766562013984,
            "std": 8.605423098693231,
            "median": 43.59632804578738
          },
          "dist_pair9": {
            "mean": 80.61978097603838,
            "std": 11.961101445782434,
            "median": 81.00709976181138
          },
          "dist_pair10": {
            "mean": 77.11809342064748,
            "std": 15.193367026188335,
            "median": 77.8121424403092
          },
          "dist_pair11": {
            "mean": 105.33387086246131,
            "std": 13.585165182580997,
            "median": 105.18545684689974
          },
          "dist_pair12": {
            "mean": 163.575824402019,
            "std": 37.275764575739714,
            "median": 167.0717935891292
          },
          "dist_pair13": {
            "mean": 75.54898738636186,
            "std": 30.108956727859916,
            "median": 70.62663561414143
          },
          "dist_pair14": {
            "mean": 106.80181877045358,
            "std": 28.368704736400645,
            "median": 101.98825539295126
          },
          "dist_pair15": {
            "mean": 107.60506329382272,
            "std": 26.311313181397686,
            "median": 105.06043968710223
          },
          "dist_pair16": {
            "mean": 131.09731172981876,
            "std": 24.905120533499712,
            "median": 129.27986856743186
          },
          "dist_pair17": {
            "mean": 178.30042319649255,
            "std": 46.4524365915912,
            "median": 185.8865125684552
          },
          "dist_pair18": {
            "mean": 39.479498564498485,
            "std": 7.976872153119855,
            "median": 39.50278501729339
          },
          "dist_pair19": {
            "mean": 40.438643299162585,
            "std": 9.751531122857273,
            "median": 39.75194595564707
          },
          "dist_pair20": {
            "mean": 62.995543943175974,
            "std": 11.29957053091796,
            "median": 62.2455162485656
          },
          "dist_pair21": {
            "mean": 133.60223508937122,
            "std": 30.6476780230825,
            "median": 131.60111486751623
          },
          "dist_pair22": {
            "mean": 44.30159868174811,
            "std": 11.455227374195736,
            "median": 46.528694509320864
          },
          "dist_pair23": {
            "mean": 36.769448596172865,
            "std": 12.548624985219156,
            "median": 34.89685044170515
          },
          "dist_pair24": {
            "mean": 109.70729444861928,
            "std": 35.09085243136692,
            "median": 109.01008620162963
          },
          "dist_pair25": {
            "mean": 45.61493742428235,
            "std": 14.029781324955382,
            "median": 46.18843176371293
          },
          "dist_pair26": {
            "mean": 128.97328591564107,
            "std": 34.8425224427552,
            "median": 131.06357071523922
          },
          "dist_pair27": {
            "mean": 102.23629115713624,
            "std": 42.82966363157212,
            "median": 97.44530161395951
          },
          "centroid_speed": {
            "mean": 103.12831397672859,
            "std": 103.53450031102449,
            "median": 68.93955324905568
          },
          "body_orientation": {
            "mean": -0.9955253502276383,
            "std": 0.7636028586718872,
            "median": -1.1009748032249862
          },
          "elongation": {
            "mean": 2.679695471935181,
            "std": 1.1122100530783101,
            "median": 2.421203966205585
          },
          "angular_velocity": {
            "mean": -0.7213617285434519,
            "std": 15.152390580964823,
            "median": -0.0770121702626525
          },
          "movement_entropy": {
            "mean": 0.06463546237785997,
            "std": 0.04643733336127294,
            "median": 0.04472464735945349
          },
          "speed_mean_window": {
            "mean": 155.4028193533513,
            "std": 83.07961421621675,
            "median": 134.35300607054972
          },
          "speed_std_window": {
            "mean": 303.208458596127,
            "std": 200.28272728694907,
            "median": 262.36454229512174
          },
          "speed_max_window": {
            "mean": 2103.7832688122985,
            "std": 1381.6348869005485,
            "median": 1970.8560316309795
          },
          "speed_p90_window": {
            "mean": 343.4621967389597,
            "std": 193.69779880635699,
            "median": 288.2165146022907
          },
          "dist_mean_window": {
            "mean": 81.20030013852039,
            "std": 7.526380722472776,
            "median": 80.96366135057139
          },
          "dist_std_window": {
            "mean": 46.46762356961207,
            "std": 7.957141032157606,
            "median": 45.128851903136976
          },
          "angular_vel_mean_window": {
            "mean": 4.9548446026584845,