state,occurrence_rate,total_duration_sec,n_bouts,mean_bout_duration_sec
state_0,0.15404554712090354,27.733333333333334,94,0.29503546099290784
state_1,0.8459544528790964,152.3,95,1.6031578947368421
