,State_0,State_1
State_0,0.8870192307692307,0.11298076923076923
State_1,0.020577933450087564,0.9794220665499125
