{
  "behavioral_states": {
    "n_states": 2,
    "states": {
      "state_0": {
        "occurrence_rate": 0.49349412884798477,
        "total_frames": 3110,
        "total_duration_sec": 103.66666666666667,
        "n_bouts": 135,
        "mean_bout_duration_sec": 0.7679012345679013,
        "median_bout_duration_sec": 0.3333333333333333,
        "max_bout_duration_sec": 6.5,
        "feature_profile": {
          "speed_kp0": {
            "mean": 115.16617443061291,
            "std": 118.48538668435468,
            "median": 91.21376617612252
          },
          "speed_kp1": {
            "mean": 117.83402589709421,
            "std": 114.85449417656201,
            "median": 93.90257125038048
          },
          "speed_kp2": {
            "mean": 142.19053091010343,
            "std": 129.70378470019173,
            "median": 116.24247100336947
          },
          "speed_kp3": {
            "mean": 95.31243200966483,
            "std": 109.68661257774541,
            "median": 68.98013097316795
          },
          "speed_kp4": {
            "mean": 88.11303499700146,
            "std": 141.69058028896927,
            "median": 44.86748436481564
          },
          "speed_kp5": {
            "mean": 90.92274043751227,
            "std": 123.59824320664147,
            "median": 51.28211282514857
          },
          "speed_kp6": {
            "mean": 89.50865175233973,
            "std": 121.64671136806342,
            "median": 52.44701642862613
          },
          "speed_kp7": {
            "mean": 150.56588663485604,
            "std": 341.9582261329408,
            "median": 34.860687499082815
          },
          "dist_pair0": {
            "mean": 30.641476633501952,
            "std": 4.657806274551743,
            "median": 29.863115782116196
          },
          "dist_pair1": {
            "mean": 34.22030678540276,
            "std": 11.091622019304857,
            "median": 32.19912823413337
          },
          "dist_pair2": {
            "mean": 39.08015597222677,
            "std": 4.748269147661841,
            "median": 38.72988794367124
          },
          "dist_pair3": {
            "mean": 82.72620744233112,
            "std": 13.121787849284589,
            "median": 83.0605753654622
          },
          "dist_pair4": {
            "mean": 91.68306769082331,
            "std": 10.029479958371853,
            "median": 91.49979374878896
          },
          "dist_pair5": {
            "mean": 120.05556292993496,
            "std": 11.57579581273978,
            "median": 120.97971145947176
          },
          "dist_pair6": {
            "mean": 199.38556670068377,
            "std": 36.91820087595442,
            "median": 206.51586546297483
          },
          "dist_pair7": {
            "mean": 32.5236114569218,
            "std": 12.854370269122382,
            "median": 31.731322588888084
          },
          "dist_pair8": {
            "mean": 39.42150736625031,
            "std": 4.326635522740518,
            "median": 38.83210207009586
          },
          "dist_pair9": {
            "mean": 92.32933700013545,
            "std": 9.83169728123299,
            "median": 91.10130012728385
          },
          "dist_pair10": {
            "mean": 81.98672620373534,
            "std": 13.22423048009943,
            "median": 82.16835369435893
          },
          "dist_pair11": {
            "mean": 119.62576117977875,
            "std": 11.719181634289194,
            "median": 120.28255628925255
          },
          "dist_pair12": {
            "mean": 201.1711976770933,
            "std": 37.3385503140755,
            "median": 206.06527474331125
          },
          "dist_pair13": {
            "mean": 64.81725910700165,
            "std": 11.82988495959477,
            "median": 64.19247882423147
          },
          "dist_pair14": {
            "mean": 113.63310686072779,
            "std": 14.810715605012426,
            "median": 113.18291680038863
          },
          "dist_pair15": {
            "mean": 112.14180968460191,
            "std": 14.525105202281996,
            "median": 112.03164838140796
          },
          "dist_pair16": {
            "mean": 146.3905911090042,
            "std": 13.203368800506535,
            "median": 145.5782717163728
          },
          "dist_pair17": {
            "mean": 222.89888905500356,
            "std": 40.278825589584834,
            "median": 228.81074945119636
          },
          "dist_pair18": {
            "mean": 53.959897909414714,
            "std": 7.98465134820665,
            "median": 53.172538673859975
          },
          "dist_pair19": {
            "mean": 53.71954456903816,
            "std": 8.353951603879956,
            "median": 53.664208682961515
          },
          "dist_pair20": {
            "mean": 83.86220283214838,
            "std": 8.444885288600215,
            "median": 84.17664547555091
          },
          "dist_pair21": {
            "mean": 171.18484202788179,
            "std": 32.65542807691357,
            "median": 175.76382279396466
          },
          "dist_pair22": {
            "mean": 56.632560724922094,
            "std": 4.695430363567089,
            "median": 56.773463043108784
          },
          "dist_pair23": {
            "mean": 48.61881509208957,
            "std": 5.431926119563004,
            "median": 48.699008006491155
          },
          "dist_pair24": {
            "mean": 134.8804274409437,
            "std": 34.33489237445606,
            "median": 135.70620268524544
          },
          "dist_pair25": {
            "mean": 47.45266234380217,
            "std": 6.222832042784323,
            "median": 47.31899258916061
          },
          "dist_pair26": {
            "mean": 141.1222700126444,
            "std": 34.298499822131596,
            "median": 151.57803109950922
          },
          "dist_pair27": {
            "mean": 107.3141648592546,
            "std": 29.705927169754016,
            "median": 114.28907980477126
          },
          "centroid_speed": {
            "mean": 80.05398367415171,
            "std": 97.98330152631613,
            "median": 57.99389158629046
          },
          "body_orientation": {
            "mean": -0.7814200836614223,
            "std": 0.9885611223415047,
            "median": -0.814326254521853
          },
          "elongation": {
            "mean": 3.0333266032108366,
            "std": 1.0067899283199429,
            "median": 3.0143283148746276
          },
          "angular_velocity": {
            "mean": -0.051573354063965744,
            "std": 9.222032773202168,
            "median": -0.014902971431757506
          },
          "movement_entropy": {
            "mean": 0.17400168221813783,
            "std": 0.11568254025282657,
            "median": 0.15815171872688732
          },
          "speed_mean_window": {
            "mean": 112.73411296055139,
            "std": 91.91515553033946,
            "median": 101.35900803072036
          },
          "speed_std_window": {
            "mean": 106.91450268391952,
            "std": 92.31424854809649,
            "median": 84.9739234377177
          },
          "speed_max_window": {
            "mean": 744.0941298322788,
            "std": 680.9015376296018,
            "median": 524.3916421876089
          },
          "speed_p90_window": {
            "mean": 218.90393319226126,
            "std": 174.4236707350816,
            "median": 203.41006524830306
          },
          "dist_mean_window": {
            "mean": 94.2979168953112,
            "std": 9.202394960062357,
            "median": 94.57813076076098
          },
          "dist_std_window": {
            "mean": 54.03981039296159,
            "std": 9.795066096259143,
            "median": 55.06856549720699
          },
          "angular_vel_mean_window": {
            "mean": 2.41432335822894,
            "std": 2.8990490784875425,