state,occurrence_rate,total_duration_sec,n_bouts,mean_bout_duration_sec
state_0,0.49349412884798477,103.66666666666667,135,0.7679012345679013
state_1,0.5065058711520153,106.4,135,0.7881481481481482
