,State_0,State_1
State_0,0.9565916398713826,0.04340836012861737
State_1,0.04199310560952679,0.9580068943904732
