{
  "behavioral_states": {
    "n_states": 2,
    "states": {
      "state_0": {
        "occurrence_rate": 0.25170607840025394,
        "total_frames": 1586,
        "total_duration_sec": 52.86666666666667,
        "n_bouts": 143,
        "mean_bout_duration_sec": 0.36969696969696975,
        "median_bout_duration_sec": 0.1,
        "max_bout_duration_sec": 11.7,
        "feature_profile": {
          "speed_kp0": {
            "mean": 70.49275135814193,
            "std": 87.23249365648189,
            "median": 45.07778852751982
          },
          "speed_kp1": {
            "mean": 69.92651387789759,
            "std": 86.71319857817141,
            "median": 43.156145977489246
          },
          "speed_kp2": {
            "mean": 99.21358323514562,
            "std": 112.49945840722093,
            "median": 67.17312933687484
          },
          "speed_kp3": {
            "mean": 49.12107173307821,
            "std": 65.14809528916922,
            "median": 28.820527596159437
          },
          "speed_kp4": {
            "mean": 47.125581611295765,
            "std": 89.84048609514238,
            "median": 22.764975524816066
          },
          "speed_kp5": {
            "mean": 51.423791204578336,
            "std": 83.0392776417819,
            "median": 28.66573837973455
          },
          "speed_kp6": {
            "mean": 38.11704778417366,
            "std": 58.24215184065693,
            "median": 19.98067851878433
          },
          "speed_kp7": {
            "mean": 462.54866594458514,
            "std": 794.7271181335987,
            "median": 47.03109098639442
          },
          "dist_pair0": {
            "mean": 30.855370877807363,
            "std": 4.623101042079313,
            "median": 30.163165499120097
          },
          "dist_pair1": {
            "mean": 32.47583520672128,
            "std": 11.831219265166283,
            "median": 30.502949499866176
          },
          "dist_pair2": {
            "mean": 37.95751595534281,
            "std": 4.874420122776123,
            "median": 37.88263706303475
          },
          "dist_pair3": {
            "mean": 66.30997324953864,
            "std": 21.034004110584863,
            "median": 60.38495854365567
          },
          "dist_pair4": {
            "mean": 83.60371274618224,
            "std": 13.495525312416445,
            "median": 80.77283442076828
          },
          "dist_pair5": {
            "mean": 104.10004634247169,
            "std": 19.325147498137717,
            "median": 99.01984760239353
          },
          "dist_pair6": {
            "mean": 200.98779797739425,
            "std": 37.97983806361885,
            "median": 204.21434410977625
          },
          "dist_pair7": {
            "mean": 32.87538445606146,
            "std": 13.660564152531622,
            "median": 32.23920232510833
          },
          "dist_pair8": {
            "mean": 38.16526212754297,
            "std": 4.4710259838785715,
            "median": 37.641111273431875
          },
          "dist_pair9": {
            "mean": 80.11561756645949,
            "std": 15.327859122459369,
            "median": 76.94920592315498
          },
          "dist_pair10": {
            "mean": 74.02660271155167,
            "std": 16.30487470407074,
            "median": 68.59420995174943
          },
          "dist_pair11": {
            "mean": 107.60061064921986,
            "std": 16.08217234581063,
            "median": 103.9549091010311
          },
          "dist_pair12": {
            "mean": 207.27822463875623,
            "std": 43.550426192529414,
            "median": 206.4701121060056
          },
          "dist_pair13": {
            "mean": 62.19824514899111,
            "std": 12.36819386699765,
            "median": 59.791215067779554
          },
          "dist_pair14": {
            "mean": 94.84998600712258,
            "std": 20.839861648415898,
            "median": 93.27085375681038
          },
          "dist_pair15": {
            "mean": 102.98356849265348,
            "std": 16.942454341564954,
            "median": 98.68714952468157
          },
          "dist_pair16": {
            "mean": 129.44088178788186,
            "std": 17.439939843950228,
            "median": 126.27501991575843
          },
          "dist_pair17": {
            "mean": 219.2487644631815,
            "std": 41.476483763893704,
            "median": 216.04403098981803
          },
          "dist_pair18": {
            "mean": 46.48439071346196,
            "std": 10.530770908826698,
            "median": 43.75679115519012
          },
          "dist_pair19": {
            "mean": 47.52925120202582,
            "std": 11.287579337197299,
            "median": 44.097232857948875
          },
          "dist_pair20": {
            "mean": 72.72395494786522,
            "std": 13.677288995472816,
            "median": 69.73448088064882
          },
          "dist_pair21": {
            "mean": 182.42523132562016,
            "std": 42.741287815367166,
            "median": 181.13388921925142
          },
          "dist_pair22": {
            "mean": 61.315617609100606,
            "std": 5.640709411355107,
            "median": 62.03168874935342
          },
          "dist_pair23": {
            "mean": 48.58735117853228,
            "std": 6.796025370431115,
            "median": 49.39852946888471
          },
          "dist_pair24": {
            "mean": 154.40541136190444,
            "std": 39.4580139182472,
            "median": 157.50098809241857
          },
          "dist_pair25": {
            "mean": 51.08626022948021,
            "std": 7.1662011315989,
            "median": 51.07614413612323
          },
          "dist_pair26": {
            "mean": 164.12531945764235,
            "std": 60.57647714556419,
            "median": 161.79982283398485
          },
          "dist_pair27": {
            "mean": 129.37931001374776,
            "std": 56.068629456623825,
            "median": 116.51940544737641
          },
          "centroid_speed": {
            "mean": 87.11015192857462,
            "std": 100.11680836951989,
            "median": 47.566643196407426
          },
          "body_orientation": {
            "mean": -0.788720800306202,
            "std": 0.89671901328377,
            "median": -0.8248052577866438
          },
          "elongation": {
            "mean": 2.8522779784636474,
            "std": 0.7763353588704827,
            "median": 2.8590345142888207
          },
          "angular_velocity": {
            "mean": 1.141194576360074,
            "std": 10.751571629191124,
            "median": 0.03988831295207031
          },
          "movement_entropy": {
            "mean": 0.13786914990992408,
            "std": 0.11702843671400134,
            "median": 0.10240485118009035
          },
          "speed_mean_window": {
            "mean": 115.05901873735932,
            "std": 84.0819253073965,
            "median": 78.81651930699289
          },
          "speed_std_window": {
            "mean": 240.92312073638283,
            "std": 239.63416037739714,
            "median": 84.88945739897207
          },
          "speed_max_window": {
            "mean": 1557.4324375779279,
            "std": 1461.1356254766556,
            "median": 615.4708157474438
          },
          "speed_p90_window": {
            "mean": 235.86252654782027,
            "std": 215.92223984325443,
            "median": 148.0441494274841
          },
          "dist_mean_window": {
            "mean": 90.61154613046558,
            "std": 8.236342401496143,
            "median": 90.89157307685123
          },
          "dist_std_window": {
            "mean": 55.928236587112764,
            "std": 9.269184157649372,
            "median": 55.680139458701845
          },
          "angular_vel_mean_window": {
            "mean": 4.178571998087441,
            "std": 4.393362455494811,