,State_0,State_1
State_0,0.910410094637224,0.08958990536277603
State_1,0.03011664899257688,0.9698833510074231
