{
  "behavioral_states": {
    "n_states": 2,
    "states": {
      "state_0": {
        "occurrence_rate": 0.9303395747381784,
        "total_frames": 5863,
        "total_duration_sec": 195.43333333333334,
        "n_bouts": 33,
        "mean_bout_duration_sec": 5.922222222222222,
        "median_bout_duration_sec": 0.43333333333333335,
        "max_bout_duration_sec": 33.13333333333333,
        "feature_profile": {
          "speed_kp0": {
            "mean": 23.180336111583745,
            "std": 27.050774142891626,
            "median": 14.267303911082873
          },
          "speed_kp1": {
            "mean": 24.28779209428677,
            "std": 29.48656799920117,
            "median": 14.932261603978562
          },
          "speed_kp2": {
            "mean": 38.50689738248604,
            "std": 60.59213255500801,
            "median": 14.401425109553406
          },
          "speed_kp3": {
            "mean": 18.357689250303682,
            "std": 19.30260092288124,
            "median": 12.014447350341145
          },
          "speed_kp4": {
            "mean": 20.170690206712102,
            "std": 26.68615420889972,
            "median": 13.834100553455677
          },
          "speed_kp5": {
            "mean": 27.0149297312396,
            "std": 32.0556509491162,
            "median": 19.385674543148706
          },
          "speed_kp6": {
            "mean": 29.403467390222666,
            "std": 34.15629118362733,
            "median": 21.090787274827125
          },
          "speed_kp7": {
            "mean": 104.21479000671653,
            "std": 295.09781556964316,
            "median": 31.97642113404293
          },
          "dist_pair0": {
            "mean": 30.010468654698048,
            "std": 2.7715010740703323,
            "median": 30.46696027550092
          },
          "dist_pair1": {
            "mean": 33.322831078750426,
            "std": 7.850233766368673,
            "median": 32.77880889517037
          },
          "dist_pair2": {
            "mean": 22.815405930220955,
            "std": 3.2604921534855733,
            "median": 23.446843798118643
          },
          "dist_pair3": {
            "mean": 37.51845292478296,
            "std": 5.588775112621743,
            "median": 36.42022111128114
          },
          "dist_pair4": {
            "mean": 51.8694032525017,
            "std": 5.49985882840714,
            "median": 51.4975243058524
          },
          "dist_pair5": {
            "mean": 57.4113687215787,
            "std": 7.600947031463418,
            "median": 57.07106098340302
          },
          "dist_pair6": {
            "mean": 65.14832631347159,
            "std": 17.398933620052826,
            "median": 62.64010716426779
          },
          "dist_pair7": {
            "mean": 37.5856286610077,
            "std": 9.975508948425874,
            "median": 36.66792406538536
          },
          "dist_pair8": {
            "mean": 27.944142839640392,
            "std": 2.953627963861007,
            "median": 28.24287732919211
          },
          "dist_pair9": {
            "mean": 62.251531772315225,
            "std": 4.43383045371259,
            "median": 62.337192033060894
          },
          "dist_pair10": {
            "mean": 45.806968513877095,
            "std": 7.6283196836634,
            "median": 44.81250433925055
          },
          "dist_pair11": {
            "mean": 72.61074495195584,
            "std": 8.242932707873308,
            "median": 72.22569270546951
          },
          "dist_pair12": {
            "mean": 84.03000614920282,
            "std": 14.896904483338044,
            "median": 80.81365409553445
          },
          "dist_pair13": {
            "mean": 51.017186701606576,
            "std": 7.61252493144127,
            "median": 51.020496243624606
          },
          "dist_pair14": {
            "mean": 64.65938312635917,
            "std": 8.402756491486361,
            "median": 63.53173404381449
          },
          "dist_pair15": {
            "mean": 76.41171639708439,
            "std": 10.117663240807005,
            "median": 74.53929313886246
          },
          "dist_pair16": {
            "mean": 86.75818160399002,
            "std": 8.222700184565559,
            "median": 86.2753961505401
          },
          "dist_pair17": {
            "mean": 91.71779573450499,
            "std": 14.616655256667627,
            "median": 87.74643920793571
          },
          "dist_pair18": {
            "mean": 39.01715058024262,
            "std": 3.604877836619073,
            "median": 39.43417722186165
          },
          "dist_pair19": {
            "mean": 29.96125791752033,
            "std": 4.210732310662927,
            "median": 29.438921248992926
          },
          "dist_pair20": {
            "mean": 45.70835694555689,
            "std": 6.216375481498993,
            "median": 45.39538407367002
          },
          "dist_pair21": {
            "mean": 58.71243565381249,
            "std": 17.31227084789869,
            "median": 54.73607962991542
          },
          "dist_pair22": {
            "mean": 57.60923483457243,
            "std": 4.251129510999812,
            "median": 57.513361213255415
          },
          "dist_pair23": {
            "mean": 31.221225264215715,
            "std": 4.50217684039343,
            "median": 30.876418081868945
          },
          "dist_pair24": {
            "mean": 33.30208264462657,
            "std": 19.479835251212986,
            "median": 28.092592456848504
          },
          "dist_pair25": {
            "mean": 45.88713217663939,
            "std": 6.786421009028681,
            "median": 46.392211557580325
          },
          "dist_pair26": {
            "mean": 63.50656881219436,
            "std": 14.785363857816488,
            "median": 60.825330553856425
          },
          "dist_pair27": {
            "mean": 20.562863475037506,
            "std": 19.345073143152067,
            "median": 15.347624198562233
          },
          "centroid_speed": {
            "mean": 21.377264018925995,
            "std": 37.36511624353776,
            "median": 11.749733482718463
          },
          "body_orientation": {
            "mean": 0.007215088102844889,
            "std": 0.9058786148566561,
            "median": 0.3417759922816086
          },
          "elongation": {
            "mean": 1.6614811639469758,
            "std": 0.2432993025960897,
            "median": 1.5795298950863164
          },
          "angular_velocity": {
            "mean": -0.03441167770459948,
            "std": 19.39417319554118,
            "median": -0.010064421365065109
          },
          "movement_entropy": {
            "mean": 0.3698358432050741,
            "std": 0.2719200050666401,
            "median": 0.2830240179366327
          },
          "speed_mean_window": {
            "mean": 37.42578181282369,
            "std": 34.534802963586436,
            "median": 27.64836984343886
          },
          "speed_std_window": {
            "mean": 66.51118341111429,
            "std": 101.67081544015721,
            "median": 30.040907677098875
          },
          "speed_max_window": {
            "mean": 519.1994517204007,
            "std": 838.4981386717925,
            "median": 206.889867795805
          },
          "speed_p90_window": {
            "mean": 69.30469130190818,
            "std": 68.0724492159381,
            "median": 53.103969853177695
          },
          "dist_mean_window": {
            "mean": 51.33050583155264,
            "std": 4.908761436356438,
            "median": 50.7963446250379
          },
          "dist_std_window": {
            "mean": 22.184653630434177,
            "std": 5.488253115020784,
            "median": 21.067706945785897
          },
          "angular_vel_mean_window": {
            "mean": 5.308992818590622,
            "std": 7.431170023531764,