state,occurrence_rate,total_duration_sec,n_bouts,mean_bout_duration_sec
state_0,0.9303395747381784,195.43333333333334,33,5.922222222222222
state_1,0.06966042526182165,14.633333333333333,33,0.4434343434343434
