,State_0,State_1
State_0,0.9943714821763602,0.005628517823639775
State_1,0.0730593607305936,0.9269406392694064
