{
  "behavioral_states": {
    "n_states": 2,
    "states": {
      "state_0": {
        "occurrence_rate": 0.2366907809311816,
        "total_frames": 1276,
        "total_duration_sec": 42.53333333333333,
        "n_bouts": 58,
        "mean_bout_duration_sec": 0.7333333333333333,
        "median_bout_duration_sec": 0.1,
        "max_bout_duration_sec": 11.3,
        "feature_profile": {
          "speed_kp0": {
            "mean": 195.51999060240522,
            "std": 399.6875893723411,
            "median": 85.783288106057
          },
          "speed_kp1": {
            "mean": 420.94285923164836,
            "std": 812.940113023599,
            "median": 101.0979693538355
          },
          "speed_kp2": {
            "mean": 216.76737434527968,
            "std": 430.439655602447,
            "median": 96.59609447671389
          },
          "speed_kp3": {
            "mean": 70.22748408476596,
            "std": 73.14305786589618,
            "median": 48.21257856002188
          },
          "speed_kp4": {
            "mean": 81.59121845089622,
            "std": 172.0103723932206,
            "median": 28.591700140293906
          },
          "speed_kp5": {
            "mean": 92.95635013645885,
            "std": 172.4813107488394,
            "median": 30.264960204929082
          },
          "speed_kp6": {
            "mean": 168.22694893194276,
            "std": 491.344468126158,
            "median": 23.39412008933858
          },
          "speed_kp7": {
            "mean": 201.41489660724878,
            "std": 586.8868133748936,
            "median": 11.642766131601995
          },
          "dist_pair0": {
            "mean": 52.89191956877397,
            "std": 46.659224058214605,
            "median": 35.40673465016749
          },
          "dist_pair1": {
            "mean": 48.03606255000284,
            "std": 40.79595266361927,
            "median": 34.18329683729601
          },
          "dist_pair2": {
            "mean": 43.434772451111556,
            "std": 26.159208430721957,
            "median": 38.09060415024851
          },
          "dist_pair3": {
            "mean": 77.77108827862159,
            "std": 31.094682958098193,
            "median": 75.89623600043271
          },
          "dist_pair4": {
            "mean": 91.20026244958633,
            "std": 30.851501154024163,
            "median": 89.99996705509068
          },
          "dist_pair5": {
            "mean": 108.83576272506895,
            "std": 38.71459654905412,
            "median": 105.70598052271612
          },
          "dist_pair6": {
            "mean": 161.6621711083472,
            "std": 54.394504163731405,
            "median": 157.06528529838585
          },
          "dist_pair7": {
            "mean": 49.47690015130517,
            "std": 45.97170813841855,
            "median": 35.10175025608941
          },
          "dist_pair8": {
            "mean": 52.69793146035268,
            "std": 40.459462252030406,
            "median": 42.44432678259318
          },
          "dist_pair9": {
            "mean": 96.98003554474197,
            "std": 36.9047065755601,
            "median": 92.42801644720697
          },
          "dist_pair10": {
            "mean": 88.62444616471151,
            "std": 47.611971336106784,
            "median": 82.26548309197992
          },
          "dist_pair11": {
            "mean": 119.91301091820068,
            "std": 49.1237524788672,
            "median": 119.89457329979375
          },
          "dist_pair12": {
            "mean": 156.9179000780702,
            "std": 61.489579474255535,
            "median": 151.75353372932295
          },
          "dist_pair13": {
            "mean": 66.89064906351422,
            "std": 24.65766478591707,
            "median": 63.920474918875115
          },
          "dist_pair14": {
            "mean": 111.46666152194912,
            "std": 28.838578699059397,
            "median": 111.4352309997131
          },
          "dist_pair15": {
            "mean": 111.09536491981825,
            "std": 32.021762829592575,
            "median": 109.88070411614117
          },
          "dist_pair16": {
            "mean": 138.53672051265954,
            "std": 41.461044330522014,
            "median": 138.52658040390207
          },
          "dist_pair17": {
            "mean": 171.51091123788376,
            "std": 57.65102838745625,
            "median": 170.06652826539857
          },
          "dist_pair18": {
            "mean": 55.92442416720962,
            "std": 12.084690102904771,
            "median": 54.82982587616647
          },
          "dist_pair19": {
            "mean": 56.16617435656391,
            "std": 13.03091782078473,
            "median": 54.324083566576235
          },
          "dist_pair20": {
            "mean": 82.52840637155872,
            "std": 25.853038844543423,
            "median": 77.01257735979439
          },
          "dist_pair21": {
            "mean": 144.3865877243782,
            "std": 38.74148665574323,
            "median": 141.7946854164691
          },
          "dist_pair22": {
            "mean": 63.66963815088843,
            "std": 11.692161216902369,
            "median": 64.1658603282078
          },
          "dist_pair23": {
            "mean": 48.20273715012966,
            "std": 24.059173041383968,
            "median": 44.70085415060604
          },
          "dist_pair24": {
            "mean": 141.46695112891163,
            "std": 51.10393722495558,
            "median": 149.40860588326916
          },
          "dist_pair25": {
            "mean": 58.71076158909156,
            "std": 30.66451479052836,
            "median": 55.85307792933616
          },
          "dist_pair26": {
            "mean": 123.52369180411942,
            "std": 39.054035411959035,
            "median": 118.59688423961785
          },
          "dist_pair27": {
            "mean": 132.3111270318396,
            "std": 54.58040749109689,
            "median": 116.82858165526861
          },
          "centroid_speed": {
            "mean": 122.45336830998434,
            "std": 143.07163052672868,
            "median": 71.16052921483545
          },
          "body_orientation": {
            "mean": -0.24690778137999708,
            "std": 0.7130138023956253,
            "median": -0.11447579127587991
          },
          "elongation": {
            "mean": 2.2901815713565843,
            "std": 1.003913951613194,
            "median": 2.0243277665445047
          },
          "angular_velocity": {
            "mean": -0.13792294504599192,
            "std": 14.71471953603425,
            "median": 0.05043891973602173
          },
          "movement_entropy": {
            "mean": 0.04365605120668862,
            "std": 0.03693882492794012,
            "median": 0.029942969949812652
          },
          "speed_mean_window": {
            "mean": 188.69515572032498,
            "std": 101.90998697453144,
            "median": 159.44063601851656
          },
          "speed_std_window": {
            "mean": 408.1365932941185,
            "std": 215.44734772295985,
            "median": 373.72993297986216
          },
          "speed_max_window": {
            "mean": 2819.7850201941246,
            "std": 1382.039476696297,
            "median": 2983.1656162212794
          },
          "speed_p90_window": {
            "mean": 478.57901041246237,
            "std": 400.26442452340245,
            "median": 315.7995329555948
          },
          "dist_mean_window": {
            "mean": 93.38811080378329,
            "std": 10.888877644758997,
            "median": 91.90432139595546
          },
          "dist_std_window": {
            "mean": 53.34891534568538,
            "std": 11.619530197784638,
            "median": 50.30494055281425
          },
          "angular_vel_mean_window": {
            "mean": 4.979231895436517,
            "std": 5.821526291941819,