,State_0,State_1
State_0,0.9545454545454546,0.045454545454545456
State_1,0.01385512882839086,0.9861448711716091
