{
  "behavioral_states": {
    "n_states": 2,
    "states": {
      "state_0": {
        "occurrence_rate": 0.09901618533798794,
        "total_frames": 624,
        "total_duration_sec": 20.8,
        "n_bouts": 24,
        "mean_bout_duration_sec": 0.8666666666666667,
        "median_bout_duration_sec": 0.5166666666666667,
        "max_bout_duration_sec": 4.666666666666667,
        "feature_profile": {
          "speed_kp0": {
            "mean": 123.06333041956164,
            "std": 202.9764000145395,
            "median": 69.59235571643694
          },
          "speed_kp1": {
            "mean": 128.1111768090552,
            "std": 211.05935194259573,
            "median": 68.33090619481592
          },
          "speed_kp2": {
            "mean": 151.7854674837351,
            "std": 226.50928038506405,
            "median": 87.17226266960657
          },
          "speed_kp3": {
            "mean": 102.06913493221408,
            "std": 188.93555544620597,
            "median": 51.0010270022529
          },
          "speed_kp4": {
            "mean": 82.443957753414,
            "std": 207.26202197239704,
            "median": 26.852706942795066
          },
          "speed_kp5": {
            "mean": 87.90138665316762,
            "std": 212.2523158189131,
            "median": 33.894057946179075
          },
          "speed_kp6": {
            "mean": 92.84860424410931,
            "std": 210.17041083292628,
            "median": 34.28761329157313
          },
          "speed_kp7": {
            "mean": 234.63126609010783,
            "std": 572.8958715385012,
            "median": 28.759473785553645
          },
          "dist_pair0": {
            "mean": 29.577186399722976,
            "std": 5.329627636437434,
            "median": 27.653076593878538
          },
          "dist_pair1": {
            "mean": 37.41168773745736,
            "std": 11.351918081395649,
            "median": 35.33015491847162
          },
          "dist_pair2": {
            "mean": 38.144468577680215,
            "std": 4.023866905802116,
            "median": 38.299071299505655
          },
          "dist_pair3": {
            "mean": 79.12048707960119,
            "std": 13.717386705883907,
            "median": 78.5143824343611
          },
          "dist_pair4": {
            "mean": 88.4009214230187,
            "std": 14.007748905335227,
            "median": 86.11384209141212
          },
          "dist_pair5": {
            "mean": 113.70571037626686,
            "std": 13.072662414671381,
            "median": 113.61042391924036
          },
          "dist_pair6": {
            "mean": 196.92404905544362,
            "std": 48.50246147434575,
            "median": 204.74294614843797
          },
          "dist_pair7": {
            "mean": 36.539658372058206,
            "std": 12.885765700199174,
            "median": 33.98970031333438
          },
          "dist_pair8": {
            "mean": 38.7191228125891,
            "std": 5.184538677186409,
            "median": 39.78026733409787
          },
          "dist_pair9": {
            "mean": 88.92455827920455,
            "std": 12.925244466022136,
            "median": 87.8214256933214
          },
          "dist_pair10": {
            "mean": 80.25084753153179,
            "std": 19.038256068679,
            "median": 77.86758738720391
          },
          "dist_pair11": {
            "mean": 114.7232772999454,
            "std": 15.38738921742276,
            "median": 111.66189376764896
          },
          "dist_pair12": {
            "mean": 195.0994532127003,
            "std": 46.40080765107921,
            "median": 199.0775193793557
          },
          "dist_pair13": {
            "mean": 68.18274521944,
            "std": 12.499518741922095,
            "median": 67.43811262139928
          },
          "dist_pair14": {
            "mean": 113.32905923093378,
            "std": 14.682673533173457,
            "median": 114.49130531344748
          },
          "dist_pair15": {
            "mean": 113.49023281765167,
            "std": 19.74805439031977,
            "median": 117.33384844552606
          },
          "dist_pair16": {
            "mean": 144.38337131851148,
            "std": 15.994702040420641,
            "median": 148.43606886181192
          },
          "dist_pair17": {
            "mean": 221.39047470730722,
            "std": 52.10084005641793,
            "median": 232.70077669415758
          },
          "dist_pair18": {
            "mean": 51.395588016769466,
            "std": 9.329653143292914,
            "median": 50.30572849985997
          },
          "dist_pair19": {
            "mean": 51.94852873541406,
            "std": 11.413724609611693,
            "median": 49.602709690726016
          },
          "dist_pair20": {
            "mean": 78.8894589080389,
            "std": 10.5526692466056,
            "median": 77.78015922067678
          },
          "dist_pair21": {
            "mean": 166.22340454182364,
            "std": 42.097959173011716,
            "median": 166.05940321595847
          },
          "dist_pair22": {
            "mean": 53.315797932268346,
            "std": 6.183202527940797,
            "median": 54.61824608176073
          },
          "dist_pair23": {
            "mean": 43.73509747272313,
            "std": 8.57146241123932,
            "median": 44.06981151779685
          },
          "dist_pair24": {
            "mean": 136.74504484687156,
            "std": 41.12849356919874,
            "median": 137.12151122115966
          },
          "dist_pair25": {
            "mean": 46.12243516307195,
            "std": 8.107530517866925,
            "median": 45.69466901586869
          },
          "dist_pair26": {
            "mean": 129.03138657205608,
            "std": 38.624835685047145,
            "median": 127.10152527167944
          },
          "dist_pair27": {
            "mean": 107.25663747634448,
            "std": 37.62930664188912,
            "median": 98.40139399630719
          },
          "centroid_speed": {
            "mean": 97.16549900796615,
            "std": 174.7450984262035,
            "median": 44.843541383524766
          },
          "body_orientation": {
            "mean": -0.6401644733149687,
            "std": 1.0177662080923182,
            "median": -0.7651823219076845
          },
          "elongation": {
            "mean": 3.4348219039113395,
            "std": 1.1585069637066934,
            "median": 3.421602653963499
          },
          "angular_velocity": {
            "mean": 0.023313404103593036,
            "std": 9.552451205584315,
            "median": 0.045492726740351264
          },
          "movement_entropy": {
            "mean": 0.19308817569282768,
            "std": 0.14455093918268355,
            "median": 0.16387328172864607
          },
          "speed_mean_window": {
            "mean": 120.17252729877738,
            "std": 166.88917893083044,
            "median": 69.82454333659157
          },
          "speed_std_window": {
            "mean": 151.8354904022783,
            "std": 172.71835019574914,
            "median": 72.35019845465311
          },
          "speed_max_window": {
            "mean": 1125.0768247160752,
            "std": 1382.4273944813021,
            "median": 444.7156424979184
          },
          "speed_p90_window": {
            "mean": 216.30130396229035,
            "std": 310.8653984313097,
            "median": 119.66098173265041
          },
          "dist_mean_window": {
            "mean": 90.71981534430498,
            "std": 11.874685160048704,
            "median": 88.33880185529917
          },
          "dist_std_window": {
            "mean": 54.12162355113165,
            "std": 11.202440942486719,
            "median": 53.390825530662
          },
          "angular_vel_mean_window": {
            "mean": 2.293240980573683,
            "std": 2.837207732818707,