state,occurrence_rate,total_duration_sec,n_bouts,mean_bout_duration_sec
state_0,0.09901618533798794,20.8,24,0.8666666666666667
state_1,0.900983814662012,189.26666666666668,25,7.570666666666667
