,State_0,State_1
State_0,0.9615384615384616,0.038461538461538464
State_1,0.004227584992073278,0.9957724150079267
