{
  "behavioral_states": {
    "n_states": 2,
    "states": {
      "state_0": {
        "occurrence_rate": 0.8268528804951595,
        "total_frames": 5210,
        "total_duration_sec": 173.66666666666666,
        "n_bouts": 50,
        "mean_bout_duration_sec": 3.4733333333333336,
        "median_bout_duration_sec": 0.26666666666666666,
        "max_bout_duration_sec": 48.6,
        "feature_profile": {
          "speed_kp0": {
            "mean": 60.04511783207839,
            "std": 112.05943387123868,
            "median": 29.768393125754834
          },
          "speed_kp1": {
            "mean": 70.58388567890758,
            "std": 114.66002290617178,
            "median": 33.47330358074775
          },
          "speed_kp2": {
            "mean": 128.27367967441646,
            "std": 308.1635400384163,
            "median": 45.83157331522176
          },
          "speed_kp3": {
            "mean": 29.08761468885389,
            "std": 73.77497992137593,
            "median": 14.348911266097197
          },
          "speed_kp4": {
            "mean": 74.29779841488077,
            "std": 159.39004961550003,
            "median": 14.570537061690125
          },
          "speed_kp5": {
            "mean": 71.20126337016586,
            "std": 158.54483308348875,
            "median": 14.979340033228802
          },
          "speed_kp6": {
            "mean": 135.19594372990306,
            "std": 356.1997604199447,
            "median": 15.19448218273866
          },
          "speed_kp7": {
            "mean": 227.35074288133302,
            "std": 656.7599908262855,
            "median": 7.495165190067636
          },
          "dist_pair0": {
            "mean": 21.925099639685055,
            "std": 10.982409922688548,
            "median": 25.21547058102241
          },
          "dist_pair1": {
            "mean": 25.57953657244095,
            "std": 20.591115032488702,
            "median": 25.29671466878175
          },
          "dist_pair2": {
            "mean": 41.976265973778006,
            "std": 6.540477165893901,
            "median": 41.960092084105
          },
          "dist_pair3": {
            "mean": 61.76799964858406,
            "std": 12.337024777364611,
            "median": 61.94361613214555
          },
          "dist_pair4": {
            "mean": 65.45434117874719,
            "std": 16.07814775201995,
            "median": 66.94758955537684
          },
          "dist_pair5": {
            "mean": 72.93931142642926,
            "std": 28.51726157289177,
            "median": 78.31980092547772
          },
          "dist_pair6": {
            "mean": 109.81642855355805,
            "std": 36.82003889098203,
            "median": 109.06982219184817
          },
          "dist_pair7": {
            "mean": 19.622066792445807,
            "std": 19.518858052597768,
            "median": 15.087431916194845
          },
          "dist_pair8": {
            "mean": 39.63925269744298,
            "std": 7.05961079122918,
            "median": 38.72555052761926
          },
          "dist_pair9": {
            "mean": 62.12024814356308,
            "std": 13.79478488615876,
            "median": 62.80362921193405
          },
          "dist_pair10": {
            "mean": 60.32849726391212,
            "std": 14.548381016322415,
            "median": 61.23404434861627
          },
          "dist_pair11": {
            "mean": 69.94124678702937,
            "std": 28.995996086675962,
            "median": 74.27840913523474
          },
          "dist_pair12": {
            "mean": 108.83742519163233,
            "std": 40.00930878385789,
            "median": 104.59514995232257
          },
          "dist_pair13": {
            "mean": 50.92021997669585,
            "std": 13.368886274205009,
            "median": 48.57920126861238
          },
          "dist_pair14": {
            "mean": 72.18528417046582,
            "std": 18.99374026046447,
            "median": 72.7012982391241
          },
          "dist_pair15": {
            "mean": 71.83966885345512,
            "std": 17.587320258500387,
            "median": 71.52631154358477
          },
          "dist_pair16": {
            "mean": 80.79344930817919,
            "std": 32.43215660506439,
            "median": 87.2284757004551
          },
          "dist_pair17": {
            "mean": 115.62611734376434,
            "std": 43.4042086620272,
            "median": 112.42437212320351
          },
          "dist_pair18": {
            "mean": 30.50910133270711,
            "std": 6.653662572862658,
            "median": 29.933537756805002
          },
          "dist_pair19": {
            "mean": 34.46978844009594,
            "std": 6.726043598726579,
            "median": 33.9629713352756
          },
          "dist_pair20": {
            "mean": 47.970509393110284,
            "std": 17.42788128980869,
            "median": 45.162193119335825
          },
          "dist_pair21": {
            "mean": 92.14988616059314,
            "std": 35.134188803490666,
            "median": 80.16858318458608
          },
          "dist_pair22": {
            "mean": 43.11414153366498,
            "std": 16.77884356044653,
            "median": 45.44723700565181
          },
          "dist_pair23": {
            "mean": 44.274694612094606,
            "std": 23.34921010665256,
            "median": 41.75873738841817
          },
          "dist_pair24": {
            "mean": 92.4797772710722,
            "std": 34.76932319111194,
            "median": 87.28776352116168
          },
          "dist_pair25": {
            "mean": 40.97904593837939,
            "std": 24.431239716454275,
            "median": 41.99226587500391
          },
          "dist_pair26": {
            "mean": 88.62526246666062,
            "std": 43.64008379135471,
            "median": 81.13231237073641
          },
          "dist_pair27": {
            "mean": 84.35195599419926,
            "std": 47.10133336651115,
            "median": 81.74123061584
          },
          "centroid_speed": {
            "mean": 68.7866566293921,
            "std": 105.58296553975039,
            "median": 33.790457499562876
          },
          "body_orientation": {
            "mean": -0.55609410994819,
            "std": 0.8532083669549654,
            "median": -0.36343581180740314
          },
          "elongation": {
            "mean": 2.3007817429554396,
            "std": 0.9665339270613861,
            "median": 2.0635944393878702
          },
          "angular_velocity": {
            "mean": 0.009721934017520861,
            "std": 10.948779625727216,
            "median": 0.007360224091104012
          },
          "movement_entropy": {
            "mean": 0.15303590702267095,
            "std": 0.30859803719235357,
            "median": 0.07106990197062843
          },
          "speed_mean_window": {
            "mean": 97.32210035181882,
            "std": 92.41924684616887,
            "median": 82.96893169940026
          },
          "speed_std_window": {
            "mean": 218.80527786108814,
            "std": 179.55539597112886,
            "median": 159.47410355595463
          },
          "speed_max_window": {
            "mean": 1554.1071457918408,
            "std": 1247.004711448883,
            "median": 1094.4627768145845
          },
          "speed_p90_window": {
            "mean": 211.99146941170935,
            "std": 211.28697028025596,
            "median": 167.4492643442159
          },
          "dist_mean_window": {
            "mean": 64.31411939485045,
            "std": 10.912742123594406,
            "median": 61.82443401574868
          },
          "dist_std_window": {
            "mean": 38.6680398331195,
            "std": 15.23971494576135,
            "median": 33.85865186945409
          },
          "angular_vel_mean_window": {
            "mean": 2.988711211713839,
            "std": 3.699600192682574,