,State_0,State_1
State_0,0.990593204069879,0.009406795930120945
State_1,0.044912923923006415,0.9550870760769936
