,State_0,State_1,State_2
State_0,0.9533954727030626,0.02929427430093209,0.017310252996005325
State_1,0.0048134777376654635,0.9906137184115523,0.00457280385078219
State_2,0.030927835051546393,0.03505154639175258,0.934020618556701
