{
  "behavioral_states": {
    "n_states": 2,
    "states": {
      "state_0": {
        "occurrence_rate": 0.9022403258655805,
        "total_frames": 4873,
        "total_duration_sec": 162.43333333333334,
        "n_bouts": 6,
        "mean_bout_duration_sec": 27.07222222222222,
        "median_bout_duration_sec": 8.666666666666666,
        "max_bout_duration_sec": 101.46666666666667,
        "feature_profile": {
          "speed_kp0": {
            "mean": 21.2039788940098,
            "std": 33.30508221751366,
            "median": 8.995288679455138
          },
          "speed_kp1": {
            "mean": 23.288948599321422,
            "std": 35.06315297840622,
            "median": 10.710674094309914
          },
          "speed_kp2": {
            "mean": 47.67570462211983,
            "std": 75.81324844893076,
            "median": 18.25904561190075
          },
          "speed_kp3": {
            "mean": 11.122325809540591,
            "std": 12.035320723491193,
            "median": 7.1622366949694545
          },
          "speed_kp4": {
            "mean": 14.326364088019764,
            "std": 17.47310425651026,
            "median": 9.729410173498676
          },
          "speed_kp5": {
            "mean": 20.403810730634056,
            "std": 31.845866422493597,
            "median": 12.669625878113639
          },
          "speed_kp6": {
            "mean": 8.41043987651174,
            "std": 6.6688716102666445,
            "median": 6.796382831511184
          },
          "speed_kp7": {
            "mean": 25.421531304483345,
            "std": 73.38218691010194,
            "median": 16.072767738910475
          },
          "dist_pair0": {
            "mean": 35.559406370471876,
            "std": 3.9468143743392323,
            "median": 35.095813143483994
          },
          "dist_pair1": {
            "mean": 27.285132757259724,
            "std": 5.748204901809175,
            "median": 26.32414649004504
          },
          "dist_pair2": {
            "mean": 29.486755044913874,
            "std": 4.346095935546656,
            "median": 28.31848633712212
          },
          "dist_pair3": {
            "mean": 51.72207219274146,
            "std": 8.835398929984176,
            "median": 50.709595570638754
          },
          "dist_pair4": {
            "mean": 68.74761465753966,
            "std": 5.531450494318307,
            "median": 68.69595374346925
          },
          "dist_pair5": {
            "mean": 84.30751097132209,
            "std": 8.162829307811608,
            "median": 83.74575770506453
          },
          "dist_pair6": {
            "mean": 150.01739383824759,
            "std": 10.082056238303961,
            "median": 150.12791120680632
          },
          "dist_pair7": {
            "mean": 28.526507651356237,
            "std": 9.019508678885936,
            "median": 30.26833432985873
          },
          "dist_pair8": {
            "mean": 37.61443074155349,
            "std": 3.5808905691855903,
            "median": 36.50244368106927
          },
          "dist_pair9": {
            "mean": 77.08017233137586,
            "std": 3.137091320628882,
            "median": 76.97758823374214
          },
          "dist_pair10": {
            "mean": 59.778582588872304,
            "std": 9.164014251839415,
            "median": 59.877856895594064
          },
          "dist_pair11": {
            "mean": 95.85861055106952,
            "std": 8.545326673640506,
            "median": 97.71806744202246
          },
          "dist_pair12": {
            "mean": 155.06091453455736,
            "std": 14.521075118374883,
            "median": 157.76614782245977
          },
          "dist_pair13": {
            "mean": 48.383183623133895,
            "std": 7.046409050580624,
            "median": 48.25671813707938
          },
          "dist_pair14": {
            "mean": 76.55600118982191,
            "std": 10.440162547692596,
            "median": 75.80465977553565
          },
          "dist_pair15": {
            "mean": 81.42921005853441,
            "std": 9.818585837483303,
            "median": 82.09155541818139
          },
          "dist_pair16": {
            "mean": 106.02626575008719,
            "std": 8.850763416626588,
            "median": 105.6456962587802
          },
          "dist_pair17": {
            "mean": 169.01504476268755,
            "std": 13.551967771242136,
            "median": 170.73085364197726
          },
          "dist_pair18": {
            "mean": 42.823481007338465,
            "std": 2.676266441709233,
            "median": 42.84953852327679
          },
          "dist_pair19": {
            "mean": 40.87676729580941,
            "std": 3.4437699969574815,
            "median": 40.929927985364834
          },
          "dist_pair20": {
            "mean": 61.75798240580084,
            "std": 5.292944766393444,
            "median": 62.40417535199565
          },
          "dist_pair21": {
            "mean": 126.5137825197602,
            "std": 7.347591001545789,
            "median": 128.49167230627683
          },
          "dist_pair22": {
            "mean": 67.3596241531902,
            "std": 4.217851532847616,
            "median": 68.22798873473663
          },
          "dist_pair23": {
            "mean": 46.19225287048842,
            "std": 6.664322583506971,
            "median": 45.6542914532544
          },
          "dist_pair24": {
            "mean": 114.96231970087017,
            "std": 10.718213659414458,
            "median": 113.14250328308262
          },
          "dist_pair25": {
            "mean": 54.202051886488356,
            "std": 10.81801890419108,
            "median": 54.801978286992686
          },
          "dist_pair26": {
            "mean": 103.1530824319675,
            "std": 12.163650708012781,
            "median": 103.44474003449795
          },
          "dist_pair27": {
            "mean": 70.65905238704698,
            "std": 6.956300539856586,
            "median": 68.32613407641198
          },
          "centroid_speed": {
            "mean": 11.938222805697954,
            "std": 16.21863575531825,
            "median": 6.708892121199689
          },
          "body_orientation": {
            "mean": 0.23571123740823507,
            "std": 0.3442519285469455,
            "median": 0.260963087193293
          },
          "elongation": {
            "mean": 2.5011275718998824,
            "std": 0.27873179158787675,
            "median": 2.541012936525762
          },
          "angular_velocity": {
            "mean": 0.00028110079251343764,
            "std": 2.106531749030155,
            "median": -0.005506168492674379
          },
          "movement_entropy": {
            "mean": 0.5535342370089388,
            "std": 0.4076607649693111,
            "median": 0.4023296759203432
          },
          "speed_mean_window": {
            "mean": 21.83454004294309,
            "std": 14.289105633134326,
            "median": 17.726860487501877
          },
          "speed_std_window": {
            "mean": 29.72042128491214,
            "std": 31.320855248981886,
            "median": 21.19641298373051
          },
          "speed_max_window": {
            "mean": 211.4686776518165,
            "std": 278.92330864282303,
            "median": 138.36642658177655
          },
          "speed_p90_window": {
            "mean": 46.6956712187277,
            "std": 33.45827986566504,
            "median": 35.73297805296741
          },
          "dist_mean_window": {
            "mean": 75.48731184415274,
            "std": 2.6651209218088265,
            "median": 75.34824270041848
          },
          "dist_std_window": {
            "mean": 39.61495454314837,
            "std": 2.1090256062666874,
            "median": 40.04652265652626
          },
          "angular_vel_mean_window": {
            "mean": 0.34300036519419486,