state,occurrence_rate,total_duration_sec,n_bouts,mean_bout_duration_sec
state_0,0.9022403258655805,162.43333333333334,6,27.07222222222222
state_1,0.09775967413441955,17.6,6,2.933333333333333
