,State_0,State_1
State_0,0.9989737274220033,0.001026272577996716
State_1,0.011363636363636364,0.9886363636363636
