{
  "behavioral_states": {
    "n_states": 2,
    "states": {
      "state_0": {
        "occurrence_rate": 0.5893916913946587,
        "total_frames": 3178,
        "total_duration_sec": 105.93333333333334,
        "n_bouts": 111,
        "mean_bout_duration_sec": 0.9543543543543543,
        "median_bout_duration_sec": 0.3,
        "max_bout_duration_sec": 8.3,
        "feature_profile": {
          "speed_kp0": {
            "mean": 69.17050763118829,
            "std": 64.0349382321482,
            "median": 51.29956139594966
          },
          "speed_kp1": {
            "mean": 72.76368567951407,
            "std": 70.61572722460025,
            "median": 52.410134992824446
          },
          "speed_kp2": {
            "mean": 104.348421104437,
            "std": 107.13491695826654,
            "median": 72.76092151082645
          },
          "speed_kp3": {
            "mean": 42.24775788204417,
            "std": 39.52159909941491,
            "median": 29.13077335367292
          },
          "speed_kp4": {
            "mean": 40.87850070238559,
            "std": 55.18651618214429,
            "median": 25.298349801175124
          },
          "speed_kp5": {
            "mean": 43.30472903957893,
            "std": 60.04590897021484,
            "median": 27.313181418045236
          },
          "speed_kp6": {
            "mean": 30.553785372834753,
            "std": 36.98202818478024,
            "median": 18.180754643543693
          },
          "speed_kp7": {
            "mean": 98.92136493604104,
            "std": 340.43087579949497,
            "median": 13.534597531271025
          },
          "dist_pair0": {
            "mean": 32.68817763209487,
            "std": 5.670320096660419,
            "median": 32.173132689278376
          },
          "dist_pair1": {
            "mean": 33.75335183076301,
            "std": 13.277314417611478,
            "median": 30.05204648565374
          },
          "dist_pair2": {
            "mean": 33.73518622827903,
            "std": 4.669139879899754,
            "median": 32.88972311031168
          },
          "dist_pair3": {
            "mean": 60.138203326562085,
            "std": 12.799086097430363,
            "median": 60.159399033458065
          },
          "dist_pair4": {
            "mean": 73.1966333828256,
            "std": 8.549056134632169,
            "median": 73.87963456056328
          },
          "dist_pair5": {
            "mean": 92.33223584258239,
            "std": 12.954427011385711,
            "median": 94.60288700658225
          },
          "dist_pair6": {
            "mean": 156.01630234839453,
            "std": 39.37237456067771,
            "median": 163.79783131956046
          },
          "dist_pair7": {
            "mean": 31.707991366440293,
            "std": 14.70988719343486,
            "median": 28.41620760554975
          },
          "dist_pair8": {
            "mean": 34.04281235998364,
            "std": 4.337259612233023,
            "median": 33.81166935344859
          },
          "dist_pair9": {
            "mean": 72.70126706952765,
            "std": 8.714297177296036,
            "median": 73.1937024918602
          },
          "dist_pair10": {
            "mean": 59.751569861011426,
            "std": 14.590618314227044,
            "median": 60.176217779564865
          },
          "dist_pair11": {
            "mean": 90.2535002566784,
            "std": 15.917896006057187,
            "median": 91.98729638637084
          },
          "dist_pair12": {
            "mean": 149.54090008381357,
            "std": 43.81820975904326,
            "median": 156.6528680978296
          },
          "dist_pair13": {
            "mean": 56.65044226721761,
            "std": 12.442679749008526,
            "median": 54.61077689142587
          },
          "dist_pair14": {
            "mean": 89.73070218994947,
            "std": 12.95707628288626,
            "median": 87.91236031015006
          },
          "dist_pair15": {
            "mean": 88.47696380221892,
            "std": 14.326773500468539,
            "median": 87.72230858496329
          },
          "dist_pair16": {
            "mean": 114.71653306199708,
            "std": 12.837921944968503,
            "median": 114.57276626962124
          },
          "dist_pair17": {
            "mean": 167.99893616080954,
            "std": 49.08414792420291,
            "median": 174.85544979082027
          },
          "dist_pair18": {
            "mean": 40.903658838417925,
            "std": 6.119069359540738,
            "median": 41.52422641289329
          },
          "dist_pair19": {
            "mean": 41.895414036342984,
            "std": 6.290826103305272,
            "median": 42.04779272573682
          },
          "dist_pair20": {
            "mean": 63.47284056975019,
            "std": 9.13354140150877,
            "median": 63.68886023771843
          },
          "dist_pair21": {
            "mean": 138.80106087876925,
            "std": 33.735706701769715,
            "median": 144.06456046068763
          },
          "dist_pair22": {
            "mean": 55.78513886018111,
            "std": 6.011711157003534,
            "median": 56.2357838518563
          },
          "dist_pair23": {
            "mean": 46.45416143351746,
            "std": 7.925709991203656,
            "median": 47.49863490984851
          },
          "dist_pair24": {
            "mean": 133.52803398789706,
            "std": 32.271675231087436,
            "median": 136.92718015030815
          },
          "dist_pair25": {
            "mean": 41.07002644411139,
            "std": 10.335463899269147,
            "median": 42.363204236791375
          },
          "dist_pair26": {
            "mean": 118.50762969339044,
            "std": 36.9648599301396,
            "median": 121.3767362412085
          },
          "dist_pair27": {
            "mean": 107.84219655705644,
            "std": 26.748185794104163,
            "median": 111.20648855711786
          },
          "centroid_speed": {
            "mean": 41.14985283489348,
            "std": 47.93689347205081,
            "median": 26.97258609245939
          },
          "body_orientation": {
            "mean": -0.8344971005500276,
            "std": 0.7934901154249906,
            "median": -0.9136360840219548
          },
          "elongation": {
            "mean": 2.2430292393976705,
            "std": 0.8221218264508234,
            "median": 2.007925330917757
          },
          "angular_velocity": {
            "mean": -0.08753506147156959,
            "std": 8.175279674227603,
            "median": 0.009775282459630972
          },
          "movement_entropy": {
            "mean": 0.2530283169300418,
            "std": 0.2690935380266063,
            "median": 0.17965685241258672
          },
          "speed_mean_window": {
            "mean": 68.55092546957442,
            "std": 45.21341508292932,
            "median": 60.75570405350224
          },
          "speed_std_window": {
            "mean": 95.23382594356421,
            "std": 100.83788727027195,
            "median": 66.7464696068058
          },
          "speed_max_window": {
            "mean": 725.5867815747965,
            "std": 873.9663723057956,
            "median": 403.5566597405263
          },
          "speed_p90_window": {
            "mean": 140.84732941166294,
            "std": 86.40831140652197,
            "median": 132.88867237321287
          },
          "dist_mean_window": {
            "mean": 81.86631162838142,
            "std": 8.689418379839934,
            "median": 82.65493328396472
          },
          "dist_std_window": {
            "mean": 46.017009501666806,
            "std": 9.418682490065295,
            "median": 46.47912989251883
          },
          "angular_vel_mean_window": {
            "mean": 1.6373919315801462,
            "std": 2.8021932910632255,