state,occurrence_rate,total_duration_sec,n_bouts,mean_bout_duration_sec
state_0,0.5893916913946587,105.93333333333334,111,0.9543543543543543
state_1,0.41060830860534125,73.8,111,0.664864864864865
