,State_0,State_1
State_0,0.9653761410135347,0.034623858986465215
State_1,0.05013550135501355,0.9498644986449865
