{
  "behavioral_states": {
    "n_states": 2,
    "states": {
      "state_0": {
        "occurrence_rate": 0.6238872403560831,
        "total_frames": 3364,
        "total_duration_sec": 112.13333333333334,
        "n_bouts": 50,
        "mean_bout_duration_sec": 2.2426666666666666,
        "median_bout_duration_sec": 0.13333333333333333,
        "max_bout_duration_sec": 28.633333333333333,
        "feature_profile": {
          "speed_kp0": {
            "mean": 29.395576137266165,
            "std": 37.569771485553844,
            "median": 15.097376630322048
          },
          "speed_kp1": {
            "mean": 44.27770641886451,
            "std": 84.99399044180457,
            "median": 19.44937175546359
          },
          "speed_kp2": {
            "mean": 63.157161711872774,
            "std": 120.41831679981448,
            "median": 23.93577664320315
          },
          "speed_kp3": {
            "mean": 19.088156450379817,
            "std": 20.52783609648323,
            "median": 11.525895727312125
          },
          "speed_kp4": {
            "mean": 29.10345604222304,
            "std": 79.05090259084436,
            "median": 12.784737787608648
          },
          "speed_kp5": {
            "mean": 17.014676629502897,
            "std": 26.142325068412653,
            "median": 8.808789392037804
          },
          "speed_kp6": {
            "mean": 27.86319225110549,
            "std": 95.39023634836266,
            "median": 10.645661990829474
          },
          "speed_kp7": {
            "mean": 63.23187925502918,
            "std": 243.6211117141827,
            "median": 5.347360384921356
          },
          "dist_pair0": {
            "mean": 31.731770174043202,
            "std": 5.131673060864075,
            "median": 31.977433347008688
          },
          "dist_pair1": {
            "mean": 30.131662627906607,
            "std": 9.90578908366187,
            "median": 28.18610576757262
          },
          "dist_pair2": {
            "mean": 24.553173244246103,
            "std": 3.19438434289538,
            "median": 24.176616567468848
          },
          "dist_pair3": {
            "mean": 45.360740224650094,
            "std": 8.731831751398293,
            "median": 44.90432764539901
          },
          "dist_pair4": {
            "mean": 58.81075179044878,
            "std": 5.6605258277017665,
            "median": 58.620522480550896
          },
          "dist_pair5": {
            "mean": 68.94152069585927,
            "std": 10.540219879393165,
            "median": 68.89433800398959
          },
          "dist_pair6": {
            "mean": 117.56508743254614,
            "std": 32.45379388694409,
            "median": 117.85606794175594
          },
          "dist_pair7": {
            "mean": 28.300860920352587,
            "std": 11.306642521114814,
            "median": 27.359368597099333
          },
          "dist_pair8": {
            "mean": 26.709276848201032,
            "std": 3.299522474254719,
            "median": 26.56482551822675
          },
          "dist_pair9": {
            "mean": 62.299239969780494,
            "std": 5.920364820692483,
            "median": 62.99707808442173
          },
          "dist_pair10": {
            "mean": 43.23860999499324,
            "std": 8.989485138174457,
            "median": 41.606628791142455
          },
          "dist_pair11": {
            "mean": 72.14703050900383,
            "std": 8.239180894599006,
            "median": 72.53128907244036
          },
          "dist_pair12": {
            "mean": 121.36591060309824,
            "std": 39.50582251145384,
            "median": 134.20315130770155
          },
          "dist_pair13": {
            "mean": 41.689851615133875,
            "std": 7.005107113364444,
            "median": 41.387875738143464
          },
          "dist_pair14": {
            "mean": 70.81037356104328,
            "std": 9.499584500663204,
            "median": 70.46476504029337
          },
          "dist_pair15": {
            "mean": 65.49510646587348,
            "std": 15.998077811194392,
            "median": 66.92465990652545
          },
          "dist_pair16": {
            "mean": 86.64821616951538,
            "std": 14.363017462260819,
            "median": 89.54704167372893
          },
          "dist_pair17": {
            "mean": 122.76902067945217,
            "std": 41.79756763144308,
            "median": 127.5351576148436
          },
          "dist_pair18": {
            "mean": 36.99882523970275,
            "std": 3.934171103603205,
            "median": 36.33171312155078
          },
          "dist_pair19": {
            "mean": 35.3083913837068,
            "std": 4.1722518923525085,
            "median": 35.1454598111195
          },
          "dist_pair20": {
            "mean": 50.473079864993316,
            "std": 6.439140122544679,
            "median": 50.587255919213035
          },
          "dist_pair21": {
            "mean": 115.19771531693966,
            "std": 29.37076408993071,
            "median": 123.24319276821542
          },
          "dist_pair22": {
            "mean": 55.12509795569159,
            "std": 3.6045880506265893,
            "median": 55.53741902720133
          },
          "dist_pair23": {
            "mean": 35.20588999195041,
            "std": 9.678080028042118,
            "median": 35.33935317354563
          },
          "dist_pair24": {
            "mean": 109.51076041650128,
            "std": 31.161476280213574,
            "median": 106.8595159722891
          },
          "dist_pair25": {
            "mean": 43.43305542319536,
            "std": 7.825443766653705,
            "median": 43.93889415088313
          },
          "dist_pair26": {
            "mean": 117.60187479113023,
            "std": 36.797533995920105,
            "median": 121.7201073812321
          },
          "dist_pair27": {
            "mean": 104.56047334610601,
            "std": 30.200207912121424,
            "median": 118.56627095215396
          },
          "centroid_speed": {
            "mean": 23.795231778297183,
            "std": 37.208134657180494,
            "median": 9.908726251810219
          },
          "body_orientation": {
            "mean": -1.0184548078475266,
            "std": 0.9939968683950371,
            "median": -1.5469338764414862
          },
          "elongation": {
            "mean": 1.9823524600804727,
            "std": 0.5238301085823293,
            "median": 1.8478617676648679
          },
          "angular_velocity": {
            "mean": -0.020777186634552188,
            "std": 12.185944551345298,
            "median": 0.003410960376834249
          },
          "movement_entropy": {
            "mean": 0.4407719192302212,
            "std": 0.41808058250755975,
            "median": 0.30630512518349645
          },
          "speed_mean_window": {
            "mean": 39.01627659307013,
            "std": 46.349921706916085,
            "median": 26.0093958784244
          },
          "speed_std_window": {
            "mean": 70.22100964851008,
            "std": 118.18188196969516,
            "median": 34.825211895837306
          },
          "speed_max_window": {
            "mean": 480.7871637403952,
            "std": 736.9895160651114,
            "median": 200.55574277286888
          },
          "speed_p90_window": {
            "mean": 85.19925488711708,
            "std": 125.73544397801156,
            "median": 57.70753230233041
          },
          "dist_mean_window": {
            "mean": 65.90565031528213,
            "std": 8.295509724603233,
            "median": 67.70319193258821
          },
          "dist_std_window": {
            "mean": 37.00278655707611,
            "std": 8.84863229578147,
            "median": 38.728277560141336
          },
          "angular_vel_mean_window": {
            "mean": 2.2079859147932126,