state,occurrence_rate,total_duration_sec,n_bouts,mean_bout_duration_sec
state_0,0.6238872403560831,112.13333333333334,50,2.2426666666666666
state_1,0.37611275964391694,67.6,50,1.352
