,State_0,State_1
State_0,0.9854296758846268,0.014570324115373179
State_1,0.02465483234714004,0.97534516765286
