{
  "behavioral_states": {
    "n_states": 2,
    "states": {
      "state_0": {
        "occurrence_rate": 0.839574738178356,
        "total_frames": 5291,
        "total_duration_sec": 176.36666666666667,
        "n_bouts": 20,
        "mean_bout_duration_sec": 8.818333333333333,
        "median_bout_duration_sec": 0.4,
        "max_bout_duration_sec": 89.0,
        "feature_profile": {
          "speed_kp0": {
            "mean": 101.24374506257384,
            "std": 127.01494998677329,
            "median": 64.02175346191952
          },
          "speed_kp1": {
            "mean": 95.63365744331793,
            "std": 111.86371033431963,
            "median": 62.389268248778244
          },
          "speed_kp2": {
            "mean": 200.80383179794276,
            "std": 412.4908305729209,
            "median": 93.39917902500416
          },
          "speed_kp3": {
            "mean": 61.13291948657747,
            "std": 79.8910404520627,
            "median": 35.05678002940317
          },
          "speed_kp4": {
            "mean": 85.21824235529854,
            "std": 135.05755296220892,
            "median": 33.61527611504281
          },
          "speed_kp5": {
            "mean": 144.07319514534944,
            "std": 215.03381862253988,
            "median": 53.74266015113725
          },
          "speed_kp6": {
            "mean": 83.49559804291042,
            "std": 147.78280363400293,
            "median": 30.49191585333983
          },
          "speed_kp7": {
            "mean": 156.04038008959083,
            "std": 460.6852779699495,
            "median": 5.38096313797616
          },
          "dist_pair0": {
            "mean": 30.36012148067411,
            "std": 9.762152953773096,
            "median": 31.664212298498636
          },
          "dist_pair1": {
            "mean": 30.301822991145414,
            "std": 21.950772588368466,
            "median": 25.723450185999976
          },
          "dist_pair2": {
            "mean": 43.68073126953358,
            "std": 11.061016159445485,
            "median": 43.09136888346774
          },
          "dist_pair3": {
            "mean": 67.01350456429775,
            "std": 20.56946454357471,
            "median": 69.36090270703136
          },
          "dist_pair4": {
            "mean": 75.7346314813088,
            "std": 20.270828022169187,
            "median": 74.60638661891385
          },
          "dist_pair5": {
            "mean": 99.0262352809712,
            "std": 20.838676140270405,
            "median": 102.34448337543569
          },
          "dist_pair6": {
            "mean": 176.77124442801036,
            "std": 43.690976202919465,
            "median": 180.19889153024943
          },
          "dist_pair7": {
            "mean": 30.068431043621153,
            "std": 21.522122556829004,
            "median": 26.93347781579701
          },
          "dist_pair8": {
            "mean": 41.876145898312565,
            "std": 9.640461053146886,
            "median": 41.032840399677504
          },
          "dist_pair9": {
            "mean": 74.62527778482074,
            "std": 15.952367459217536,
            "median": 74.099348637508
          },
          "dist_pair10": {
            "mean": 70.16386258751822,
            "std": 19.040633746175224,
            "median": 68.4718983180646
          },
          "dist_pair11": {
            "mean": 99.29592428081739,
            "std": 20.28912164778011,
            "median": 100.85646295960973
          },
          "dist_pair12": {
            "mean": 180.56187636371,
            "std": 43.09659635011126,
            "median": 189.6198689278446
          },
          "dist_pair13": {
            "mean": 59.689762383930265,
            "std": 19.419505767320622,
            "median": 57.100298252396826
          },
          "dist_pair14": {
            "mean": 86.25820767930212,
            "std": 24.776420844163923,
            "median": 85.39360387285411
          },
          "dist_pair15": {
            "mean": 89.58113429737914,
            "std": 25.27637802126683,
            "median": 86.97844618336728
          },
          "dist_pair16": {
            "mean": 115.42526857427774,
            "std": 24.8703881654257,
            "median": 115.79541021894914
          },
          "dist_pair17": {
            "mean": 188.9258987621568,
            "std": 47.264489027315506,
            "median": 195.23947914088245
          },
          "dist_pair18": {
            "mean": 37.39491373892702,
            "std": 10.34807450032422,
            "median": 36.6189300402732
          },
          "dist_pair19": {
            "mean": 38.540684459916704,
            "std": 11.544172201875622,
            "median": 37.34332316150937
          },
          "dist_pair20": {
            "mean": 61.399247602371155,
            "std": 14.501521742408864,
            "median": 60.96641230807997
          },
          "dist_pair21": {
            "mean": 154.0742849970113,
            "std": 32.6605937370176,
            "median": 160.46744361489482
          },
          "dist_pair22": {
            "mean": 42.752903693837425,
            "std": 13.948262364170422,
            "median": 45.492250946579695
          },
          "dist_pair23": {
            "mean": 42.47389810284862,
            "std": 11.300457570474325,
            "median": 41.4167418955277
          },
          "dist_pair24": {
            "mean": 133.6412269605131,
            "std": 29.914947417901146,
            "median": 140.76663205122458
          },
          "dist_pair25": {
            "mean": 41.86271424629948,
            "std": 20.002186749514237,
            "median": 41.63867499000746
          },
          "dist_pair26": {
            "mean": 141.13962048784046,
            "std": 34.12729245607399,
            "median": 144.0677387764058
          },
          "dist_pair27": {
            "mean": 117.80333526935343,
            "std": 30.078149542212472,
            "median": 117.52531105632949
          },
          "centroid_speed": {
            "mean": 73.10730952771354,
            "std": 81.71698943176777,
            "median": 49.964729092025024
          },
          "body_orientation": {
            "mean": -0.5507275446441616,
            "std": 1.1032090047921155,
            "median": -0.36096399511323307
          },
          "elongation": {
            "mean": 3.09220658941394,
            "std": 1.4411609706875186,
            "median": 2.7867244960024777
          },
          "angular_velocity": {
            "mean": 0.04768937719777109,
            "std": 16.88556579412527,
            "median": 0.013222255662556082
          },
          "movement_entropy": {
            "mean": 0.0991077901039991,
            "std": 0.0964120722074662,
            "median": 0.07442406214497481
          },
          "speed_mean_window": {
            "mean": 114.42486482477388,
            "std": 65.77670356229594,
            "median": 111.70048646682208
          },
          "speed_std_window": {
            "mean": 196.2209758949324,
            "std": 136.1431480100989,
            "median": 162.91049433802212
          },
          "speed_max_window": {
            "mean": 1449.4026568919182,
            "std": 1155.4909520775745,
            "median": 1077.3380648804275
          },
          "speed_p90_window": {
            "mean": 251.21261018173294,
            "std": 154.36460619726444,
            "median": 227.1978150946512
          },
          "dist_mean_window": {
            "mean": 85.17713660360869,
            "std": 8.289124384990833,
            "median": 84.7004081838763
          },
          "dist_std_window": {
            "mean": 53.74144720987844,
            "std": 10.779558952963997,
            "median": 54.90778460963509
          },
          "angular_vel_mean_window": {
            "mean": 4.380764769811664,
            "std": 5.696298105444984,