state,occurrence_rate,total_duration_sec,n_bouts,mean_bout_duration_sec
state_0,0.839574738178356,176.36666666666667,20,8.818333333333333
state_1,0.16042526182164393,33.7,20,1.6849999999999998
