,State_0,State_1
State_0,0.9962199962199962,0.00378000378000378
State_1,0.01881188118811881,0.9811881188118812
