{
  "behavioral_states": {
    "n_states": 2,
    "states": {
      "state_0": {
        "occurrence_rate": 0.7680488707885968,
        "total_frames": 4149,
        "total_duration_sec": 138.3,
        "n_bouts": 56,
        "mean_bout_duration_sec": 2.469642857142857,
        "median_bout_duration_sec": 0.2833333333333333,
        "max_bout_duration_sec": 24.133333333333333,
        "feature_profile": {
          "speed_kp0": {
            "mean": 37.37536193712468,
            "std": 42.86858551296272,
            "median": 18.442866434592617
          },
          "speed_kp1": {
            "mean": 36.57348498358798,
            "std": 43.81864662040163,
            "median": 16.718799129265967
          },
          "speed_kp2": {
            "mean": 71.945491530674,
            "std": 90.19589815714136,
            "median": 31.4285976597882
          },
          "speed_kp3": {
            "mean": 24.45991258042428,
            "std": 25.71691475440569,
            "median": 14.212802472231004
          },
          "speed_kp4": {
            "mean": 27.83810103042568,
            "std": 32.54598285978056,
            "median": 17.693073493255948
          },
          "speed_kp5": {
            "mean": 30.23633996669724,
            "std": 39.148440084302564,
            "median": 17.773192602256877
          },
          "speed_kp6": {
            "mean": 45.22263501515435,
            "std": 89.31870940785409,
            "median": 18.885757727535438
          },
          "speed_kp7": {
            "mean": 312.2050984562204,
            "std": 602.6142719345809,
            "median": 24.926759275338
          },
          "dist_pair0": {
            "mean": 33.16044251016048,
            "std": 3.1873802784215184,
            "median": 33.09697814798715
          },
          "dist_pair1": {
            "mean": 34.326609837556575,
            "std": 10.530925935029222,
            "median": 35.60952115162913
          },
          "dist_pair2": {
            "mean": 33.92992165310035,
            "std": 4.307110630159106,
            "median": 34.23844420442466
          },
          "dist_pair3": {
            "mean": 61.74147708653952,
            "std": 11.700199315994158,
            "median": 62.79606715661933
          },
          "dist_pair4": {
            "mean": 74.48128179129583,
            "std": 8.863856163208073,
            "median": 74.01132703049272
          },
          "dist_pair5": {
            "mean": 91.28122319533472,
            "std": 12.044104299917807,
            "median": 93.36779415703447
          },
          "dist_pair6": {
            "mean": 101.28258957600943,
            "std": 28.709055131419273,
            "median": 97.46827984237669
          },
          "dist_pair7": {
            "mean": 32.94939531534439,
            "std": 12.158068460204063,
            "median": 35.143201348875515
          },
          "dist_pair8": {
            "mean": 35.4581034611146,
            "std": 3.493686778089433,
            "median": 35.723713963359074
          },
          "dist_pair9": {
            "mean": 76.70255529511405,
            "std": 6.734728744460852,
            "median": 76.63189852037857
          },
          "dist_pair10": {
            "mean": 61.27858330362464,
            "std": 9.391403581556839,
            "median": 60.952218503125515
          },
          "dist_pair11": {
            "mean": 91.6333679786402,
            "std": 9.29866727031956,
            "median": 91.88367181803565
          },
          "dist_pair12": {
            "mean": 108.88127761968418,
            "std": 31.55119214012023,
            "median": 102.2737208782674
          },
          "dist_pair13": {
            "mean": 58.03191843201115,
            "std": 11.082228193370831,
            "median": 59.9330325636642
          },
          "dist_pair14": {
            "mean": 91.46063904370835,
            "std": 9.421995640626491,
            "median": 90.83385727814715
          },
          "dist_pair15": {
            "mean": 90.80059455246733,
            "std": 10.722219705998565,
            "median": 91.8630957006463
          },
          "dist_pair16": {
            "mean": 115.5461925454422,
            "std": 9.203938989760646,
            "median": 115.60236027599859
          },
          "dist_pair17": {
            "mean": 105.10379484559894,
            "std": 39.199807248087694,
            "median": 105.1137349758795
          },
          "dist_pair18": {
            "mean": 43.18641065304124,
            "std": 5.6980754672999865,
            "median": 44.227948060197264
          },
          "dist_pair19": {
            "mean": 42.51075188912256,
            "std": 5.611757984523592,
            "median": 42.514009535035
          },
          "dist_pair20": {
            "mean": 61.06818890392141,
            "std": 7.676170780119327,
            "median": 62.720262460890275
          },
          "dist_pair21": {
            "mean": 97.21061643213537,
            "std": 33.63596462286312,
            "median": 103.45905811947958
          },
          "dist_pair22": {
            "mean": 60.83170436876309,
            "std": 3.967794323344954,
            "median": 60.89117389745141
          },
          "dist_pair23": {
            "mean": 44.89857978542065,
            "std": 8.046280279149965,
            "median": 45.76102599436629
          },
          "dist_pair24": {
            "mean": 87.24688221130587,
            "std": 45.539889375255626,
            "median": 89.85079685094662
          },
          "dist_pair25": {
            "mean": 42.835204165656286,
            "std": 8.340411645120888,
            "median": 42.866144068386376
          },
          "dist_pair26": {
            "mean": 104.03097409255082,
            "std": 51.01155805798002,
            "median": 103.89592148082572
          },
          "dist_pair27": {
            "mean": 91.66764045242155,
            "std": 69.51274823649075,
            "median": 97.46819110858046
          },
          "centroid_speed": {
            "mean": 51.85255190980448,
            "std": 73.86059253928879,
            "median": 21.8249065245917
          },
          "body_orientation": {
            "mean": -0.12525219856038428,
            "std": 0.7467451682365619,
            "median": 0.13056157732568216
          },
          "elongation": {
            "mean": 2.1978340870806767,
            "std": 0.46619964077105464,
            "median": 2.2050816090536656
          },
          "angular_velocity": {
            "mean": 0.015074791821169357,
            "std": 15.354441976170886,
            "median": -0.004393821457441064
          },
          "movement_entropy": {
            "mean": 0.1851711690643739,
            "std": 0.24467656398114626,
            "median": 0.0750832662227708
          },
          "speed_mean_window": {
            "mean": 72.99650713012832,
            "std": 58.097162322414526,
            "median": 54.29048730952217
          },
          "speed_std_window": {
            "mean": 168.95768170224787,
            "std": 152.11941522018404,
            "median": 113.13842588283424
          },
          "speed_max_window": {
            "mean": 1265.297521492721,
            "std": 1095.6111551807378,
            "median": 1063.5373819550782
          },
          "speed_p90_window": {
            "mean": 127.36137711831428,
            "std": 122.01274085063659,
            "median": 93.13909236103486
          },
          "dist_mean_window": {
            "mean": 71.29005645720528,
            "std": 7.362543512416489,
            "median": 71.68874267277722
          },
          "dist_std_window": {
            "mean": 35.266742893867914,
            "std": 6.784054032994549,
            "median": 34.50427794552443
          },
          "angular_vel_mean_window": {
            "mean": 4.306872587685796,
            "std": 5.738000025543773,