state,occurrence_rate,total_duration_sec,n_bouts,mean_bout_duration_sec
state_0,0.7680488707885968,138.3,56,2.469642857142857
state_1,0.23195112921140318,41.766666666666666,56,0.7458333333333333
