,State_0,State_1
State_0,0.9867405978784957,0.01325940212150434
State_1,0.0446927374301676,0.9553072625698324
