,State_0,State_1,State_2,State_3
State_0,0.92125,0.029375,0.0425,0.006875
State_1,0.05094991364421416,0.9041450777202072,0.0069084628670120895,0.037996545768566495
State_2,0.028147389969293755,0.009211873080859774,0.9442169907881269,0.01842374616171955
State_3,0.015965166908563134,0.06821480406386067,0.047895500725689405,0.8679245283018868
