{
  "behavioral_states": {
    "n_states": 2,
    "states": {
      "state_0": {
        "occurrence_rate": 0.2986353538559188,
        "total_frames": 1882,
        "total_duration_sec": 62.733333333333334,
        "n_bouts": 80,
        "mean_bout_duration_sec": 0.7841666666666666,
        "median_bout_duration_sec": 0.16666666666666666,
        "max_bout_duration_sec": 25.6,
        "feature_profile": {
          "speed_kp0": {
            "mean": 53.03212207013476,
            "std": 77.0934985125101,
            "median": 26.784490403373987
          },
          "speed_kp1": {
            "mean": 49.490008330501034,
            "std": 68.05235152722567,
            "median": 25.35560775618422
          },
          "speed_kp2": {
            "mean": 80.6410612779203,
            "std": 117.19514238121066,
            "median": 39.47408840300645
          },
          "speed_kp3": {
            "mean": 32.63499125846398,
            "std": 53.43738693020185,
            "median": 16.192324102725397
          },
          "speed_kp4": {
            "mean": 58.15321759328302,
            "std": 146.91613579194868,
            "median": 12.310172081702156
          },
          "speed_kp5": {
            "mean": 66.54498833337647,
            "std": 165.68592231773133,
            "median": 10.997704670516324
          },
          "speed_kp6": {
            "mean": 162.45417539316475,
            "std": 482.6036043340947,
            "median": 5.290716087764249
          },
          "speed_kp7": {
            "mean": 293.94373364609567,
            "std": 686.1738231188758,
            "median": 3.058092982825757
          },
          "dist_pair0": {
            "mean": 32.02661738206741,
            "std": 5.564170226963045,
            "median": 31.956988785270227
          },
          "dist_pair1": {
            "mean": 31.719565017198956,
            "std": 7.644413261369748,
            "median": 31.790573818697688
          },
          "dist_pair2": {
            "mean": 51.76610333613671,
            "std": 5.151356717920029,
            "median": 51.236465220349444
          },
          "dist_pair3": {
            "mean": 77.69199556314317,
            "std": 11.330021831199705,
            "median": 76.28432050160836
          },
          "dist_pair4": {
            "mean": 83.8000871250474,
            "std": 11.743683443062885,
            "median": 83.67801357423299
          },
          "dist_pair5": {
            "mean": 115.54469998860513,
            "std": 18.14849080301044,
            "median": 113.52016304542201
          },
          "dist_pair6": {
            "mean": 160.10305820145828,
            "std": 32.005150382312465,
            "median": 162.77334651149272
          },
          "dist_pair7": {
            "mean": 22.15152416171073,
            "std": 10.887305169078552,
            "median": 20.07313570768119
          },
          "dist_pair8": {
            "mean": 43.14538400537231,
            "std": 5.80976025264989,
            "median": 41.65982678715703
          },
          "dist_pair9": {
            "mean": 76.14745182371539,
            "std": 13.373990662570241,
            "median": 78.15957737646113
          },
          "dist_pair10": {
            "mean": 78.97619221614838,
            "std": 12.48766892847909,
            "median": 81.44555345361377
          },
          "dist_pair11": {
            "mean": 111.14866643975236,
            "std": 27.505408391272013,
            "median": 102.21857132796167
          },
          "dist_pair12": {
            "mean": 139.03006578002064,
            "std": 30.001968457992902,
            "median": 139.0802848151007
          },
          "dist_pair13": {
            "mean": 61.96699590556033,
            "std": 9.799911354328783,
            "median": 60.93594595038647
          },
          "dist_pair14": {
            "mean": 93.34571709306879,
            "std": 17.721656693838494,
            "median": 93.10105029270115
          },
          "dist_pair15": {
            "mean": 97.47711453508643,
            "std": 15.022255553619544,
            "median": 96.78632986865728
          },
          "dist_pair16": {
            "mean": 126.09935259872964,
            "std": 23.645715596696512,
            "median": 122.14184330869139
          },
          "dist_pair17": {
            "mean": 137.28463590706923,
            "std": 35.945586920952245,
            "median": 135.11402719432562
          },
          "dist_pair18": {
            "mean": 38.53183097178552,
            "std": 8.022318415664637,
            "median": 37.7134317012546
          },
          "dist_pair19": {
            "mean": 42.804888977857075,
            "std": 7.697222467590904,
            "median": 42.175956215562934
          },
          "dist_pair20": {
            "mean": 84.45299261935278,
            "std": 41.035314696663484,
            "median": 66.28906485541356
          },
          "dist_pair21": {
            "mean": 155.5557963710916,
            "std": 29.80620822207155,
            "median": 155.7191774451735
          },
          "dist_pair22": {
            "mean": 29.625832510705507,
            "std": 25.379125977437926,
            "median": 13.781316929246355
          },
          "dist_pair23": {
            "mean": 76.43702999794962,
            "std": 45.10622338455672,
            "median": 55.982702962543456
          },
          "dist_pair24": {
            "mean": 178.5952718356244,
            "std": 40.31389078716417,
            "median": 177.703729699567
          },
          "dist_pair25": {
            "mean": 72.68037474563528,
            "std": 52.46947820922474,
            "median": 48.77657422479422
          },
          "dist_pair26": {
            "mean": 180.5743983452781,
            "std": 39.62830695276565,
            "median": 181.53876894617332
          },
          "dist_pair27": {
            "mean": 191.8970682278117,
            "std": 64.861906663072,
            "median": 184.91589589213643
          },
          "centroid_speed": {
            "mean": 76.1033897521986,
            "std": 97.09294907629373,
            "median": 35.17825881853973
          },
          "body_orientation": {
            "mean": -1.6316801275670243,
            "std": 0.941717642389637,
            "median": -2.012214692398015
          },
          "elongation": {
            "mean": 1.9751744747554911,
            "std": 0.6089094805428004,
            "median": 1.806842962017836
          },
          "angular_velocity": {
            "mean": -1.1020856659171971,
            "std": 19.091091833666436,
            "median": -0.006655972465205995
          },
          "movement_entropy": {
            "mean": 0.07064658086043703,
            "std": 0.12112454566950254,
            "median": 0.03337809221590581
          },
          "speed_mean_window": {
            "mean": 93.17254175504279,
            "std": 64.20664266469274,
            "median": 83.57309710764301
          },
          "speed_std_window": {
            "mean": 264.6919616360117,
            "std": 136.14923202170542,
            "median": 252.91054597941172
          },
          "speed_max_window": {
            "mean": 2086.1618626523145,
            "std": 983.1301091073713,
            "median": 2489.049583429767
          },
          "speed_p90_window": {
            "mean": 144.81974789655553,
            "std": 148.9655596361865,
            "median": 95.0204135776067
          },
          "dist_mean_window": {
            "mean": 91.73160028617009,
            "std": 11.274716366134788,
            "median": 89.32179580536044
          },
          "dist_std_window": {
            "mean": 54.14801293568248,
            "std": 10.688148678593429,
            "median": 50.49145640543958
          },
          "angular_vel_mean_window": {
            "mean": 5.471878176696053,
            "std": 5.304797660641949,