,State_0,State_1
State_0,0.9580010632642212,0.04199893673577884
State_1,0.017873303167420813,0.9821266968325791
