,State_0,State_1,State_2,State_3,State_4,State_5,State_6,State_7
State_0,0.9030927835051547,0.012371134020618556,0.020618556701030927,0.006185567010309278,0.020618556701030927,0.002061855670103093,0.030927835051546393,0.004123711340206186
State_1,0.0033594624860022394,0.9227323628219485,0.05039193729003359,0.0011198208286674132,0.0022396416573348264,0.004479283314669653,0.010078387458006719,0.005599104143337066
State_2,0.02336448598130841,0.0911214953271028,0.6542056074766355,0.004672897196261682,0.02336448598130841,0.018691588785046728,0.007009345794392523,0.17757009345794392
State_3,0.003563791874554526,0.0014255167498218105,0.0021382751247327157,0.985032074126871,0.002851033499643621,0.002851033499643621,0.0021382751247327157,0.0
State_4,0.011144883485309016,0.0010131712259371835,0.00911854103343465,0.005065856129685917,0.9716312056737588,0.0,0.0,0.002026342451874367
State_5,0.0,0.012422360248447204,0.018633540372670808,0.009316770186335404,0.0,0.9099378881987578,0.031055900621118012,0.018633540372670808
State_6,0.04678362573099415,0.023391812865497075,0.005847953216374269,0.02046783625730994,0.0,0.023391812865497075,0.8742690058479532,0.005847953216374269
State_7,0.003766478342749529,0.015065913370998116,0.1374764595103578,0.0,0.003766478342749529,0.009416195856873822,0.005649717514124294,0.8248587570621468
